-44,-37,vWr6CIX3UTjEh0WoKe/4GDhrzME=,pyjMHhM0pLjpDgsQRKPCYOrMze0=
-45,-37,dbkaDKswGPX9iZoGJvwIlr1tZwU=,pyjMHhM0pLjpDgsQRKPCYOrMze0=
-46,-37,68HVHA9xbMwPFOUTe5y96ZnQt7o=,pyjMHhM0pLjpDgsQRKPCYOrMze0=
-47,-37,68HVHA9xbMwPFOUTe5y96ZnQt7o=,pyjMHhM0pLjpDgsQRKPCYOrMze0=
-42,-38,2DvrVrVKM1tVcnVXPINw1OVBn9g=,pyjMHhM0pLjpDgsQRKPCYOrMze0=
-43,-38,COpRR0Hi+joQBQfL0lp8LqJCDqk=,pyjMHhM0pLjpDgsQRKPCYOrMze0=
-44,-38,COpRR0Hi+joQBQfL0lp8LqJCDqk=,pyjMHhM0pLjpDgsQRKPCYOrMze0=
-45,-38,COpRR0Hi+joQBQfL0lp8LqJCDqk=,pyjMHhM0pLjpDgsQRKPCYOrMze0=
-46,-38,COpRR0Hi+joQBQfL0lp8LqJCDqk=,pyjMHhM0pLjpDgsQRKPCYOrMze0=
-42,-39,2ArxqtXnb9ce5dD4URhc3x8lAuo=,pyjMHhM0pLjpDgsQRKPCYOrMze0=
-47,-38,2ArxqtXnb9ce5dD4URhc3x8lAuo=,pyjMHhM0pLjpDgsQRKPCYOrMze0=
-43,-39,2ArxqtXnb9ce5dD4URhc3x8lAuo=,pyjMHhM0pLjpDgsQRKPCYOrMze0=
-44,-39,2ArxqtXnb9ce5dD4URhc3x8lAuo=,pyjMHhM0pLjpDgsQRKPCYOrMze0=
-45,-39,2ArxqtXnb9ce5dD4URhc3x8lAuo=,pyjMHhM0pLjpDgsQRKPCYOrMze0=
-47,-39,2ArxqtXnb9ce5dD4URhc3x8lAuo=,pyjMHhM0pLjpDgsQRKPCYOrMze0=
-42,-34,2ArxqtXnb9ce5dD4URhc3x8lAuo=,pyjMHhM0pLjpDgsQRKPCYOrMze0=
-46,-39,2ArxqtXnb9ce5dD4URhc3x8lAuo=,pyjMHhM0pLjpDgsQRKPCYOrMze0=
-43,-34,2ArxqtXnb9ce5dD4URhc3x8lAuo=,pyjMHhM0pLjpDgsQRKPCYOrMze0=
-44,-34,2ArxqtXnb9ce5dD4URhc3x8lAuo=,pyjMHhM0pLjpDgsQRKPCYOrMze0=
-45,-34,2ArxqtXnb9ce5dD4URhc3x8lAuo=,pyjMHhM0pLjpDgsQRKPCYOrMze0=
-46,-34,2ArxqtXnb9ce5dD4URhc3x8lAuo=,pyjMHhM0pLjpDgsQRKPCYOrMze0=
-47,-34,2ArxqtXnb9ce5dD4URhc3x8lAuo=,pyjMHhM0pLjpDgsQRKPCYOrMze0=
-42,-35,2ArxqtXnb9ce5dD4URhc3x8lAuo=,pyjMHhM0pLjpDgsQRKPCYOrMze0=
-43,-35,2ArxqtXnb9ce5dD4URhc3x8lAuo=,pyjMHhM0pLjpDgsQRKPCYOrMze0=
-44,-35,2ArxqtXnb9ce5dD4URhc3x8lAuo=,pyjMHhM0pLjpDgsQRKPCYOrMze0=
-45,-35,2ArxqtXnb9ce5dD4URhc3x8lAuo=,pyjMHhM0pLjpDgsQRKPCYOrMze0=
-46,-35,2ArxqtXnb9ce5dD4URhc3x8lAuo=,pyjMHhM0pLjpDgsQRKPCYOrMze0=
-47,-35,2ArxqtXnb9ce5dD4URhc3x8lAuo=,pyjMHhM0pLjpDgsQRKPCYOrMze0=
-42,-36,2ArxqtXnb9ce5dD4URhc3x8lAuo=,pyjMHhM0pLjpDgsQRKPCYOrMze0=
-43,-36,2ArxqtXnb9ce5dD4URhc3x8lAuo=,pyjMHhM0pLjpDgsQRKPCYOrMze0=
-44,-36,2ArxqtXnb9ce5dD4URhc3x8lAuo=,pyjMHhM0pLjpDgsQRKPCYOrMze0=
-45,-36,2ArxqtXnb9ce5dD4URhc3x8lAuo=,pyjMHhM0pLjpDgsQRKPCYOrMze0=
-46,-36,2ArxqtXnb9ce5dD4URhc3x8lAuo=,pyjMHhM0pLjpDgsQRKPCYOrMze0=
-47,-36,2ArxqtXnb9ce5dD4URhc3x8lAuo=,pyjMHhM0pLjpDgsQRKPCYOrMze0=
-42,-37,2ArxqtXnb9ce5dD4URhc3x8lAuo=,pyjMHhM0pLjpDgsQRKPCYOrMze0=
-43,-37,2ArxqtXnb9ce5dD4URhc3x8lAuo=,pyjMHhM0pLjpDgsQRKPCYOrMze0=
-47,-33,2ArxqtXnb9ce5dD4URhc3x8lAuo=,pyjMHhM0pLjpDgsQRKPCYOrMze0=
-46,-33,2ArxqtXnb9ce5dD4URhc3x8lAuo=,pyjMHhM0pLjpDgsQRKPCYOrMze0=
-45,-33,2ArxqtXnb9ce5dD4URhc3x8lAuo=,pyjMHhM0pLjpDgsQRKPCYOrMze0=
-44,-33,2ArxqtXnb9ce5dD4URhc3x8lAuo=,pyjMHhM0pLjpDgsQRKPCYOrMze0=
-43,-33,2ArxqtXnb9ce5dD4URhc3x8lAuo=,pyjMHhM0pLjpDgsQRKPCYOrMze0=
-48,-36,2ArxqtXnb9ce5dD4URhc3x8lAuo=,pyjMHhM0pLjpDgsQRKPCYOrMze0=
-42,-33,2ArxqtXnb9ce5dD4URhc3x8lAuo=,pyjMHhM0pLjpDgsQRKPCYOrMze0=
-48,-35,2ArxqtXnb9ce5dD4URhc3x8lAuo=,pyjMHhM0pLjpDgsQRKPCYOrMze0=
-48,-34,2ArxqtXnb9ce5dD4URhc3x8lAuo=,pyjMHhM0pLjpDgsQRKPCYOrMze0=
-48,-39,2ArxqtXnb9ce5dD4URhc3x8lAuo=,pyjMHhM0pLjpDgsQRKPCYOrMze0=
-48,-38,2ArxqtXnb9ce5dD4URhc3x8lAuo=,pyjMHhM0pLjpDgsQRKPCYOrMze0=
-48,-37,2ArxqtXnb9ce5dD4URhc3x8lAuo=,pyjMHhM0pLjpDgsQRKPCYOrMze0=
-48,-33,2ArxqtXnb9ce5dD4URhc3x8lAuo=,pyjMHhM0pLjpDgsQRKPCYOrMze0=
-36,-45,2ArxqtXnb9ce5dD4URhc3x8lAuo=,mzR3GXEnbpAvIGJlnqON+bWNx2U=
-35,-45,2ArxqtXnb9ce5dD4URhc3x8lAuo=,mzR3GXEnbpAvIGJlnqON+bWNx2U=
-34,-45,2ArxqtXnb9ce5dD4URhc3x8lAuo=,mzR3GXEnbpAvIGJlnqON+bWNx2U=
-33,-45,2ArxqtXnb9ce5dD4URhc3x8lAuo=,mzR3GXEnbpAvIGJlnqON+bWNx2U=
-39,-44,2ArxqtXnb9ce5dD4URhc3x8lAuo=,mzR3GXEnbpAvIGJlnqON+bWNx2U=
-38,-44,2ArxqtXnb9ce5dD4URhc3x8lAuo=,mzR3GXEnbpAvIGJlnqON+bWNx2U=
-37,-44,2ArxqtXnb9ce5dD4URhc3x8lAuo=,mzR3GXEnbpAvIGJlnqON+bWNx2U=
-39,-48,2ArxqtXnb9ce5dD4URhc3x8lAuo=,mzR3GXEnbpAvIGJlnqON+bWNx2U=
-38,-48,2ArxqtXnb9ce5dD4URhc3x8lAuo=,mzR3GXEnbpAvIGJlnqON+bWNx2U=
-37,-48,2ArxqtXnb9ce5dD4URhc3x8lAuo=,mzR3GXEnbpAvIGJlnqON+bWNx2U=
-36,-44,2ArxqtXnb9ce5dD4URhc3x8lAuo=,mzR3GXEnbpAvIGJlnqON+bWNx2U=
-35,-44,2ArxqtXnb9ce5dD4URhc3x8lAuo=,mzR3GXEnbpAvIGJlnqON+bWNx2U=
-36,-48,2ArxqtXnb9ce5dD4URhc3x8lAuo=,mzR3GXEnbpAvIGJlnqON+bWNx2U=
-35,-48,2ArxqtXnb9ce5dD4URhc3x8lAuo=,mzR3GXEnbpAvIGJlnqON+bWNx2U=
-34,-48,2ArxqtXnb9ce5dD4URhc3x8lAuo=,mzR3GXEnbpAvIGJlnqON+bWNx2U=
-34,-44,2ArxqtXnb9ce5dD4URhc3x8lAuo=,mzR3GXEnbpAvIGJlnqON+bWNx2U=
-33,-44,2ArxqtXnb9ce5dD4URhc3x8lAuo=,mzR3GXEnbpAvIGJlnqON+bWNx2U=
-39,-43,2ArxqtXnb9ce5dD4URhc3x8lAuo=,mzR3GXEnbpAvIGJlnqON+bWNx2U=
-33,-48,2ArxqtXnb9ce5dD4URhc3x8lAuo=,mzR3GXEnbpAvIGJlnqON+bWNx2U=
-38,-43,2ArxqtXnb9ce5dD4URhc3x8lAuo=,mzR3GXEnbpAvIGJlnqON+bWNx2U=
-37,-43,2ArxqtXnb9ce5dD4URhc3x8lAuo=,mzR3GXEnbpAvIGJlnqON+bWNx2U=
-36,-43,2ArxqtXnb9ce5dD4URhc3x8lAuo=,mzR3GXEnbpAvIGJlnqON+bWNx2U=
-39,-47,2ArxqtXnb9ce5dD4URhc3x8lAuo=,mzR3GXEnbpAvIGJlnqON+bWNx2U=
-38,-47,2ArxqtXnb9ce5dD4URhc3x8lAuo=,mzR3GXEnbpAvIGJlnqON+bWNx2U=
-37,-47,2ArxqtXnb9ce5dD4URhc3x8lAuo=,mzR3GXEnbpAvIGJlnqON+bWNx2U=
-35,-43,2ArxqtXnb9ce5dD4URhc3x8lAuo=,mzR3GXEnbpAvIGJlnqON+bWNx2U=
-34,-43,2ArxqtXnb9ce5dD4URhc3x8lAuo=,mzR3GXEnbpAvIGJlnqON+bWNx2U=
-36,-47,2ArxqtXnb9ce5dD4URhc3x8lAuo=,mzR3GXEnbpAvIGJlnqON+bWNx2U=
-35,-47,2ArxqtXnb9ce5dD4URhc3x8lAuo=,mzR3GXEnbpAvIGJlnqON+bWNx2U=
-34,-47,2ArxqtXnb9ce5dD4URhc3x8lAuo=,mzR3GXEnbpAvIGJlnqON+bWNx2U=
-33,-47,2ArxqtXnb9ce5dD4URhc3x8lAuo=,mzR3GXEnbpAvIGJlnqON+bWNx2U=
-37,-45,2ArxqtXnb9ce5dD4URhc3x8lAuo=,mzR3GXEnbpAvIGJlnqON+bWNx2U=
-39,-46,2ArxqtXnb9ce5dD4URhc3x8lAuo=,mzR3GXEnbpAvIGJlnqON+bWNx2U=
-38,-46,2ArxqtXnb9ce5dD4URhc3x8lAuo=,mzR3GXEnbpAvIGJlnqON+bWNx2U=
-33,-43,2ArxqtXnb9ce5dD4URhc3x8lAuo=,mzR3GXEnbpAvIGJlnqON+bWNx2U=
-39,-42,2ArxqtXnb9ce5dD4URhc3x8lAuo=,mzR3GXEnbpAvIGJlnqON+bWNx2U=
-38,-42,2ArxqtXnb9ce5dD4URhc3x8lAuo=,mzR3GXEnbpAvIGJlnqON+bWNx2U=
-37,-42,2ArxqtXnb9ce5dD4URhc3x8lAuo=,mzR3GXEnbpAvIGJlnqON+bWNx2U=
-37,-46,2ArxqtXnb9ce5dD4URhc3x8lAuo=,mzR3GXEnbpAvIGJlnqON+bWNx2U=
-36,-42,2ArxqtXnb9ce5dD4URhc3x8lAuo=,mzR3GXEnbpAvIGJlnqON+bWNx2U=
-35,-42,2ArxqtXnb9ce5dD4URhc3x8lAuo=,mzR3GXEnbpAvIGJlnqON+bWNx2U=
-36,-46,2ArxqtXnb9ce5dD4URhc3x8lAuo=,mzR3GXEnbpAvIGJlnqON+bWNx2U=
-34,-42,2ArxqtXnb9ce5dD4URhc3x8lAuo=,mzR3GXEnbpAvIGJlnqON+bWNx2U=
-35,-46,2ArxqtXnb9ce5dD4URhc3x8lAuo=,mzR3GXEnbpAvIGJlnqON+bWNx2U=
-33,-42,2ArxqtXnb9ce5dD4URhc3x8lAuo=,mzR3GXEnbpAvIGJlnqON+bWNx2U=
-34,-46,2ArxqtXnb9ce5dD4URhc3x8lAuo=,mzR3GXEnbpAvIGJlnqON+bWNx2U=
-33,-46,2ArxqtXnb9ce5dD4URhc3x8lAuo=,mzR3GXEnbpAvIGJlnqON+bWNx2U=
-39,-45,2ArxqtXnb9ce5dD4URhc3x8lAuo=,mzR3GXEnbpAvIGJlnqON+bWNx2U=
-38,-45,2ArxqtXnb9ce5dD4URhc3x8lAuo=,mzR3GXEnbpAvIGJlnqON+bWNx2U=
-44,-43,2ArxqtXnb9ce5dD4URhc3x8lAuo=,2kozzy9EZBLYnkxeCvqIP2Kn/ak=
-48,-48,2ArxqtXnb9ce5dD4URhc3x8lAuo=,2kozzy9EZBLYnkxeCvqIP2Kn/ak=
-43,-43,2ArxqtXnb9ce5dD4URhc3x8lAuo=,2kozzy9EZBLYnkxeCvqIP2Kn/ak=
-40,-44,2ArxqtXnb9ce5dD4URhc3x8lAuo=,mzR3GXEnbpAvIGJlnqON+bWNx2U=
-47,-48,2ArxqtXnb9ce5dD4URhc3x8lAuo=,2kozzy9EZBLYnkxeCvqIP2Kn/ak=
-46,-48,2ArxqtXnb9ce5dD4URhc3x8lAuo=,2kozzy9EZBLYnkxeCvqIP2Kn/ak=
-42,-43,2ArxqtXnb9ce5dD4URhc3x8lAuo=,2kozzy9EZBLYnkxeCvqIP2Kn/ak=
-45,-48,2ArxqtXnb9ce5dD4URhc3x8lAuo=,2kozzy9EZBLYnkxeCvqIP2Kn/ak=
-44,-48,2ArxqtXnb9ce5dD4URhc3x8lAuo=,2kozzy9EZBLYnkxeCvqIP2Kn/ak=
-43,-48,2ArxqtXnb9ce5dD4URhc3x8lAuo=,2kozzy9EZBLYnkxeCvqIP2Kn/ak=
-42,-48,2ArxqtXnb9ce5dD4URhc3x8lAuo=,2kozzy9EZBLYnkxeCvqIP2Kn/ak=
-45,-43,2ArxqtXnb9ce5dD4URhc3x8lAuo=,2kozzy9EZBLYnkxeCvqIP2Kn/ak=
-46,-43,2ArxqtXnb9ce5dD4URhc3x8lAuo=,2kozzy9EZBLYnkxeCvqIP2Kn/ak=
-47,-43,2ArxqtXnb9ce5dD4URhc3x8lAuo=,2kozzy9EZBLYnkxeCvqIP2Kn/ak=
-48,-43,2ArxqtXnb9ce5dD4URhc3x8lAuo=,2kozzy9EZBLYnkxeCvqIP2Kn/ak=
-41,-44,2ArxqtXnb9ce5dD4URhc3x8lAuo=,2kozzy9EZBLYnkxeCvqIP2Kn/ak=
-41,-48,2ArxqtXnb9ce5dD4URhc3x8lAuo=,2kozzy9EZBLYnkxeCvqIP2Kn/ak=
-48,-47,2ArxqtXnb9ce5dD4URhc3x8lAuo=,2kozzy9EZBLYnkxeCvqIP2Kn/ak=
-42,-44,2ArxqtXnb9ce5dD4URhc3x8lAuo=,2kozzy9EZBLYnkxeCvqIP2Kn/ak=
-41,-43,2ArxqtXnb9ce5dD4URhc3x8lAuo=,2kozzy9EZBLYnkxeCvqIP2Kn/ak=
-48,-42,2ArxqtXnb9ce5dD4URhc3x8lAuo=,2kozzy9EZBLYnkxeCvqIP2Kn/ak=
-47,-42,2ArxqtXnb9ce5dD4URhc3x8lAuo=,2kozzy9EZBLYnkxeCvqIP2Kn/ak=
-43,-44,2ArxqtXnb9ce5dD4URhc3x8lAuo=,2kozzy9EZBLYnkxeCvqIP2Kn/ak=
-44,-44,2ArxqtXnb9ce5dD4URhc3x8lAuo=,2kozzy9EZBLYnkxeCvqIP2Kn/ak=
-45,-44,2ArxqtXnb9ce5dD4URhc3x8lAuo=,2kozzy9EZBLYnkxeCvqIP2Kn/ak=
-40,-48,2ArxqtXnb9ce5dD4URhc3x8lAuo=,mzR3GXEnbpAvIGJlnqON+bWNx2U=
-46,-42,2ArxqtXnb9ce5dD4URhc3x8lAuo=,2kozzy9EZBLYnkxeCvqIP2Kn/ak=
-45,-42,2ArxqtXnb9ce5dD4URhc3x8lAuo=,2kozzy9EZBLYnkxeCvqIP2Kn/ak=
-44,-42,2ArxqtXnb9ce5dD4URhc3x8lAuo=,2kozzy9EZBLYnkxeCvqIP2Kn/ak=
-40,-45,2ArxqtXnb9ce5dD4URhc3x8lAuo=,mzR3GXEnbpAvIGJlnqON+bWNx2U=
-46,-44,2ArxqtXnb9ce5dD4URhc3x8lAuo=,2kozzy9EZBLYnkxeCvqIP2Kn/ak=
-43,-42,2ArxqtXnb9ce5dD4URhc3x8lAuo=,2kozzy9EZBLYnkxeCvqIP2Kn/ak=
-42,-42,2ArxqtXnb9ce5dD4URhc3x8lAuo=,2kozzy9EZBLYnkxeCvqIP2Kn/ak=
-40,-43,2ArxqtXnb9ce5dD4URhc3x8lAuo=,mzR3GXEnbpAvIGJlnqON+bWNx2U=
-40,-47,2ArxqtXnb9ce5dD4URhc3x8lAuo=,mzR3GXEnbpAvIGJlnqON+bWNx2U=
-47,-47,2ArxqtXnb9ce5dD4URhc3x8lAuo=,2kozzy9EZBLYnkxeCvqIP2Kn/ak=
-46,-47,2ArxqtXnb9ce5dD4URhc3x8lAuo=,2kozzy9EZBLYnkxeCvqIP2Kn/ak=
-45,-47,2ArxqtXnb9ce5dD4URhc3x8lAuo=,2kozzy9EZBLYnkxeCvqIP2Kn/ak=
-47,-44,2ArxqtXnb9ce5dD4URhc3x8lAuo=,2kozzy9EZBLYnkxeCvqIP2Kn/ak=
-41,-42,2ArxqtXnb9ce5dD4URhc3x8lAuo=,2kozzy9EZBLYnkxeCvqIP2Kn/ak=
-44,-47,2ArxqtXnb9ce5dD4URhc3x8lAuo=,2kozzy9EZBLYnkxeCvqIP2Kn/ak=
-43,-47,2ArxqtXnb9ce5dD4URhc3x8lAuo=,2kozzy9EZBLYnkxeCvqIP2Kn/ak=
-48,-44,2ArxqtXnb9ce5dD4URhc3x8lAuo=,2kozzy9EZBLYnkxeCvqIP2Kn/ak=
-41,-45,2ArxqtXnb9ce5dD4URhc3x8lAuo=,2kozzy9EZBLYnkxeCvqIP2Kn/ak=
-42,-47,2ArxqtXnb9ce5dD4URhc3x8lAuo=,2kozzy9EZBLYnkxeCvqIP2Kn/ak=
-48,-41,2ArxqtXnb9ce5dD4URhc3x8lAuo=,2kozzy9EZBLYnkxeCvqIP2Kn/ak=
-41,-47,2ArxqtXnb9ce5dD4URhc3x8lAuo=,2kozzy9EZBLYnkxeCvqIP2Kn/ak=
-47,-41,2ArxqtXnb9ce5dD4URhc3x8lAuo=,2kozzy9EZBLYnkxeCvqIP2Kn/ak=
-46,-41,2ArxqtXnb9ce5dD4URhc3x8lAuo=,2kozzy9EZBLYnkxeCvqIP2Kn/ak=
-45,-41,2ArxqtXnb9ce5dD4URhc3x8lAuo=,2kozzy9EZBLYnkxeCvqIP2Kn/ak=
-44,-41,2ArxqtXnb9ce5dD4URhc3x8lAuo=,2kozzy9EZBLYnkxeCvqIP2Kn/ak=
-43,-41,2ArxqtXnb9ce5dD4URhc3x8lAuo=,2kozzy9EZBLYnkxeCvqIP2Kn/ak=
-42,-41,2ArxqtXnb9ce5dD4URhc3x8lAuo=,2kozzy9EZBLYnkxeCvqIP2Kn/ak=
-48,-46,2ArxqtXnb9ce5dD4URhc3x8lAuo=,2kozzy9EZBLYnkxeCvqIP2Kn/ak=
-42,-45,2ArxqtXnb9ce5dD4URhc3x8lAuo=,2kozzy9EZBLYnkxeCvqIP2Kn/ak=
-40,-46,2ArxqtXnb9ce5dD4URhc3x8lAuo=,mzR3GXEnbpAvIGJlnqON+bWNx2U=
-48,-40,2ArxqtXnb9ce5dD4URhc3x8lAuo=,pyjMHhM0pLjpDgsQRKPCYOrMze0=
-47,-40,2ArxqtXnb9ce5dD4URhc3x8lAuo=,pyjMHhM0pLjpDgsQRKPCYOrMze0=
-46,-40,2ArxqtXnb9ce5dD4URhc3x8lAuo=,pyjMHhM0pLjpDgsQRKPCYOrMze0=
-45,-40,2ArxqtXnb9ce5dD4URhc3x8lAuo=,pyjMHhM0pLjpDgsQRKPCYOrMze0=
-47,-46,2ArxqtXnb9ce5dD4URhc3x8lAuo=,2kozzy9EZBLYnkxeCvqIP2Kn/ak=
-46,-46,2ArxqtXnb9ce5dD4URhc3x8lAuo=,2kozzy9EZBLYnkxeCvqIP2Kn/ak=
-45,-46,2ArxqtXnb9ce5dD4URhc3x8lAuo=,2kozzy9EZBLYnkxeCvqIP2Kn/ak=
-43,-45,2ArxqtXnb9ce5dD4URhc3x8lAuo=,2kozzy9EZBLYnkxeCvqIP2Kn/ak=
-40,-42,2ArxqtXnb9ce5dD4URhc3x8lAuo=,mzR3GXEnbpAvIGJlnqON+bWNx2U=
-44,-46,2ArxqtXnb9ce5dD4URhc3x8lAuo=,2kozzy9EZBLYnkxeCvqIP2Kn/ak=
-44,-45,2ArxqtXnb9ce5dD4URhc3x8lAuo=,2kozzy9EZBLYnkxeCvqIP2Kn/ak=
-45,-45,2ArxqtXnb9ce5dD4URhc3x8lAuo=,2kozzy9EZBLYnkxeCvqIP2Kn/ak=
-46,-45,2ArxqtXnb9ce5dD4URhc3x8lAuo=,2kozzy9EZBLYnkxeCvqIP2Kn/ak=
-47,-45,2ArxqtXnb9ce5dD4URhc3x8lAuo=,2kozzy9EZBLYnkxeCvqIP2Kn/ak=
-43,-40,2ArxqtXnb9ce5dD4URhc3x8lAuo=,pyjMHhM0pLjpDgsQRKPCYOrMze0=
-42,-40,2ArxqtXnb9ce5dD4URhc3x8lAuo=,pyjMHhM0pLjpDgsQRKPCYOrMze0=
-48,-45,2ArxqtXnb9ce5dD4URhc3x8lAuo=,2kozzy9EZBLYnkxeCvqIP2Kn/ak=
-43,-46,2ArxqtXnb9ce5dD4URhc3x8lAuo=,2kozzy9EZBLYnkxeCvqIP2Kn/ak=
-42,-46,2ArxqtXnb9ce5dD4URhc3x8lAuo=,2kozzy9EZBLYnkxeCvqIP2Kn/ak=
-44,-40,2ArxqtXnb9ce5dD4URhc3x8lAuo=,pyjMHhM0pLjpDgsQRKPCYOrMze0=
-41,-46,2ArxqtXnb9ce5dD4URhc3x8lAuo=,2kozzy9EZBLYnkxeCvqIP2Kn/ak=
-40,-38,2ArxqtXnb9ce5dD4URhc3x8lAuo=,3vTaRkbmJP+ZAZ6JV/IxfadTTnI=
-36,-35,2ArxqtXnb9ce5dD4URhc3x8lAuo=,3vTaRkbmJP+ZAZ6JV/IxfadTTnI=
-33,-41,2ArxqtXnb9ce5dD4URhc3x8lAuo=,mzR3GXEnbpAvIGJlnqON+bWNx2U=
-41,-33,2ArxqtXnb9ce5dD4URhc3x8lAuo=,pyjMHhM0pLjpDgsQRKPCYOrMze0=
-33,-39,2ArxqtXnb9ce5dD4URhc3x8lAuo=,3vTaRkbmJP+ZAZ6JV/IxfadTTnI=
-37,-40,2ArxqtXnb9ce5dD4URhc3x8lAuo=,3vTaRkbmJP+ZAZ6JV/IxfadTTnI=
-34,-39,2ArxqtXnb9ce5dD4URhc3x8lAuo=,3vTaRkbmJP+ZAZ6JV/IxfadTTnI=
-35,-39,2ArxqtXnb9ce5dD4URhc3x8lAuo=,3vTaRkbmJP+ZAZ6JV/IxfadTTnI=
-35,-36,2ArxqtXnb9ce5dD4URhc3x8lAuo=,3vTaRkbmJP+ZAZ6JV/IxfadTTnI=
-34,-37,2ArxqtXnb9ce5dD4URhc3x8lAuo=,3vTaRkbmJP+ZAZ6JV/IxfadTTnI=
-37,-39,2ArxqtXnb9ce5dD4URhc3x8lAuo=,3vTaRkbmJP+ZAZ6JV/IxfadTTnI=
-34,-41,2ArxqtXnb9ce5dD4URhc3x8lAuo=,mzR3GXEnbpAvIGJlnqON+bWNx2U=
-36,-39,2ArxqtXnb9ce5dD4URhc3x8lAuo=,3vTaRkbmJP+ZAZ6JV/IxfadTTnI=
-41,-38,2ArxqtXnb9ce5dD4URhc3x8lAuo=,pyjMHhM0pLjpDgsQRKPCYOrMze0=
-35,-41,2ArxqtXnb9ce5dD4URhc3x8lAuo=,mzR3GXEnbpAvIGJlnqON+bWNx2U=
-39,-38,2ArxqtXnb9ce5dD4URhc3x8lAuo=,3vTaRkbmJP+ZAZ6JV/IxfadTTnI=
-38,-39,2ArxqtXnb9ce5dD4URhc3x8lAuo=,3vTaRkbmJP+ZAZ6JV/IxfadTTnI=
-36,-41,2ArxqtXnb9ce5dD4URhc3x8lAuo=,mzR3GXEnbpAvIGJlnqON+bWNx2U=
-37,-41,2ArxqtXnb9ce5dD4URhc3x8lAuo=,mzR3GXEnbpAvIGJlnqON+bWNx2U=
-34,-35,2ArxqtXnb9ce5dD4URhc3x8lAuo=,3vTaRkbmJP+ZAZ6JV/IxfadTTnI=
-33,-35,2ArxqtXnb9ce5dD4URhc3x8lAuo=,3vTaRkbmJP+ZAZ6JV/IxfadTTnI=
-40,-34,2ArxqtXnb9ce5dD4URhc3x8lAuo=,3vTaRkbmJP+ZAZ6JV/IxfadTTnI=
-39,-34,2ArxqtXnb9ce5dD4URhc3x8lAuo=,3vTaRkbmJP+ZAZ6JV/IxfadTTnI=
-38,-34,2ArxqtXnb9ce5dD4URhc3x8lAuo=,3vTaRkbmJP+ZAZ6JV/IxfadTTnI=
-40,-40,2ArxqtXnb9ce5dD4URhc3x8lAuo=,3vTaRkbmJP+ZAZ6JV/IxfadTTnI=
-35,-35,2ArxqtXnb9ce5dD4URhc3x8lAuo=,3vTaRkbmJP+ZAZ6JV/IxfadTTnI=
-37,-34,2ArxqtXnb9ce5dD4URhc3x8lAuo=,3vTaRkbmJP+ZAZ6JV/IxfadTTnI=
-37,-35,2ArxqtXnb9ce5dD4URhc3x8lAuo=,3vTaRkbmJP+ZAZ6JV/IxfadTTnI=
-38,-41,2ArxqtXnb9ce5dD4URhc3x8lAuo=,mzR3GXEnbpAvIGJlnqON+bWNx2U=
-41,-37,2ArxqtXnb9ce5dD4URhc3x8lAuo=,pyjMHhM0pLjpDgsQRKPCYOrMze0=
-36,-34,2ArxqtXnb9ce5dD4URhc3x8lAuo=,3vTaRkbmJP+ZAZ6JV/IxfadTTnI=
-38,-35,2ArxqtXnb9ce5dD4URhc3x8lAuo=,3vTaRkbmJP+ZAZ6JV/IxfadTTnI=
-39,-41,2ArxqtXnb9ce5dD4URhc3x8lAuo=,mzR3GXEnbpAvIGJlnqON+bWNx2U=
-35,-37,2ArxqtXnb9ce5dD4URhc3x8lAuo=,3vTaRkbmJP+ZAZ6JV/IxfadTTnI=
-40,-41,2ArxqtXnb9ce5dD4URhc3x8lAuo=,mzR3GXEnbpAvIGJlnqON+bWNx2U=
-41,-34,2ArxqtXnb9ce5dD4URhc3x8lAuo=,pyjMHhM0pLjpDgsQRKPCYOrMze0=
-33,-38,2ArxqtXnb9ce5dD4URhc3x8lAuo=,3vTaRkbmJP+ZAZ6JV/IxfadTTnI=
-41,-35,2ArxqtXnb9ce5dD4URhc3x8lAuo=,pyjMHhM0pLjpDgsQRKPCYOrMze0=
-41,-40,2ArxqtXnb9ce5dD4URhc3x8lAuo=,pyjMHhM0pLjpDgsQRKPCYOrMze0=
-41,-39,2ArxqtXnb9ce5dD4URhc3x8lAuo=,pyjMHhM0pLjpDgsQRKPCYOrMze0=
-34,-36,2ArxqtXnb9ce5dD4URhc3x8lAuo=,3vTaRkbmJP+ZAZ6JV/IxfadTTnI=
-37,-36,2ArxqtXnb9ce5dD4URhc3x8lAuo=,3vTaRkbmJP+ZAZ6JV/IxfadTTnI=
-40,-37,2ArxqtXnb9ce5dD4URhc3x8lAuo=,3vTaRkbmJP+ZAZ6JV/IxfadTTnI=
-36,-37,2ArxqtXnb9ce5dD4URhc3x8lAuo=,3vTaRkbmJP+ZAZ6JV/IxfadTTnI=
-41,-41,2ArxqtXnb9ce5dD4URhc3x8lAuo=,2kozzy9EZBLYnkxeCvqIP2Kn/ak=
-37,-37,2ArxqtXnb9ce5dD4URhc3x8lAuo=,3vTaRkbmJP+ZAZ6JV/IxfadTTnI=
-36,-36,2ArxqtXnb9ce5dD4URhc3x8lAuo=,3vTaRkbmJP+ZAZ6JV/IxfadTTnI=
-35,-34,2ArxqtXnb9ce5dD4URhc3x8lAuo=,3vTaRkbmJP+ZAZ6JV/IxfadTTnI=
-39,-35,2ArxqtXnb9ce5dD4URhc3x8lAuo=,3vTaRkbmJP+ZAZ6JV/IxfadTTnI=
-39,-39,2ArxqtXnb9ce5dD4URhc3x8lAuo=,3vTaRkbmJP+ZAZ6JV/IxfadTTnI=
-33,-37,2ArxqtXnb9ce5dD4URhc3x8lAuo=,3vTaRkbmJP+ZAZ6JV/IxfadTTnI=
-34,-38,2ArxqtXnb9ce5dD4URhc3x8lAuo=,3vTaRkbmJP+ZAZ6JV/IxfadTTnI=
-33,-40,2ArxqtXnb9ce5dD4URhc3x8lAuo=,3vTaRkbmJP+ZAZ6JV/IxfadTTnI=
-34,-40,2ArxqtXnb9ce5dD4URhc3x8lAuo=,3vTaRkbmJP+ZAZ6JV/IxfadTTnI=
-40,-39,2ArxqtXnb9ce5dD4URhc3x8lAuo=,3vTaRkbmJP+ZAZ6JV/IxfadTTnI=
-38,-40,2ArxqtXnb9ce5dD4URhc3x8lAuo=,3vTaRkbmJP+ZAZ6JV/IxfadTTnI=
-40,-35,2ArxqtXnb9ce5dD4URhc3x8lAuo=,3vTaRkbmJP+ZAZ6JV/IxfadTTnI=
-35,-40,2ArxqtXnb9ce5dD4URhc3x8lAuo=,3vTaRkbmJP+ZAZ6JV/IxfadTTnI=
-38,-38,2ArxqtXnb9ce5dD4URhc3x8lAuo=,3vTaRkbmJP+ZAZ6JV/IxfadTTnI=
-36,-40,2ArxqtXnb9ce5dD4URhc3x8lAuo=,3vTaRkbmJP+ZAZ6JV/IxfadTTnI=
-38,-37,2ArxqtXnb9ce5dD4URhc3x8lAuo=,3vTaRkbmJP+ZAZ6JV/IxfadTTnI=
-34,-34,2ArxqtXnb9ce5dD4URhc3x8lAuo=,3vTaRkbmJP+ZAZ6JV/IxfadTTnI=
-38,-36,2ArxqtXnb9ce5dD4URhc3x8lAuo=,3vTaRkbmJP+ZAZ6JV/IxfadTTnI=
-33,-34,2ArxqtXnb9ce5dD4URhc3x8lAuo=,3vTaRkbmJP+ZAZ6JV/IxfadTTnI=
-40,-36,2ArxqtXnb9ce5dD4URhc3x8lAuo=,3vTaRkbmJP+ZAZ6JV/IxfadTTnI=
-40,-33,2ArxqtXnb9ce5dD4URhc3x8lAuo=,3vTaRkbmJP+ZAZ6JV/IxfadTTnI=
-39,-33,2ArxqtXnb9ce5dD4URhc3x8lAuo=,3vTaRkbmJP+ZAZ6JV/IxfadTTnI=
-38,-33,2ArxqtXnb9ce5dD4URhc3x8lAuo=,3vTaRkbmJP+ZAZ6JV/IxfadTTnI=
-39,-40,2ArxqtXnb9ce5dD4URhc3x8lAuo=,3vTaRkbmJP+ZAZ6JV/IxfadTTnI=
-36,-38,2ArxqtXnb9ce5dD4URhc3x8lAuo=,3vTaRkbmJP+ZAZ6JV/IxfadTTnI=
-33,-36,2ArxqtXnb9ce5dD4URhc3x8lAuo=,3vTaRkbmJP+ZAZ6JV/IxfadTTnI=
-37,-33,2ArxqtXnb9ce5dD4URhc3x8lAuo=,3vTaRkbmJP+ZAZ6JV/IxfadTTnI=
-33,-33,2ArxqtXnb9ce5dD4URhc3x8lAuo=,3vTaRkbmJP+ZAZ6JV/IxfadTTnI=
-34,-33,2ArxqtXnb9ce5dD4URhc3x8lAuo=,3vTaRkbmJP+ZAZ6JV/IxfadTTnI=
-35,-33,2ArxqtXnb9ce5dD4URhc3x8lAuo=,3vTaRkbmJP+ZAZ6JV/IxfadTTnI=
-35,-38,2ArxqtXnb9ce5dD4URhc3x8lAuo=,3vTaRkbmJP+ZAZ6JV/IxfadTTnI=
-39,-36,2ArxqtXnb9ce5dD4URhc3x8lAuo=,3vTaRkbmJP+ZAZ6JV/IxfadTTnI=
-41,-36,2ArxqtXnb9ce5dD4URhc3x8lAuo=,pyjMHhM0pLjpDgsQRKPCYOrMze0=
-39,-37,2ArxqtXnb9ce5dD4URhc3x8lAuo=,3vTaRkbmJP+ZAZ6JV/IxfadTTnI=
-37,-38,2ArxqtXnb9ce5dD4URhc3x8lAuo=,3vTaRkbmJP+ZAZ6JV/IxfadTTnI=
-36,-33,2ArxqtXnb9ce5dD4URhc3x8lAuo=,3vTaRkbmJP+ZAZ6JV/IxfadTTnI=
-35,-50,0+6wB37PAWC5Ryg2XPbraOE4uVM=,PSdqoiysEOI8LVFI6/wBmWEHOb0=
-34,-51,0+6wB37PAWC5Ryg2XPbraOE4uVM=,PSdqoiysEOI8LVFI6/wBmWEHOb0=
-37,-54,0+6wB37PAWC5Ryg2XPbraOE4uVM=,PSdqoiysEOI8LVFI6/wBmWEHOb0=
-38,-54,yHBQYTaJTXelloylpwQoYh8B5LI=,PSdqoiysEOI8LVFI6/wBmWEHOb0=
-36,-50,yHBQYTaJTXelloylpwQoYh8B5LI=,PSdqoiysEOI8LVFI6/wBmWEHOb0=
-39,-54,yHBQYTaJTXelloylpwQoYh8B5LI=,PSdqoiysEOI8LVFI6/wBmWEHOb0=
-37,-55,yHBQYTaJTXelloylpwQoYh8B5LI=,PSdqoiysEOI8LVFI6/wBmWEHOb0=
-34,-52,qOEYLvvBZJsWCQL5IK5qPSo4tDg=,PSdqoiysEOI8LVFI6/wBmWEHOb0=
-38,-55,PmbMT7vbZ+hfaEIh3krctcDnKV0=,PSdqoiysEOI8LVFI6/wBmWEHOb0=
-39,-55,awDechhQ1VJ8WM3PJtaBMWImduE=,PSdqoiysEOI8LVFI6/wBmWEHOb0=
-34,-55,liHc8ILpRG2z6zX3wpw8RjVhq6k=,PSdqoiysEOI8LVFI6/wBmWEHOb0=
-35,-55,liHc8ILpRG2z6zX3wpw8RjVhq6k=,PSdqoiysEOI8LVFI6/wBmWEHOb0=
-35,-52,liHc8ILpRG2z6zX3wpw8RjVhq6k=,PSdqoiysEOI8LVFI6/wBmWEHOb0=
-37,-50,liHc8ILpRG2z6zX3wpw8RjVhq6k=,PSdqoiysEOI8LVFI6/wBmWEHOb0=
-36,-52,liHc8ILpRG2z6zX3wpw8RjVhq6k=,PSdqoiysEOI8LVFI6/wBmWEHOb0=
-38,-50,liHc8ILpRG2z6zX3wpw8RjVhq6k=,PSdqoiysEOI8LVFI6/wBmWEHOb0=
-39,-52,liHc8ILpRG2z6zX3wpw8RjVhq6k=,PSdqoiysEOI8LVFI6/wBmWEHOb0=
-34,-53,liHc8ILpRG2z6zX3wpw8RjVhq6k=,PSdqoiysEOI8LVFI6/wBmWEHOb0=
-35,-53,liHc8ILpRG2z6zX3wpw8RjVhq6k=,PSdqoiysEOI8LVFI6/wBmWEHOb0=
-36,-53,liHc8ILpRG2z6zX3wpw8RjVhq6k=,PSdqoiysEOI8LVFI6/wBmWEHOb0=
-37,-53,liHc8ILpRG2z6zX3wpw8RjVhq6k=,PSdqoiysEOI8LVFI6/wBmWEHOb0=
-35,-51,liHc8ILpRG2z6zX3wpw8RjVhq6k=,PSdqoiysEOI8LVFI6/wBmWEHOb0=
-36,-51,liHc8ILpRG2z6zX3wpw8RjVhq6k=,PSdqoiysEOI8LVFI6/wBmWEHOb0=
-37,-51,liHc8ILpRG2z6zX3wpw8RjVhq6k=,PSdqoiysEOI8LVFI6/wBmWEHOb0=
-37,-52,liHc8ILpRG2z6zX3wpw8RjVhq6k=,PSdqoiysEOI8LVFI6/wBmWEHOb0=
-38,-51,liHc8ILpRG2z6zX3wpw8RjVhq6k=,PSdqoiysEOI8LVFI6/wBmWEHOb0=
-39,-50,liHc8ILpRG2z6zX3wpw8RjVhq6k=,PSdqoiysEOI8LVFI6/wBmWEHOb0=
-38,-52,liHc8ILpRG2z6zX3wpw8RjVhq6k=,PSdqoiysEOI8LVFI6/wBmWEHOb0=
-38,-53,liHc8ILpRG2z6zX3wpw8RjVhq6k=,PSdqoiysEOI8LVFI6/wBmWEHOb0=
-39,-51,liHc8ILpRG2z6zX3wpw8RjVhq6k=,PSdqoiysEOI8LVFI6/wBmWEHOb0=
-36,-55,liHc8ILpRG2z6zX3wpw8RjVhq6k=,PSdqoiysEOI8LVFI6/wBmWEHOb0=
-39,-53,liHc8ILpRG2z6zX3wpw8RjVhq6k=,PSdqoiysEOI8LVFI6/wBmWEHOb0=
-34,-54,liHc8ILpRG2z6zX3wpw8RjVhq6k=,PSdqoiysEOI8LVFI6/wBmWEHOb0=
-35,-54,liHc8ILpRG2z6zX3wpw8RjVhq6k=,PSdqoiysEOI8LVFI6/wBmWEHOb0=
-34,-50,liHc8ILpRG2z6zX3wpw8RjVhq6k=,PSdqoiysEOI8LVFI6/wBmWEHOb0=
-36,-49,liHc8ILpRG2z6zX3wpw8RjVhq6k=,PSdqoiysEOI8LVFI6/wBmWEHOb0=
-36,-54,liHc8ILpRG2z6zX3wpw8RjVhq6k=,PSdqoiysEOI8LVFI6/wBmWEHOb0=
-35,-49,liHc8ILpRG2z6zX3wpw8RjVhq6k=,PSdqoiysEOI8LVFI6/wBmWEHOb0=
-34,-49,liHc8ILpRG2z6zX3wpw8RjVhq6k=,PSdqoiysEOI8LVFI6/wBmWEHOb0=
-39,-49,liHc8ILpRG2z6zX3wpw8RjVhq6k=,PSdqoiysEOI8LVFI6/wBmWEHOb0=
-38,-49,liHc8ILpRG2z6zX3wpw8RjVhq6k=,PSdqoiysEOI8LVFI6/wBmWEHOb0=
-37,-49,liHc8ILpRG2z6zX3wpw8RjVhq6k=,PSdqoiysEOI8LVFI6/wBmWEHOb0=
-33,-51,liHc8ILpRG2z6zX3wpw8RjVhq6k=,PSdqoiysEOI8LVFI6/wBmWEHOb0=
-33,-54,liHc8ILpRG2z6zX3wpw8RjVhq6k=,PSdqoiysEOI8LVFI6/wBmWEHOb0=
-33,-53,liHc8ILpRG2z6zX3wpw8RjVhq6k=,PSdqoiysEOI8LVFI6/wBmWEHOb0=
-33,-50,liHc8ILpRG2z6zX3wpw8RjVhq6k=,PSdqoiysEOI8LVFI6/wBmWEHOb0=
-33,-55,liHc8ILpRG2z6zX3wpw8RjVhq6k=,PSdqoiysEOI8LVFI6/wBmWEHOb0=
-33,-52,liHc8ILpRG2z6zX3wpw8RjVhq6k=,PSdqoiysEOI8LVFI6/wBmWEHOb0=
-33,-49,liHc8ILpRG2z6zX3wpw8RjVhq6k=,PSdqoiysEOI8LVFI6/wBmWEHOb0=
-45,-59,liHc8ILpRG2z6zX3wpw8RjVhq6k=,BJgtKoDzWOseq2lmii/IzXwPdrQ=
-44,-59,liHc8ILpRG2z6zX3wpw8RjVhq6k=,BJgtKoDzWOseq2lmii/IzXwPdrQ=
-43,-59,liHc8ILpRG2z6zX3wpw8RjVhq6k=,BJgtKoDzWOseq2lmii/IzXwPdrQ=
-42,-59,liHc8ILpRG2z6zX3wpw8RjVhq6k=,BJgtKoDzWOseq2lmii/IzXwPdrQ=
-48,-58,liHc8ILpRG2z6zX3wpw8RjVhq6k=,BJgtKoDzWOseq2lmii/IzXwPdrQ=
-48,-64,liHc8ILpRG2z6zX3wpw8RjVhq6k=,BJgtKoDzWOseq2lmii/IzXwPdrQ=
-46,-58,liHc8ILpRG2z6zX3wpw8RjVhq6k=,BJgtKoDzWOseq2lmii/IzXwPdrQ=
-47,-58,liHc8ILpRG2z6zX3wpw8RjVhq6k=,BJgtKoDzWOseq2lmii/IzXwPdrQ=
-45,-58,liHc8ILpRG2z6zX3wpw8RjVhq6k=,BJgtKoDzWOseq2lmii/IzXwPdrQ=
-44,-58,liHc8ILpRG2z6zX3wpw8RjVhq6k=,BJgtKoDzWOseq2lmii/IzXwPdrQ=
-47,-64,liHc8ILpRG2z6zX3wpw8RjVhq6k=,BJgtKoDzWOseq2lmii/IzXwPdrQ=
-43,-58,liHc8ILpRG2z6zX3wpw8RjVhq6k=,BJgtKoDzWOseq2lmii/IzXwPdrQ=
-46,-64,liHc8ILpRG2z6zX3wpw8RjVhq6k=,BJgtKoDzWOseq2lmii/IzXwPdrQ=
-42,-58,liHc8ILpRG2z6zX3wpw8RjVhq6k=,BJgtKoDzWOseq2lmii/IzXwPdrQ=
-45,-64,liHc8ILpRG2z6zX3wpw8RjVhq6k=,BJgtKoDzWOseq2lmii/IzXwPdrQ=
-44,-64,liHc8ILpRG2z6zX3wpw8RjVhq6k=,BJgtKoDzWOseq2lmii/IzXwPdrQ=
-43,-64,liHc8ILpRG2z6zX3wpw8RjVhq6k=,BJgtKoDzWOseq2lmii/IzXwPdrQ=
-42,-64,liHc8ILpRG2z6zX3wpw8RjVhq6k=,BJgtKoDzWOseq2lmii/IzXwPdrQ=
-48,-63,liHc8ILpRG2z6zX3wpw8RjVhq6k=,BJgtKoDzWOseq2lmii/IzXwPdrQ=
-47,-63,liHc8ILpRG2z6zX3wpw8RjVhq6k=,BJgtKoDzWOseq2lmii/IzXwPdrQ=
-46,-63,liHc8ILpRG2z6zX3wpw8RjVhq6k=,BJgtKoDzWOseq2lmii/IzXwPdrQ=
-45,-63,liHc8ILpRG2z6zX3wpw8RjVhq6k=,BJgtKoDzWOseq2lmii/IzXwPdrQ=
-43,-63,liHc8ILpRG2z6zX3wpw8RjVhq6k=,BJgtKoDzWOseq2lmii/IzXwPdrQ=
-42,-63,liHc8ILpRG2z6zX3wpw8RjVhq6k=,BJgtKoDzWOseq2lmii/IzXwPdrQ=
-44,-63,liHc8ILpRG2z6zX3wpw8RjVhq6k=,BJgtKoDzWOseq2lmii/IzXwPdrQ=
-48,-62,liHc8ILpRG2z6zX3wpw8RjVhq6k=,BJgtKoDzWOseq2lmii/IzXwPdrQ=
-47,-62,liHc8ILpRG2z6zX3wpw8RjVhq6k=,BJgtKoDzWOseq2lmii/IzXwPdrQ=
-46,-62,liHc8ILpRG2z6zX3wpw8RjVhq6k=,BJgtKoDzWOseq2lmii/IzXwPdrQ=
-45,-62,liHc8ILpRG2z6zX3wpw8RjVhq6k=,BJgtKoDzWOseq2lmii/IzXwPdrQ=
-44,-62,liHc8ILpRG2z6zX3wpw8RjVhq6k=,BJgtKoDzWOseq2lmii/IzXwPdrQ=
-43,-62,liHc8ILpRG2z6zX3wpw8RjVhq6k=,BJgtKoDzWOseq2lmii/IzXwPdrQ=
-42,-62,liHc8ILpRG2z6zX3wpw8RjVhq6k=,BJgtKoDzWOseq2lmii/IzXwPdrQ=
-48,-61,liHc8ILpRG2z6zX3wpw8RjVhq6k=,BJgtKoDzWOseq2lmii/IzXwPdrQ=
-47,-61,liHc8ILpRG2z6zX3wpw8RjVhq6k=,BJgtKoDzWOseq2lmii/IzXwPdrQ=
-46,-61,liHc8ILpRG2z6zX3wpw8RjVhq6k=,BJgtKoDzWOseq2lmii/IzXwPdrQ=
-45,-61,liHc8ILpRG2z6zX3wpw8RjVhq6k=,BJgtKoDzWOseq2lmii/IzXwPdrQ=
-44,-61,liHc8ILpRG2z6zX3wpw8RjVhq6k=,BJgtKoDzWOseq2lmii/IzXwPdrQ=
-43,-61,liHc8ILpRG2z6zX3wpw8RjVhq6k=,BJgtKoDzWOseq2lmii/IzXwPdrQ=
-42,-61,liHc8ILpRG2z6zX3wpw8RjVhq6k=,BJgtKoDzWOseq2lmii/IzXwPdrQ=
-48,-60,liHc8ILpRG2z6zX3wpw8RjVhq6k=,BJgtKoDzWOseq2lmii/IzXwPdrQ=
-47,-60,liHc8ILpRG2z6zX3wpw8RjVhq6k=,BJgtKoDzWOseq2lmii/IzXwPdrQ=
-46,-60,liHc8ILpRG2z6zX3wpw8RjVhq6k=,BJgtKoDzWOseq2lmii/IzXwPdrQ=
-45,-60,liHc8ILpRG2z6zX3wpw8RjVhq6k=,BJgtKoDzWOseq2lmii/IzXwPdrQ=
-43,-60,liHc8ILpRG2z6zX3wpw8RjVhq6k=,BJgtKoDzWOseq2lmii/IzXwPdrQ=
-44,-60,liHc8ILpRG2z6zX3wpw8RjVhq6k=,BJgtKoDzWOseq2lmii/IzXwPdrQ=
-46,-59,liHc8ILpRG2z6zX3wpw8RjVhq6k=,BJgtKoDzWOseq2lmii/IzXwPdrQ=
-42,-60,liHc8ILpRG2z6zX3wpw8RjVhq6k=,BJgtKoDzWOseq2lmii/IzXwPdrQ=
-48,-59,liHc8ILpRG2z6zX3wpw8RjVhq6k=,BJgtKoDzWOseq2lmii/IzXwPdrQ=
-47,-59,liHc8ILpRG2z6zX3wpw8RjVhq6k=,BJgtKoDzWOseq2lmii/IzXwPdrQ=
-44,-53,liHc8ILpRG2z6zX3wpw8RjVhq6k=,J6GDL7zO6VFaQrUekSWg8pS6SGk=
-43,-53,liHc8ILpRG2z6zX3wpw8RjVhq6k=,J6GDL7zO6VFaQrUekSWg8pS6SGk=
-42,-53,liHc8ILpRG2z6zX3wpw8RjVhq6k=,J6GDL7zO6VFaQrUekSWg8pS6SGk=
-41,-53,liHc8ILpRG2z6zX3wpw8RjVhq6k=,J6GDL7zO6VFaQrUekSWg8pS6SGk=
-48,-57,liHc8ILpRG2z6zX3wpw8RjVhq6k=,BJgtKoDzWOseq2lmii/IzXwPdrQ=
-40,-50,liHc8ILpRG2z6zX3wpw8RjVhq6k=,PSdqoiysEOI8LVFI6/wBmWEHOb0=
-40,-53,liHc8ILpRG2z6zX3wpw8RjVhq6k=,PSdqoiysEOI8LVFI6/wBmWEHOb0=
-48,-52,liHc8ILpRG2z6zX3wpw8RjVhq6k=,J6GDL7zO6VFaQrUekSWg8pS6SGk=
-40,-51,liHc8ILpRG2z6zX3wpw8RjVhq6k=,PSdqoiysEOI8LVFI6/wBmWEHOb0=
-47,-57,liHc8ILpRG2z6zX3wpw8RjVhq6k=,BJgtKoDzWOseq2lmii/IzXwPdrQ=
-46,-57,liHc8ILpRG2z6zX3wpw8RjVhq6k=,BJgtKoDzWOseq2lmii/IzXwPdrQ=
-45,-57,liHc8ILpRG2z6zX3wpw8RjVhq6k=,BJgtKoDzWOseq2lmii/IzXwPdrQ=
-44,-57,liHc8ILpRG2z6zX3wpw8RjVhq6k=,BJgtKoDzWOseq2lmii/IzXwPdrQ=
-43,-57,liHc8ILpRG2z6zX3wpw8RjVhq6k=,BJgtKoDzWOseq2lmii/IzXwPdrQ=
-47,-52,liHc8ILpRG2z6zX3wpw8RjVhq6k=,J6GDL7zO6VFaQrUekSWg8pS6SGk=
-46,-52,liHc8ILpRG2z6zX3wpw8RjVhq6k=,J6GDL7zO6VFaQrUekSWg8pS6SGk=
-42,-57,liHc8ILpRG2z6zX3wpw8RjVhq6k=,BJgtKoDzWOseq2lmii/IzXwPdrQ=
-45,-52,liHc8ILpRG2z6zX3wpw8RjVhq6k=,J6GDL7zO6VFaQrUekSWg8pS6SGk=
-40,-52,liHc8ILpRG2z6zX3wpw8RjVhq6k=,PSdqoiysEOI8LVFI6/wBmWEHOb0=
-44,-52,liHc8ILpRG2z6zX3wpw8RjVhq6k=,J6GDL7zO6VFaQrUekSWg8pS6SGk=
-48,-56,liHc8ILpRG2z6zX3wpw8RjVhq6k=,J6GDL7zO6VFaQrUekSWg8pS6SGk=
-47,-56,liHc8ILpRG2z6zX3wpw8RjVhq6k=,J6GDL7zO6VFaQrUekSWg8pS6SGk=
-46,-56,liHc8ILpRG2z6zX3wpw8RjVhq6k=,J6GDL7zO6VFaQrUekSWg8pS6SGk=
-45,-56,liHc8ILpRG2z6zX3wpw8RjVhq6k=,J6GDL7zO6VFaQrUekSWg8pS6SGk=
-43,-52,liHc8ILpRG2z6zX3wpw8RjVhq6k=,J6GDL7zO6VFaQrUekSWg8pS6SGk=
-42,-52,liHc8ILpRG2z6zX3wpw8RjVhq6k=,J6GDL7zO6VFaQrUekSWg8pS6SGk=
-41,-52,liHc8ILpRG2z6zX3wpw8RjVhq6k=,J6GDL7zO6VFaQrUekSWg8pS6SGk=
-48,-51,liHc8ILpRG2z6zX3wpw8RjVhq6k=,J6GDL7zO6VFaQrUekSWg8pS6SGk=
-47,-51,liHc8ILpRG2z6zX3wpw8RjVhq6k=,J6GDL7zO6VFaQrUekSWg8pS6SGk=
-46,-51,liHc8ILpRG2z6zX3wpw8RjVhq6k=,J6GDL7zO6VFaQrUekSWg8pS6SGk=
-45,-51,liHc8ILpRG2z6zX3wpw8RjVhq6k=,J6GDL7zO6VFaQrUekSWg8pS6SGk=
-44,-56,liHc8ILpRG2z6zX3wpw8RjVhq6k=,J6GDL7zO6VFaQrUekSWg8pS6SGk=
-44,-51,liHc8ILpRG2z6zX3wpw8RjVhq6k=,J6GDL7zO6VFaQrUekSWg8pS6SGk=
-43,-51,liHc8ILpRG2z6zX3wpw8RjVhq6k=,J6GDL7zO6VFaQrUekSWg8pS6SGk=
-42,-51,liHc8ILpRG2z6zX3wpw8RjVhq6k=,J6GDL7zO6VFaQrUekSWg8pS6SGk=
-45,-53,liHc8ILpRG2z6zX3wpw8RjVhq6k=,J6GDL7zO6VFaQrUekSWg8pS6SGk=
-43,-56,liHc8ILpRG2z6zX3wpw8RjVhq6k=,J6GDL7zO6VFaQrUekSWg8pS6SGk=
-42,-56,liHc8ILpRG2z6zX3wpw8RjVhq6k=,J6GDL7zO6VFaQrUekSWg8pS6SGk=
-41,-51,liHc8ILpRG2z6zX3wpw8RjVhq6k=,J6GDL7zO6VFaQrUekSWg8pS6SGk=
-48,-55,liHc8ILpRG2z6zX3wpw8RjVhq6k=,J6GDL7zO6VFaQrUekSWg8pS6SGk=
-48,-50,liHc8ILpRG2z6zX3wpw8RjVhq6k=,J6GDL7zO6VFaQrUekSWg8pS6SGk=
-40,-49,liHc8ILpRG2z6zX3wpw8RjVhq6k=,PSdqoiysEOI8LVFI6/wBmWEHOb0=
-47,-50,liHc8ILpRG2z6zX3wpw8RjVhq6k=,J6GDL7zO6VFaQrUekSWg8pS6SGk=
-47,-55,liHc8ILpRG2z6zX3wpw8RjVhq6k=,J6GDL7zO6VFaQrUekSWg8pS6SGk=
-46,-50,liHc8ILpRG2z6zX3wpw8RjVhq6k=,J6GDL7zO6VFaQrUekSWg8pS6SGk=
-46,-55,liHc8ILpRG2z6zX3wpw8RjVhq6k=,J6GDL7zO6VFaQrUekSWg8pS6SGk=
-45,-55,liHc8ILpRG2z6zX3wpw8RjVhq6k=,J6GDL7zO6VFaQrUekSWg8pS6SGk=
-46,-53,liHc8ILpRG2z6zX3wpw8RjVhq6k=,J6GDL7zO6VFaQrUekSWg8pS6SGk=
-47,-53,liHc8ILpRG2z6zX3wpw8RjVhq6k=,J6GDL7zO6VFaQrUekSWg8pS6SGk=
-40,-55,liHc8ILpRG2z6zX3wpw8RjVhq6k=,PSdqoiysEOI8LVFI6/wBmWEHOb0=
-45,-50,liHc8ILpRG2z6zX3wpw8RjVhq6k=,J6GDL7zO6VFaQrUekSWg8pS6SGk=
-44,-50,liHc8ILpRG2z6zX3wpw8RjVhq6k=,J6GDL7zO6VFaQrUekSWg8pS6SGk=
-43,-50,liHc8ILpRG2z6zX3wpw8RjVhq6k=,J6GDL7zO6VFaQrUekSWg8pS6SGk=
-48,-53,liHc8ILpRG2z6zX3wpw8RjVhq6k=,J6GDL7zO6VFaQrUekSWg8pS6SGk=
-42,-50,liHc8ILpRG2z6zX3wpw8RjVhq6k=,J6GDL7zO6VFaQrUekSWg8pS6SGk=
-41,-49,liHc8ILpRG2z6zX3wpw8RjVhq6k=,J6GDL7zO6VFaQrUekSWg8pS6SGk=
-41,-54,liHc8ILpRG2z6zX3wpw8RjVhq6k=,J6GDL7zO6VFaQrUekSWg8pS6SGk=
-41,-50,liHc8ILpRG2z6zX3wpw8RjVhq6k=,J6GDL7zO6VFaQrUekSWg8pS6SGk=
-48,-49,liHc8ILpRG2z6zX3wpw8RjVhq6k=,J6GDL7zO6VFaQrUekSWg8pS6SGk=
-40,-54,liHc8ILpRG2z6zX3wpw8RjVhq6k=,PSdqoiysEOI8LVFI6/wBmWEHOb0=
-47,-49,liHc8ILpRG2z6zX3wpw8RjVhq6k=,J6GDL7zO6VFaQrUekSWg8pS6SGk=
-46,-49,liHc8ILpRG2z6zX3wpw8RjVhq6k=,J6GDL7zO6VFaQrUekSWg8pS6SGk=
-45,-49,liHc8ILpRG2z6zX3wpw8RjVhq6k=,J6GDL7zO6VFaQrUekSWg8pS6SGk=
-44,-55,liHc8ILpRG2z6zX3wpw8RjVhq6k=,J6GDL7zO6VFaQrUekSWg8pS6SGk=
-42,-54,liHc8ILpRG2z6zX3wpw8RjVhq6k=,J6GDL7zO6VFaQrUekSWg8pS6SGk=
-43,-54,liHc8ILpRG2z6zX3wpw8RjVhq6k=,J6GDL7zO6VFaQrUekSWg8pS6SGk=
-43,-55,liHc8ILpRG2z6zX3wpw8RjVhq6k=,J6GDL7zO6VFaQrUekSWg8pS6SGk=
-44,-49,liHc8ILpRG2z6zX3wpw8RjVhq6k=,J6GDL7zO6VFaQrUekSWg8pS6SGk=
-42,-55,liHc8ILpRG2z6zX3wpw8RjVhq6k=,J6GDL7zO6VFaQrUekSWg8pS6SGk=
-42,-49,liHc8ILpRG2z6zX3wpw8RjVhq6k=,J6GDL7zO6VFaQrUekSWg8pS6SGk=
-41,-55,liHc8ILpRG2z6zX3wpw8RjVhq6k=,J6GDL7zO6VFaQrUekSWg8pS6SGk=
-48,-54,liHc8ILpRG2z6zX3wpw8RjVhq6k=,J6GDL7zO6VFaQrUekSWg8pS6SGk=
-47,-54,liHc8ILpRG2z6zX3wpw8RjVhq6k=,J6GDL7zO6VFaQrUekSWg8pS6SGk=
-46,-54,liHc8ILpRG2z6zX3wpw8RjVhq6k=,J6GDL7zO6VFaQrUekSWg8pS6SGk=
-43,-49,liHc8ILpRG2z6zX3wpw8RjVhq6k=,J6GDL7zO6VFaQrUekSWg8pS6SGk=
-45,-54,liHc8ILpRG2z6zX3wpw8RjVhq6k=,J6GDL7zO6VFaQrUekSWg8pS6SGk=
-44,-54,liHc8ILpRG2z6zX3wpw8RjVhq6k=,J6GDL7zO6VFaQrUekSWg8pS6SGk=
-37,-57,liHc8ILpRG2z6zX3wpw8RjVhq6k=,gPFo+/JZb8AazVecMuZXry91QZg=
-36,-57,liHc8ILpRG2z6zX3wpw8RjVhq6k=,gPFo+/JZb8AazVecMuZXry91QZg=
-38,-57,liHc8ILpRG2z6zX3wpw8RjVhq6k=,gPFo+/JZb8AazVecMuZXry91QZg=
-39,-57,liHc8ILpRG2z6zX3wpw8RjVhq6k=,gPFo+/JZb8AazVecMuZXry91QZg=
-41,-59,liHc8ILpRG2z6zX3wpw8RjVhq6k=,BJgtKoDzWOseq2lmii/IzXwPdrQ=
-35,-57,liHc8ILpRG2z6zX3wpw8RjVhq6k=,gPFo+/JZb8AazVecMuZXry91QZg=
-34,-57,liHc8ILpRG2z6zX3wpw8RjVhq6k=,gPFo+/JZb8AazVecMuZXry91QZg=
-33,-57,liHc8ILpRG2z6zX3wpw8RjVhq6k=,gPFo+/JZb8AazVecMuZXry91QZg=
-40,-57,liHc8ILpRG2z6zX3wpw8RjVhq6k=,gPFo+/JZb8AazVecMuZXry91QZg=
-33,-58,liHc8ILpRG2z6zX3wpw8RjVhq6k=,gPFo+/JZb8AazVecMuZXry91QZg=
-34,-58,liHc8ILpRG2z6zX3wpw8RjVhq6k=,gPFo+/JZb8AazVecMuZXry91QZg=
-35,-58,liHc8ILpRG2z6zX3wpw8RjVhq6k=,gPFo+/JZb8AazVecMuZXry91QZg=
-36,-58,liHc8ILpRG2z6zX3wpw8RjVhq6k=,gPFo+/JZb8AazVecMuZXry91QZg=
-37,-58,liHc8ILpRG2z6zX3wpw8RjVhq6k=,gPFo+/JZb8AazVecMuZXry91QZg=
-38,-58,liHc8ILpRG2z6zX3wpw8RjVhq6k=,gPFo+/JZb8AazVecMuZXry91QZg=
-40,-56,liHc8ILpRG2z6zX3wpw8RjVhq6k=,PSdqoiysEOI8LVFI6/wBmWEHOb0=
-36,-56,liHc8ILpRG2z6zX3wpw8RjVhq6k=,PSdqoiysEOI8LVFI6/wBmWEHOb0=
-41,-60,liHc8ILpRG2z6zX3wpw8RjVhq6k=,BJgtKoDzWOseq2lmii/IzXwPdrQ=
-41,-58,liHc8ILpRG2z6zX3wpw8RjVhq6k=,BJgtKoDzWOseq2lmii/IzXwPdrQ=
-39,-58,liHc8ILpRG2z6zX3wpw8RjVhq6k=,gPFo+/JZb8AazVecMuZXry91QZg=
-41,-64,liHc8ILpRG2z6zX3wpw8RjVhq6k=,BJgtKoDzWOseq2lmii/IzXwPdrQ=
-40,-64,liHc8ILpRG2z6zX3wpw8RjVhq6k=,gPFo+/JZb8AazVecMuZXry91QZg=
-35,-56,liHc8ILpRG2z6zX3wpw8RjVhq6k=,PSdqoiysEOI8LVFI6/wBmWEHOb0=
-40,-58,liHc8ILpRG2z6zX3wpw8RjVhq6k=,gPFo+/JZb8AazVecMuZXry91QZg=
-33,-59,liHc8ILpRG2z6zX3wpw8RjVhq6k=,gPFo+/JZb8AazVecMuZXry91QZg=
-34,-59,liHc8ILpRG2z6zX3wpw8RjVhq6k=,gPFo+/JZb8AazVecMuZXry91QZg=
-35,-59,liHc8ILpRG2z6zX3wpw8RjVhq6k=,gPFo+/JZb8AazVecMuZXry91QZg=
-36,-59,liHc8ILpRG2z6zX3wpw8RjVhq6k=,gPFo+/JZb8AazVecMuZXry91QZg=
-41,-61,liHc8ILpRG2z6zX3wpw8RjVhq6k=,BJgtKoDzWOseq2lmii/IzXwPdrQ=
-39,-64,liHc8ILpRG2z6zX3wpw8RjVhq6k=,gPFo+/JZb8AazVecMuZXry91QZg=
-39,-56,liHc8ILpRG2z6zX3wpw8RjVhq6k=,PSdqoiysEOI8LVFI6/wBmWEHOb0=
-37,-59,liHc8ILpRG2z6zX3wpw8RjVhq6k=,gPFo+/JZb8AazVecMuZXry91QZg=
-38,-64,liHc8ILpRG2z6zX3wpw8RjVhq6k=,gPFo+/JZb8AazVecMuZXry91QZg=
-38,-59,liHc8ILpRG2z6zX3wpw8RjVhq6k=,gPFo+/JZb8AazVecMuZXry91QZg=
-39,-59,liHc8ILpRG2z6zX3wpw8RjVhq6k=,gPFo+/JZb8AazVecMuZXry91QZg=
-33,-60,liHc8ILpRG2z6zX3wpw8RjVhq6k=,gPFo+/JZb8AazVecMuZXry91QZg=
-37,-56,liHc8ILpRG2z6zX3wpw8RjVhq6k=,PSdqoiysEOI8LVFI6/wBmWEHOb0=
-34,-60,liHc8ILpRG2z6zX3wpw8RjVhq6k=,gPFo+/JZb8AazVecMuZXry91QZg=
-35,-60,liHc8ILpRG2z6zX3wpw8RjVhq6k=,gPFo+/JZb8AazVecMuZXry91QZg=
-40,-59,liHc8ILpRG2z6zX3wpw8RjVhq6k=,gPFo+/JZb8AazVecMuZXry91QZg=
-36,-60,liHc8ILpRG2z6zX3wpw8RjVhq6k=,gPFo+/JZb8AazVecMuZXry91QZg=
-37,-60,liHc8ILpRG2z6zX3wpw8RjVhq6k=,gPFo+/JZb8AazVecMuZXry91QZg=
-38,-60,liHc8ILpRG2z6zX3wpw8RjVhq6k=,gPFo+/JZb8AazVecMuZXry91QZg=
-41,-62,liHc8ILpRG2z6zX3wpw8RjVhq6k=,BJgtKoDzWOseq2lmii/IzXwPdrQ=
-39,-60,liHc8ILpRG2z6zX3wpw8RjVhq6k=,gPFo+/JZb8AazVecMuZXry91QZg=
-33,-61,liHc8ILpRG2z6zX3wpw8RjVhq6k=,gPFo+/JZb8AazVecMuZXry91QZg=
-34,-61,liHc8ILpRG2z6zX3wpw8RjVhq6k=,gPFo+/JZb8AazVecMuZXry91QZg=
-35,-61,liHc8ILpRG2z6zX3wpw8RjVhq6k=,gPFo+/JZb8AazVecMuZXry91QZg=
-40,-60,liHc8ILpRG2z6zX3wpw8RjVhq6k=,gPFo+/JZb8AazVecMuZXry91QZg=
-36,-61,liHc8ILpRG2z6zX3wpw8RjVhq6k=,gPFo+/JZb8AazVecMuZXry91QZg=
-37,-61,liHc8ILpRG2z6zX3wpw8RjVhq6k=,gPFo+/JZb8AazVecMuZXry91QZg=
-38,-61,liHc8ILpRG2z6zX3wpw8RjVhq6k=,gPFo+/JZb8AazVecMuZXry91QZg=
-33,-56,liHc8ILpRG2z6zX3wpw8RjVhq6k=,PSdqoiysEOI8LVFI6/wBmWEHOb0=
-40,-61,liHc8ILpRG2z6zX3wpw8RjVhq6k=,gPFo+/JZb8AazVecMuZXry91QZg=
-41,-63,liHc8ILpRG2z6zX3wpw8RjVhq6k=,BJgtKoDzWOseq2lmii/IzXwPdrQ=
-33,-62,liHc8ILpRG2z6zX3wpw8RjVhq6k=,gPFo+/JZb8AazVecMuZXry91QZg=
-39,-61,liHc8ILpRG2z6zX3wpw8RjVhq6k=,gPFo+/JZb8AazVecMuZXry91QZg=
-34,-62,liHc8ILpRG2z6zX3wpw8RjVhq6k=,gPFo+/JZb8AazVecMuZXry91QZg=
-35,-62,liHc8ILpRG2z6zX3wpw8RjVhq6k=,gPFo+/JZb8AazVecMuZXry91QZg=
-36,-62,liHc8ILpRG2z6zX3wpw8RjVhq6k=,gPFo+/JZb8AazVecMuZXry91QZg=
-37,-62,liHc8ILpRG2z6zX3wpw8RjVhq6k=,gPFo+/JZb8AazVecMuZXry91QZg=
-38,-62,liHc8ILpRG2z6zX3wpw8RjVhq6k=,gPFo+/JZb8AazVecMuZXry91QZg=
-40,-62,liHc8ILpRG2z6zX3wpw8RjVhq6k=,gPFo+/JZb8AazVecMuZXry91QZg=
-34,-56,liHc8ILpRG2z6zX3wpw8RjVhq6k=,PSdqoiysEOI8LVFI6/wBmWEHOb0=
-39,-62,liHc8ILpRG2z6zX3wpw8RjVhq6k=,gPFo+/JZb8AazVecMuZXry91QZg=
-33,-63,liHc8ILpRG2z6zX3wpw8RjVhq6k=,gPFo+/JZb8AazVecMuZXry91QZg=
-41,-56,liHc8ILpRG2z6zX3wpw8RjVhq6k=,J6GDL7zO6VFaQrUekSWg8pS6SGk=
-34,-63,liHc8ILpRG2z6zX3wpw8RjVhq6k=,gPFo+/JZb8AazVecMuZXry91QZg=
-35,-63,liHc8ILpRG2z6zX3wpw8RjVhq6k=,gPFo+/JZb8AazVecMuZXry91QZg=
-36,-63,liHc8ILpRG2z6zX3wpw8RjVhq6k=,gPFo+/JZb8AazVecMuZXry91QZg=
-38,-63,liHc8ILpRG2z6zX3wpw8RjVhq6k=,gPFo+/JZb8AazVecMuZXry91QZg=
-40,-63,liHc8ILpRG2z6zX3wpw8RjVhq6k=,gPFo+/JZb8AazVecMuZXry91QZg=
-38,-56,liHc8ILpRG2z6zX3wpw8RjVhq6k=,PSdqoiysEOI8LVFI6/wBmWEHOb0=
-39,-63,liHc8ILpRG2z6zX3wpw8RjVhq6k=,gPFo+/JZb8AazVecMuZXry91QZg=
-37,-64,liHc8ILpRG2z6zX3wpw8RjVhq6k=,gPFo+/JZb8AazVecMuZXry91QZg=
-33,-64,liHc8ILpRG2z6zX3wpw8RjVhq6k=,gPFo+/JZb8AazVecMuZXry91QZg=
-36,-64,liHc8ILpRG2z6zX3wpw8RjVhq6k=,gPFo+/JZb8AazVecMuZXry91QZg=
-41,-57,liHc8ILpRG2z6zX3wpw8RjVhq6k=,BJgtKoDzWOseq2lmii/IzXwPdrQ=
-34,-64,liHc8ILpRG2z6zX3wpw8RjVhq6k=,gPFo+/JZb8AazVecMuZXry91QZg=
-37,-63,liHc8ILpRG2z6zX3wpw8RjVhq6k=,gPFo+/JZb8AazVecMuZXry91QZg=
-35,-64,liHc8ILpRG2z6zX3wpw8RjVhq6k=,gPFo+/JZb8AazVecMuZXry91QZg=
