17,-7,pxHUiouf48Qx5MC228aPm957Irs=,BNrGF22b5xLQpRnuXEbuAlp/iMw=
19,-7,pxHUiouf48Qx5MC228aPm957Irs=,BNrGF22b5xLQpRnuXEbuAlp/iMw=
17,-6,pxHUiouf48Qx5MC228aPm957Irs=,BNrGF22b5xLQpRnuXEbuAlp/iMw=
18,-7,wNQ8eynoETgbQhTK0MnwrnJV+eg=,BNrGF22b5xLQpRnuXEbuAlp/iMw=
19,-6,wNQ8eynoETgbQhTK0MnwrnJV+eg=,BNrGF22b5xLQpRnuXEbuAlp/iMw=
18,-6,wNQ8eynoETgbQhTK0MnwrnJV+eg=,BNrGF22b5xLQpRnuXEbuAlp/iMw=
25,-2,DF1hjlAsSxx+iUKRzA7UxU7bfZE=,7v91svadGESp08S4BT9KQHkrOoM=
26,-2,DF1hjlAsSxx+iUKRzA7UxU7bfZE=,7v91svadGESp08S4BT9KQHkrOoM=
25,-3,DF1hjlAsSxx+iUKRzA7UxU7bfZE=,7v91svadGESp08S4BT9KQHkrOoM=
26,-3,UySJ4dkl/4dtqMsVbFWEcnfp9qQ=,7v91svadGESp08S4BT9KQHkrOoM=
25,-4,UySJ4dkl/4dtqMsVbFWEcnfp9qQ=,7v91svadGESp08S4BT9KQHkrOoM=
26,-4,UySJ4dkl/4dtqMsVbFWEcnfp9qQ=,7v91svadGESp08S4BT9KQHkrOoM=
25,-1,UySJ4dkl/4dtqMsVbFWEcnfp9qQ=,7v91svadGESp08S4BT9KQHkrOoM=
26,-1,UySJ4dkl/4dtqMsVbFWEcnfp9qQ=,7v91svadGESp08S4BT9KQHkrOoM=
16,-7,UySJ4dkl/4dtqMsVbFWEcnfp9qQ=,BNrGF22b5xLQpRnuXEbuAlp/iMw=
16,-6,UySJ4dkl/4dtqMsVbFWEcnfp9qQ=,BNrGF22b5xLQpRnuXEbuAlp/iMw=
27,-2,UySJ4dkl/4dtqMsVbFWEcnfp9qQ=,7v91svadGESp08S4BT9KQHkrOoM=
27,-3,UySJ4dkl/4dtqMsVbFWEcnfp9qQ=,7v91svadGESp08S4BT9KQHkrOoM=
27,-4,UySJ4dkl/4dtqMsVbFWEcnfp9qQ=,7v91svadGESp08S4BT9KQHkrOoM=
17,-8,UySJ4dkl/4dtqMsVbFWEcnfp9qQ=,BNrGF22b5xLQpRnuXEbuAlp/iMw=
18,-8,UySJ4dkl/4dtqMsVbFWEcnfp9qQ=,BNrGF22b5xLQpRnuXEbuAlp/iMw=
19,-8,UySJ4dkl/4dtqMsVbFWEcnfp9qQ=,BNrGF22b5xLQpRnuXEbuAlp/iMw=
27,-1,UySJ4dkl/4dtqMsVbFWEcnfp9qQ=,7v91svadGESp08S4BT9KQHkrOoM=
16,-8,UySJ4dkl/4dtqMsVbFWEcnfp9qQ=,BNrGF22b5xLQpRnuXEbuAlp/iMw=
23,-4,UySJ4dkl/4dtqMsVbFWEcnfp9qQ=,qQlLR9Jm1ArDz5XImHoCARP02hc=
24,-1,UySJ4dkl/4dtqMsVbFWEcnfp9qQ=,7v91svadGESp08S4BT9KQHkrOoM=
21,-4,UySJ4dkl/4dtqMsVbFWEcnfp9qQ=,qQlLR9Jm1ArDz5XImHoCARP02hc=
21,-1,UySJ4dkl/4dtqMsVbFWEcnfp9qQ=,qQlLR9Jm1ArDz5XImHoCARP02hc=
22,-4,UySJ4dkl/4dtqMsVbFWEcnfp9qQ=,qQlLR9Jm1ArDz5XImHoCARP02hc=
23,-2,UySJ4dkl/4dtqMsVbFWEcnfp9qQ=,qQlLR9Jm1ArDz5XImHoCARP02hc=
22,-2,UySJ4dkl/4dtqMsVbFWEcnfp9qQ=,qQlLR9Jm1ArDz5XImHoCARP02hc=
22,-1,UySJ4dkl/4dtqMsVbFWEcnfp9qQ=,qQlLR9Jm1ArDz5XImHoCARP02hc=
24,-3,UySJ4dkl/4dtqMsVbFWEcnfp9qQ=,7v91svadGESp08S4BT9KQHkrOoM=
23,-3,UySJ4dkl/4dtqMsVbFWEcnfp9qQ=,qQlLR9Jm1ArDz5XImHoCARP02hc=
24,-2,UySJ4dkl/4dtqMsVbFWEcnfp9qQ=,7v91svadGESp08S4BT9KQHkrOoM=
22,-3,UySJ4dkl/4dtqMsVbFWEcnfp9qQ=,qQlLR9Jm1ArDz5XImHoCARP02hc=
21,-3,UySJ4dkl/4dtqMsVbFWEcnfp9qQ=,qQlLR9Jm1ArDz5XImHoCARP02hc=
24,-4,UySJ4dkl/4dtqMsVbFWEcnfp9qQ=,7v91svadGESp08S4BT9KQHkrOoM=
23,-1,UySJ4dkl/4dtqMsVbFWEcnfp9qQ=,qQlLR9Jm1ArDz5XImHoCARP02hc=
21,-2,UySJ4dkl/4dtqMsVbFWEcnfp9qQ=,qQlLR9Jm1ArDz5XImHoCARP02hc=
19,-4,UySJ4dkl/4dtqMsVbFWEcnfp9qQ=,KLnLCl5yRZztvTqfy2Jibw1egFs=
16,-3,UySJ4dkl/4dtqMsVbFWEcnfp9qQ=,KLnLCl5yRZztvTqfy2Jibw1egFs=
17,-3,UySJ4dkl/4dtqMsVbFWEcnfp9qQ=,KLnLCl5yRZztvTqfy2Jibw1egFs=
16,-5,UySJ4dkl/4dtqMsVbFWEcnfp9qQ=,BNrGF22b5xLQpRnuXEbuAlp/iMw=
17,-5,UySJ4dkl/4dtqMsVbFWEcnfp9qQ=,BNrGF22b5xLQpRnuXEbuAlp/iMw=
18,-3,UySJ4dkl/4dtqMsVbFWEcnfp9qQ=,KLnLCl5yRZztvTqfy2Jibw1egFs=
16,-4,UySJ4dkl/4dtqMsVbFWEcnfp9qQ=,KLnLCl5yRZztvTqfy2Jibw1egFs=
20,-2,UySJ4dkl/4dtqMsVbFWEcnfp9qQ=,qQlLR9Jm1ArDz5XImHoCARP02hc=
18,-5,UySJ4dkl/4dtqMsVbFWEcnfp9qQ=,BNrGF22b5xLQpRnuXEbuAlp/iMw=
19,-5,UySJ4dkl/4dtqMsVbFWEcnfp9qQ=,BNrGF22b5xLQpRnuXEbuAlp/iMw=
18,-2,UySJ4dkl/4dtqMsVbFWEcnfp9qQ=,KLnLCl5yRZztvTqfy2Jibw1egFs=
19,-2,UySJ4dkl/4dtqMsVbFWEcnfp9qQ=,KLnLCl5yRZztvTqfy2Jibw1egFs=
17,-4,UySJ4dkl/4dtqMsVbFWEcnfp9qQ=,KLnLCl5yRZztvTqfy2Jibw1egFs=
17,-2,UySJ4dkl/4dtqMsVbFWEcnfp9qQ=,KLnLCl5yRZztvTqfy2Jibw1egFs=
16,-2,UySJ4dkl/4dtqMsVbFWEcnfp9qQ=,KLnLCl5yRZztvTqfy2Jibw1egFs=
18,-4,UySJ4dkl/4dtqMsVbFWEcnfp9qQ=,KLnLCl5yRZztvTqfy2Jibw1egFs=
19,-3,UySJ4dkl/4dtqMsVbFWEcnfp9qQ=,KLnLCl5yRZztvTqfy2Jibw1egFs=
20,-1,UySJ4dkl/4dtqMsVbFWEcnfp9qQ=,qQlLR9Jm1ArDz5XImHoCARP02hc=
18,-1,UySJ4dkl/4dtqMsVbFWEcnfp9qQ=,KLnLCl5yRZztvTqfy2Jibw1egFs=
20,-4,UySJ4dkl/4dtqMsVbFWEcnfp9qQ=,qQlLR9Jm1ArDz5XImHoCARP02hc=
20,-3,UySJ4dkl/4dtqMsVbFWEcnfp9qQ=,qQlLR9Jm1ArDz5XImHoCARP02hc=
19,-1,UySJ4dkl/4dtqMsVbFWEcnfp9qQ=,KLnLCl5yRZztvTqfy2Jibw1egFs=
16,-1,UySJ4dkl/4dtqMsVbFWEcnfp9qQ=,KLnLCl5yRZztvTqfy2Jibw1egFs=
17,-1,UySJ4dkl/4dtqMsVbFWEcnfp9qQ=,KLnLCl5yRZztvTqfy2Jibw1egFs=
1,-7,ZfNLVVEaRIYKofqvrh6mAzL/8c8=,a8IJeRyfcJZu+tecxO3DFWOQLYA=
3,-6,ZfNLVVEaRIYKofqvrh6mAzL/8c8=,a8IJeRyfcJZu+tecxO3DFWOQLYA=
2,-6,ZfNLVVEaRIYKofqvrh6mAzL/8c8=,a8IJeRyfcJZu+tecxO3DFWOQLYA=
1,-6,ZfNLVVEaRIYKofqvrh6mAzL/8c8=,a8IJeRyfcJZu+tecxO3DFWOQLYA=
3,-7,ZfNLVVEaRIYKofqvrh6mAzL/8c8=,a8IJeRyfcJZu+tecxO3DFWOQLYA=
2,-7,ZfNLVVEaRIYKofqvrh6mAzL/8c8=,a8IJeRyfcJZu+tecxO3DFWOQLYA=
1,-5,HX7wSxf+fIfSWPT8cl6j8KLBj9A=,a8IJeRyfcJZu+tecxO3DFWOQLYA=
2,-2,HX7wSxf+fIfSWPT8cl6j8KLBj9A=,4iQhjSwNZNERHApoRd76b3/+2XU=
1,-2,HX7wSxf+fIfSWPT8cl6j8KLBj9A=,4iQhjSwNZNERHApoRd76b3/+2XU=
1,-3,dPJbKIufYmOfP8msSZNY66IrT3w=,4iQhjSwNZNERHApoRd76b3/+2XU=
2,-4,dPJbKIufYmOfP8msSZNY66IrT3w=,4iQhjSwNZNERHApoRd76b3/+2XU=
2,-5,nxmHKTF7lZqvyUX3GOzvH/KXyR0=,a8IJeRyfcJZu+tecxO3DFWOQLYA=
1,-4,nxmHKTF7lZqvyUX3GOzvH/KXyR0=,4iQhjSwNZNERHApoRd76b3/+2XU=
2,-3,nxmHKTF7lZqvyUX3GOzvH/KXyR0=,4iQhjSwNZNERHApoRd76b3/+2XU=
13,-3,nxmHKTF7lZqvyUX3GOzvH/KXyR0=,nhAczc1srAuOMCq1NNk9NPM7zsQ=
13,-2,nxmHKTF7lZqvyUX3GOzvH/KXyR0=,nhAczc1srAuOMCq1NNk9NPM7zsQ=
14,-3,nxmHKTF7lZqvyUX3GOzvH/KXyR0=,nhAczc1srAuOMCq1NNk9NPM7zsQ=
14,-2,nxmHKTF7lZqvyUX3GOzvH/KXyR0=,nhAczc1srAuOMCq1NNk9NPM7zsQ=
10,-1,nxmHKTF7lZqvyUX3GOzvH/KXyR0=,c/ttJqkkiBsPfJMViEgqMozK/70=
10,-3,nxmHKTF7lZqvyUX3GOzvH/KXyR0=,c/ttJqkkiBsPfJMViEgqMozK/70=
11,-3,nxmHKTF7lZqvyUX3GOzvH/KXyR0=,c/ttJqkkiBsPfJMViEgqMozK/70=
9,-4,nxmHKTF7lZqvyUX3GOzvH/KXyR0=,c/ttJqkkiBsPfJMViEgqMozK/70=
12,-2,nxmHKTF7lZqvyUX3GOzvH/KXyR0=,nhAczc1srAuOMCq1NNk9NPM7zsQ=
9,-2,nxmHKTF7lZqvyUX3GOzvH/KXyR0=,c/ttJqkkiBsPfJMViEgqMozK/70=
10,-2,nxmHKTF7lZqvyUX3GOzvH/KXyR0=,c/ttJqkkiBsPfJMViEgqMozK/70=
11,-2,nxmHKTF7lZqvyUX3GOzvH/KXyR0=,c/ttJqkkiBsPfJMViEgqMozK/70=
10,-4,nxmHKTF7lZqvyUX3GOzvH/KXyR0=,c/ttJqkkiBsPfJMViEgqMozK/70=
9,-3,nxmHKTF7lZqvyUX3GOzvH/KXyR0=,c/ttJqkkiBsPfJMViEgqMozK/70=
5,-1,nxmHKTF7lZqvyUX3GOzvH/KXyR0=,GpLGqijVyl+PMS4TZxbM07Crsx0=
4,-4,nxmHKTF7lZqvyUX3GOzvH/KXyR0=,GpLGqijVyl+PMS4TZxbM07Crsx0=
14,-1,nxmHKTF7lZqvyUX3GOzvH/KXyR0=,nhAczc1srAuOMCq1NNk9NPM7zsQ=
7,-3,nxmHKTF7lZqvyUX3GOzvH/KXyR0=,GpLGqijVyl+PMS4TZxbM07Crsx0=
9,-1,nxmHKTF7lZqvyUX3GOzvH/KXyR0=,c/ttJqkkiBsPfJMViEgqMozK/70=
12,-3,nxmHKTF7lZqvyUX3GOzvH/KXyR0=,nhAczc1srAuOMCq1NNk9NPM7zsQ=
4,-2,nxmHKTF7lZqvyUX3GOzvH/KXyR0=,GpLGqijVyl+PMS4TZxbM07Crsx0=
6,-1,nxmHKTF7lZqvyUX3GOzvH/KXyR0=,GpLGqijVyl+PMS4TZxbM07Crsx0=
7,-1,nxmHKTF7lZqvyUX3GOzvH/KXyR0=,GpLGqijVyl+PMS4TZxbM07Crsx0=
12,-1,nxmHKTF7lZqvyUX3GOzvH/KXyR0=,nhAczc1srAuOMCq1NNk9NPM7zsQ=
8,-4,nxmHKTF7lZqvyUX3GOzvH/KXyR0=,c/ttJqkkiBsPfJMViEgqMozK/70=
13,-1,nxmHKTF7lZqvyUX3GOzvH/KXyR0=,nhAczc1srAuOMCq1NNk9NPM7zsQ=
5,-2,nxmHKTF7lZqvyUX3GOzvH/KXyR0=,GpLGqijVyl+PMS4TZxbM07Crsx0=
11,-1,nxmHKTF7lZqvyUX3GOzvH/KXyR0=,c/ttJqkkiBsPfJMViEgqMozK/70=
7,-2,nxmHKTF7lZqvyUX3GOzvH/KXyR0=,GpLGqijVyl+PMS4TZxbM07Crsx0=
3,-5,nxmHKTF7lZqvyUX3GOzvH/KXyR0=,a8IJeRyfcJZu+tecxO3DFWOQLYA=
4,-3,nxmHKTF7lZqvyUX3GOzvH/KXyR0=,GpLGqijVyl+PMS4TZxbM07Crsx0=
8,-2,nxmHKTF7lZqvyUX3GOzvH/KXyR0=,c/ttJqkkiBsPfJMViEgqMozK/70=
5,-4,nxmHKTF7lZqvyUX3GOzvH/KXyR0=,GpLGqijVyl+PMS4TZxbM07Crsx0=
3,-4,nxmHKTF7lZqvyUX3GOzvH/KXyR0=,4iQhjSwNZNERHApoRd76b3/+2XU=
8,-3,nxmHKTF7lZqvyUX3GOzvH/KXyR0=,c/ttJqkkiBsPfJMViEgqMozK/70=
5,-3,nxmHKTF7lZqvyUX3GOzvH/KXyR0=,GpLGqijVyl+PMS4TZxbM07Crsx0=
6,-2,nxmHKTF7lZqvyUX3GOzvH/KXyR0=,GpLGqijVyl+PMS4TZxbM07Crsx0=
6,-4,nxmHKTF7lZqvyUX3GOzvH/KXyR0=,GpLGqijVyl+PMS4TZxbM07Crsx0=
3,-3,nxmHKTF7lZqvyUX3GOzvH/KXyR0=,4iQhjSwNZNERHApoRd76b3/+2XU=
6,-3,nxmHKTF7lZqvyUX3GOzvH/KXyR0=,GpLGqijVyl+PMS4TZxbM07Crsx0=
3,-2,nxmHKTF7lZqvyUX3GOzvH/KXyR0=,4iQhjSwNZNERHApoRd76b3/+2XU=
7,-4,nxmHKTF7lZqvyUX3GOzvH/KXyR0=,GpLGqijVyl+PMS4TZxbM07Crsx0=
8,-1,nxmHKTF7lZqvyUX3GOzvH/KXyR0=,c/ttJqkkiBsPfJMViEgqMozK/70=
0,-3,nxmHKTF7lZqvyUX3GOzvH/KXyR0=,4iQhjSwNZNERHApoRd76b3/+2XU=
0,-5,nxmHKTF7lZqvyUX3GOzvH/KXyR0=,a8IJeRyfcJZu+tecxO3DFWOQLYA=
0,-2,nxmHKTF7lZqvyUX3GOzvH/KXyR0=,4iQhjSwNZNERHApoRd76b3/+2XU=
0,-4,nxmHKTF7lZqvyUX3GOzvH/KXyR0=,4iQhjSwNZNERHApoRd76b3/+2XU=
0,-7,nxmHKTF7lZqvyUX3GOzvH/KXyR0=,a8IJeRyfcJZu+tecxO3DFWOQLYA=
1,-1,nxmHKTF7lZqvyUX3GOzvH/KXyR0=,4iQhjSwNZNERHApoRd76b3/+2XU=
0,-6,nxmHKTF7lZqvyUX3GOzvH/KXyR0=,a8IJeRyfcJZu+tecxO3DFWOQLYA=
1,-9,nxmHKTF7lZqvyUX3GOzvH/KXyR0=,fenCyNWarax0OhZrgTe191I5H0E=
2,-9,nxmHKTF7lZqvyUX3GOzvH/KXyR0=,fenCyNWarax0OhZrgTe191I5H0E=
3,-9,nxmHKTF7lZqvyUX3GOzvH/KXyR0=,fenCyNWarax0OhZrgTe191I5H0E=
2,-10,nxmHKTF7lZqvyUX3GOzvH/KXyR0=,fenCyNWarax0OhZrgTe191I5H0E=
1,-8,nxmHKTF7lZqvyUX3GOzvH/KXyR0=,a8IJeRyfcJZu+tecxO3DFWOQLYA=
3,-10,nxmHKTF7lZqvyUX3GOzvH/KXyR0=,fenCyNWarax0OhZrgTe191I5H0E=
2,-8,nxmHKTF7lZqvyUX3GOzvH/KXyR0=,a8IJeRyfcJZu+tecxO3DFWOQLYA=
3,-8,nxmHKTF7lZqvyUX3GOzvH/KXyR0=,a8IJeRyfcJZu+tecxO3DFWOQLYA=
1,-11,nxmHKTF7lZqvyUX3GOzvH/KXyR0=,fenCyNWarax0OhZrgTe191I5H0E=
2,-11,nxmHKTF7lZqvyUX3GOzvH/KXyR0=,fenCyNWarax0OhZrgTe191I5H0E=
3,-11,nxmHKTF7lZqvyUX3GOzvH/KXyR0=,fenCyNWarax0OhZrgTe191I5H0E=
1,-10,nxmHKTF7lZqvyUX3GOzvH/KXyR0=,fenCyNWarax0OhZrgTe191I5H0E=
2,-1,nxmHKTF7lZqvyUX3GOzvH/KXyR0=,4iQhjSwNZNERHApoRd76b3/+2XU=
0,-9,nxmHKTF7lZqvyUX3GOzvH/KXyR0=,fenCyNWarax0OhZrgTe191I5H0E=
0,-10,nxmHKTF7lZqvyUX3GOzvH/KXyR0=,fenCyNWarax0OhZrgTe191I5H0E=
0,-11,nxmHKTF7lZqvyUX3GOzvH/KXyR0=,fenCyNWarax0OhZrgTe191I5H0E=
0,-8,nxmHKTF7lZqvyUX3GOzvH/KXyR0=,a8IJeRyfcJZu+tecxO3DFWOQLYA=
3,-1,nxmHKTF7lZqvyUX3GOzvH/KXyR0=,4iQhjSwNZNERHApoRd76b3/+2XU=
4,-1,nxmHKTF7lZqvyUX3GOzvH/KXyR0=,GpLGqijVyl+PMS4TZxbM07Crsx0=
13,-4,nxmHKTF7lZqvyUX3GOzvH/KXyR0=,nhAczc1srAuOMCq1NNk9NPM7zsQ=
14,-4,nxmHKTF7lZqvyUX3GOzvH/KXyR0=,nhAczc1srAuOMCq1NNk9NPM7zsQ=
12,-4,nxmHKTF7lZqvyUX3GOzvH/KXyR0=,nhAczc1srAuOMCq1NNk9NPM7zsQ=
11,-4,nxmHKTF7lZqvyUX3GOzvH/KXyR0=,c/ttJqkkiBsPfJMViEgqMozK/70=
0,-1,nxmHKTF7lZqvyUX3GOzvH/KXyR0=,4iQhjSwNZNERHApoRd76b3/+2XU=
15,-1,nxmHKTF7lZqvyUX3GOzvH/KXyR0=,nhAczc1srAuOMCq1NNk9NPM7zsQ=
15,-4,nxmHKTF7lZqvyUX3GOzvH/KXyR0=,nhAczc1srAuOMCq1NNk9NPM7zsQ=
15,-2,nxmHKTF7lZqvyUX3GOzvH/KXyR0=,nhAczc1srAuOMCq1NNk9NPM7zsQ=
15,-3,nxmHKTF7lZqvyUX3GOzvH/KXyR0=,nhAczc1srAuOMCq1NNk9NPM7zsQ=
3,-15,nxmHKTF7lZqvyUX3GOzvH/KXyR0=,LpA7STFvwaNBaiN0mOXxz1KctS8=
2,-15,nxmHKTF7lZqvyUX3GOzvH/KXyR0=,LpA7STFvwaNBaiN0mOXxz1KctS8=
3,-13,nxmHKTF7lZqvyUX3GOzvH/KXyR0=,LpA7STFvwaNBaiN0mOXxz1KctS8=
2,-13,nxmHKTF7lZqvyUX3GOzvH/KXyR0=,LpA7STFvwaNBaiN0mOXxz1KctS8=
3,-12,nxmHKTF7lZqvyUX3GOzvH/KXyR0=,fenCyNWarax0OhZrgTe191I5H0E=
1,-13,nxmHKTF7lZqvyUX3GOzvH/KXyR0=,LpA7STFvwaNBaiN0mOXxz1KctS8=
0,-13,nxmHKTF7lZqvyUX3GOzvH/KXyR0=,LpA7STFvwaNBaiN0mOXxz1KctS8=
3,-14,nxmHKTF7lZqvyUX3GOzvH/KXyR0=,LpA7STFvwaNBaiN0mOXxz1KctS8=
1,-15,nxmHKTF7lZqvyUX3GOzvH/KXyR0=,LpA7STFvwaNBaiN0mOXxz1KctS8=
0,-14,nxmHKTF7lZqvyUX3GOzvH/KXyR0=,LpA7STFvwaNBaiN0mOXxz1KctS8=
1,-14,nxmHKTF7lZqvyUX3GOzvH/KXyR0=,LpA7STFvwaNBaiN0mOXxz1KctS8=
3,-16,nxmHKTF7lZqvyUX3GOzvH/KXyR0=,LpA7STFvwaNBaiN0mOXxz1KctS8=
2,-12,nxmHKTF7lZqvyUX3GOzvH/KXyR0=,fenCyNWarax0OhZrgTe191I5H0E=
0,-15,nxmHKTF7lZqvyUX3GOzvH/KXyR0=,LpA7STFvwaNBaiN0mOXxz1KctS8=
1,-12,nxmHKTF7lZqvyUX3GOzvH/KXyR0=,fenCyNWarax0OhZrgTe191I5H0E=
0,-12,nxmHKTF7lZqvyUX3GOzvH/KXyR0=,fenCyNWarax0OhZrgTe191I5H0E=
2,-14,nxmHKTF7lZqvyUX3GOzvH/KXyR0=,LpA7STFvwaNBaiN0mOXxz1KctS8=
1,-16,nxmHKTF7lZqvyUX3GOzvH/KXyR0=,LpA7STFvwaNBaiN0mOXxz1KctS8=
2,-16,nxmHKTF7lZqvyUX3GOzvH/KXyR0=,LpA7STFvwaNBaiN0mOXxz1KctS8=
0,-16,nxmHKTF7lZqvyUX3GOzvH/KXyR0=,LpA7STFvwaNBaiN0mOXxz1KctS8=
5,-31,sTNc5LdyhwrE01L1dXYm516bZ/k=,UELa1FDxVddn4HMeB53cUM2qcFs=
6,-30,sTNc5LdyhwrE01L1dXYm516bZ/k=,UELa1FDxVddn4HMeB53cUM2qcFs=
6,-31,sTNc5LdyhwrE01L1dXYm516bZ/k=,UELa1FDxVddn4HMeB53cUM2qcFs=
5,-30,sTNc5LdyhwrE01L1dXYm516bZ/k=,UELa1FDxVddn4HMeB53cUM2qcFs=
1,-31,cH/lG5GoB2P9GmL2nbz+HlNwCSM=,JNULSIiAstQ9T4F+efMT/Ly2C4Y=
0,-31,cH/lG5GoB2P9GmL2nbz+HlNwCSM=,JNULSIiAstQ9T4F+efMT/Ly2C4Y=
4,-31,cH/lG5GoB2P9GmL2nbz+HlNwCSM=,UELa1FDxVddn4HMeB53cUM2qcFs=
2,-30,cH/lG5GoB2P9GmL2nbz+HlNwCSM=,JNULSIiAstQ9T4F+efMT/Ly2C4Y=
3,-30,cH/lG5GoB2P9GmL2nbz+HlNwCSM=,JNULSIiAstQ9T4F+efMT/Ly2C4Y=
0,-30,cH/lG5GoB2P9GmL2nbz+HlNwCSM=,JNULSIiAstQ9T4F+efMT/Ly2C4Y=
1,-30,8QQP0YPJ8yV7iatoiVbnPLMOX38=,JNULSIiAstQ9T4F+efMT/Ly2C4Y=
3,-31,8QQP0YPJ8yV7iatoiVbnPLMOX38=,JNULSIiAstQ9T4F+efMT/Ly2C4Y=
4,-30,BLO7jzeI0+0tv3vx7xzpBhP9IaY=,UELa1FDxVddn4HMeB53cUM2qcFs=
2,-31,XQksBDoumK4BD3CHNdjXDmwWVvY=,JNULSIiAstQ9T4F+efMT/Ly2C4Y=
5,-23,Mu22WLzC4ragGIglxOwTgFCsTYA=,+v6bYuPsl/2cCaVGkx7kJF+CnT4=
5,-22,Mu22WLzC4ragGIglxOwTgFCsTYA=,+v6bYuPsl/2cCaVGkx7kJF+CnT4=
6,-22,Mu22WLzC4ragGIglxOwTgFCsTYA=,+v6bYuPsl/2cCaVGkx7kJF+CnT4=
6,-23,Mu22WLzC4ragGIglxOwTgFCsTYA=,+v6bYuPsl/2cCaVGkx7kJF+CnT4=
4,-23,5nCwDfEIsdfjH8+03HDFaGVzGLY=,+v6bYuPsl/2cCaVGkx7kJF+CnT4=
3,-23,xV7TWG8NCJ8nG/8nFb39ptSo/As=,/cP5RWyBT+S76Skdoin0f2iA8u0=
4,-22,xV7TWG8NCJ8nG/8nFb39ptSo/As=,+v6bYuPsl/2cCaVGkx7kJF+CnT4=
2,-23,ab0c1cDYVck3mSxCmOIdOOlomfw=,/cP5RWyBT+S76Skdoin0f2iA8u0=
2,-22,ab0c1cDYVck3mSxCmOIdOOlomfw=,/cP5RWyBT+S76Skdoin0f2iA8u0=
3,-22,ab0c1cDYVck3mSxCmOIdOOlomfw=,/cP5RWyBT+S76Skdoin0f2iA8u0=
1,-23,ab0c1cDYVck3mSxCmOIdOOlomfw=,/cP5RWyBT+S76Skdoin0f2iA8u0=
1,-22,ab0c1cDYVck3mSxCmOIdOOlomfw=,/cP5RWyBT+S76Skdoin0f2iA8u0=
6,-24,ab0c1cDYVck3mSxCmOIdOOlomfw=,+v6bYuPsl/2cCaVGkx7kJF+CnT4=
5,-25,ab0c1cDYVck3mSxCmOIdOOlomfw=,/+SNMs/FUu0nAsb+QMnsPyTuYx4=
5,-29,ab0c1cDYVck3mSxCmOIdOOlomfw=,UELa1FDxVddn4HMeB53cUM2qcFs=
5,-24,ab0c1cDYVck3mSxCmOIdOOlomfw=,+v6bYuPsl/2cCaVGkx7kJF+CnT4=
6,-26,ab0c1cDYVck3mSxCmOIdOOlomfw=,/+SNMs/FUu0nAsb+QMnsPyTuYx4=
5,-28,ab0c1cDYVck3mSxCmOIdOOlomfw=,/+SNMs/FUu0nAsb+QMnsPyTuYx4=
6,-28,ab0c1cDYVck3mSxCmOIdOOlomfw=,/+SNMs/FUu0nAsb+QMnsPyTuYx4=
6,-27,ab0c1cDYVck3mSxCmOIdOOlomfw=,/+SNMs/FUu0nAsb+QMnsPyTuYx4=
5,-27,ab0c1cDYVck3mSxCmOIdOOlomfw=,/+SNMs/FUu0nAsb+QMnsPyTuYx4=
6,-25,ab0c1cDYVck3mSxCmOIdOOlomfw=,/+SNMs/FUu0nAsb+QMnsPyTuYx4=
5,-26,ab0c1cDYVck3mSxCmOIdOOlomfw=,/+SNMs/FUu0nAsb+QMnsPyTuYx4=
6,-29,ab0c1cDYVck3mSxCmOIdOOlomfw=,UELa1FDxVddn4HMeB53cUM2qcFs=
5,-19,ab0c1cDYVck3mSxCmOIdOOlomfw=,86SbEFNL7VvavxW8iwRdnjYcuqo=
6,-19,ab0c1cDYVck3mSxCmOIdOOlomfw=,86SbEFNL7VvavxW8iwRdnjYcuqo=
5,-21,ab0c1cDYVck3mSxCmOIdOOlomfw=,+v6bYuPsl/2cCaVGkx7kJF+CnT4=
5,-18,ab0c1cDYVck3mSxCmOIdOOlomfw=,86SbEFNL7VvavxW8iwRdnjYcuqo=
6,-18,ab0c1cDYVck3mSxCmOIdOOlomfw=,86SbEFNL7VvavxW8iwRdnjYcuqo=
5,-20,ab0c1cDYVck3mSxCmOIdOOlomfw=,86SbEFNL7VvavxW8iwRdnjYcuqo=
6,-21,ab0c1cDYVck3mSxCmOIdOOlomfw=,+v6bYuPsl/2cCaVGkx7kJF+CnT4=
5,-17,ab0c1cDYVck3mSxCmOIdOOlomfw=,86SbEFNL7VvavxW8iwRdnjYcuqo=
6,-20,ab0c1cDYVck3mSxCmOIdOOlomfw=,86SbEFNL7VvavxW8iwRdnjYcuqo=
6,-17,ab0c1cDYVck3mSxCmOIdOOlomfw=,86SbEFNL7VvavxW8iwRdnjYcuqo=
1,-32,ab0c1cDYVck3mSxCmOIdOOlomfw=,JNULSIiAstQ9T4F+efMT/Ly2C4Y=
2,-32,ab0c1cDYVck3mSxCmOIdOOlomfw=,JNULSIiAstQ9T4F+efMT/Ly2C4Y=
0,-32,ab0c1cDYVck3mSxCmOIdOOlomfw=,JNULSIiAstQ9T4F+efMT/Ly2C4Y=
3,-32,ab0c1cDYVck3mSxCmOIdOOlomfw=,JNULSIiAstQ9T4F+efMT/Ly2C4Y=
5,-32,ab0c1cDYVck3mSxCmOIdOOlomfw=,UELa1FDxVddn4HMeB53cUM2qcFs=
4,-32,ab0c1cDYVck3mSxCmOIdOOlomfw=,UELa1FDxVddn4HMeB53cUM2qcFs=
6,-32,ab0c1cDYVck3mSxCmOIdOOlomfw=,UELa1FDxVddn4HMeB53cUM2qcFs=
7,-31,ab0c1cDYVck3mSxCmOIdOOlomfw=,UELa1FDxVddn4HMeB53cUM2qcFs=
7,-30,ab0c1cDYVck3mSxCmOIdOOlomfw=,UELa1FDxVddn4HMeB53cUM2qcFs=
7,-32,ab0c1cDYVck3mSxCmOIdOOlomfw=,UELa1FDxVddn4HMeB53cUM2qcFs=
7,-23,ab0c1cDYVck3mSxCmOIdOOlomfw=,+v6bYuPsl/2cCaVGkx7kJF+CnT4=
7,-22,ab0c1cDYVck3mSxCmOIdOOlomfw=,+v6bYuPsl/2cCaVGkx7kJF+CnT4=
7,-21,ab0c1cDYVck3mSxCmOIdOOlomfw=,+v6bYuPsl/2cCaVGkx7kJF+CnT4=
7,-19,ab0c1cDYVck3mSxCmOIdOOlomfw=,86SbEFNL7VvavxW8iwRdnjYcuqo=
7,-18,ab0c1cDYVck3mSxCmOIdOOlomfw=,86SbEFNL7VvavxW8iwRdnjYcuqo=
7,-20,ab0c1cDYVck3mSxCmOIdOOlomfw=,86SbEFNL7VvavxW8iwRdnjYcuqo=
7,-24,ab0c1cDYVck3mSxCmOIdOOlomfw=,+v6bYuPsl/2cCaVGkx7kJF+CnT4=
7,-28,ab0c1cDYVck3mSxCmOIdOOlomfw=,/+SNMs/FUu0nAsb+QMnsPyTuYx4=
7,-26,ab0c1cDYVck3mSxCmOIdOOlomfw=,/+SNMs/FUu0nAsb+QMnsPyTuYx4=
7,-29,ab0c1cDYVck3mSxCmOIdOOlomfw=,UELa1FDxVddn4HMeB53cUM2qcFs=
7,-25,ab0c1cDYVck3mSxCmOIdOOlomfw=,/+SNMs/FUu0nAsb+QMnsPyTuYx4=
7,-17,ab0c1cDYVck3mSxCmOIdOOlomfw=,86SbEFNL7VvavxW8iwRdnjYcuqo=
0,-23,ab0c1cDYVck3mSxCmOIdOOlomfw=,/cP5RWyBT+S76Skdoin0f2iA8u0=
0,-22,ab0c1cDYVck3mSxCmOIdOOlomfw=,/cP5RWyBT+S76Skdoin0f2iA8u0=
7,-27,ab0c1cDYVck3mSxCmOIdOOlomfw=,/+SNMs/FUu0nAsb+QMnsPyTuYx4=
4,-28,ab0c1cDYVck3mSxCmOIdOOlomfw=,/+SNMs/FUu0nAsb+QMnsPyTuYx4=
1,-27,ab0c1cDYVck3mSxCmOIdOOlomfw=,ryr13L4XYcrJ4TeLYSJvSdoptgs=
2,-27,ab0c1cDYVck3mSxCmOIdOOlomfw=,ryr13L4XYcrJ4TeLYSJvSdoptgs=
4,-26,ab0c1cDYVck3mSxCmOIdOOlomfw=,/+SNMs/FUu0nAsb+QMnsPyTuYx4=
0,-29,ab0c1cDYVck3mSxCmOIdOOlomfw=,JNULSIiAstQ9T4F+efMT/Ly2C4Y=
4,-27,ab0c1cDYVck3mSxCmOIdOOlomfw=,/+SNMs/FUu0nAsb+QMnsPyTuYx4=
1,-24,ab0c1cDYVck3mSxCmOIdOOlomfw=,/cP5RWyBT+S76Skdoin0f2iA8u0=
0,-24,ab0c1cDYVck3mSxCmOIdOOlomfw=,/cP5RWyBT+S76Skdoin0f2iA8u0=
3,-27,ab0c1cDYVck3mSxCmOIdOOlomfw=,ryr13L4XYcrJ4TeLYSJvSdoptgs=
3,-25,ab0c1cDYVck3mSxCmOIdOOlomfw=,ryr13L4XYcrJ4TeLYSJvSdoptgs=
4,-24,ab0c1cDYVck3mSxCmOIdOOlomfw=,+v6bYuPsl/2cCaVGkx7kJF+CnT4=
1,-29,ab0c1cDYVck3mSxCmOIdOOlomfw=,JNULSIiAstQ9T4F+efMT/Ly2C4Y=
2,-25,ab0c1cDYVck3mSxCmOIdOOlomfw=,ryr13L4XYcrJ4TeLYSJvSdoptgs=
2,-29,ab0c1cDYVck3mSxCmOIdOOlomfw=,JNULSIiAstQ9T4F+efMT/Ly2C4Y=
2,-24,ab0c1cDYVck3mSxCmOIdOOlomfw=,/cP5RWyBT+S76Skdoin0f2iA8u0=
3,-29,ab0c1cDYVck3mSxCmOIdOOlomfw=,JNULSIiAstQ9T4F+efMT/Ly2C4Y=
0,-28,ab0c1cDYVck3mSxCmOIdOOlomfw=,ryr13L4XYcrJ4TeLYSJvSdoptgs=
0,-26,ab0c1cDYVck3mSxCmOIdOOlomfw=,ryr13L4XYcrJ4TeLYSJvSdoptgs=
1,-26,ab0c1cDYVck3mSxCmOIdOOlomfw=,ryr13L4XYcrJ4TeLYSJvSdoptgs=
1,-28,ab0c1cDYVck3mSxCmOIdOOlomfw=,ryr13L4XYcrJ4TeLYSJvSdoptgs=
4,-29,ab0c1cDYVck3mSxCmOIdOOlomfw=,UELa1FDxVddn4HMeB53cUM2qcFs=
4,-25,ab0c1cDYVck3mSxCmOIdOOlomfw=,/+SNMs/FUu0nAsb+QMnsPyTuYx4=
1,-25,ab0c1cDYVck3mSxCmOIdOOlomfw=,ryr13L4XYcrJ4TeLYSJvSdoptgs=
2,-28,ab0c1cDYVck3mSxCmOIdOOlomfw=,ryr13L4XYcrJ4TeLYSJvSdoptgs=
0,-25,ab0c1cDYVck3mSxCmOIdOOlomfw=,ryr13L4XYcrJ4TeLYSJvSdoptgs=
2,-26,ab0c1cDYVck3mSxCmOIdOOlomfw=,ryr13L4XYcrJ4TeLYSJvSdoptgs=
3,-24,ab0c1cDYVck3mSxCmOIdOOlomfw=,/cP5RWyBT+S76Skdoin0f2iA8u0=
0,-27,ab0c1cDYVck3mSxCmOIdOOlomfw=,ryr13L4XYcrJ4TeLYSJvSdoptgs=
3,-28,ab0c1cDYVck3mSxCmOIdOOlomfw=,ryr13L4XYcrJ4TeLYSJvSdoptgs=
3,-26,ab0c1cDYVck3mSxCmOIdOOlomfw=,ryr13L4XYcrJ4TeLYSJvSdoptgs=
0,-19,ab0c1cDYVck3mSxCmOIdOOlomfw=,bQfCrMLRicXaAfpzNiRDmEBdwc0=
4,-19,ab0c1cDYVck3mSxCmOIdOOlomfw=,86SbEFNL7VvavxW8iwRdnjYcuqo=
1,-19,ab0c1cDYVck3mSxCmOIdOOlomfw=,bQfCrMLRicXaAfpzNiRDmEBdwc0=
4,-17,ab0c1cDYVck3mSxCmOIdOOlomfw=,86SbEFNL7VvavxW8iwRdnjYcuqo=
3,-20,ab0c1cDYVck3mSxCmOIdOOlomfw=,bQfCrMLRicXaAfpzNiRDmEBdwc0=
2,-19,ab0c1cDYVck3mSxCmOIdOOlomfw=,bQfCrMLRicXaAfpzNiRDmEBdwc0=
2,-20,ab0c1cDYVck3mSxCmOIdOOlomfw=,bQfCrMLRicXaAfpzNiRDmEBdwc0=
3,-19,ab0c1cDYVck3mSxCmOIdOOlomfw=,bQfCrMLRicXaAfpzNiRDmEBdwc0=
1,-20,ab0c1cDYVck3mSxCmOIdOOlomfw=,bQfCrMLRicXaAfpzNiRDmEBdwc0=
3,-21,ab0c1cDYVck3mSxCmOIdOOlomfw=,/cP5RWyBT+S76Skdoin0f2iA8u0=
4,-21,ab0c1cDYVck3mSxCmOIdOOlomfw=,+v6bYuPsl/2cCaVGkx7kJF+CnT4=
1,-21,ab0c1cDYVck3mSxCmOIdOOlomfw=,/cP5RWyBT+S76Skdoin0f2iA8u0=
0,-20,ab0c1cDYVck3mSxCmOIdOOlomfw=,bQfCrMLRicXaAfpzNiRDmEBdwc0=
0,-21,ab0c1cDYVck3mSxCmOIdOOlomfw=,/cP5RWyBT+S76Skdoin0f2iA8u0=
2,-21,ab0c1cDYVck3mSxCmOIdOOlomfw=,/cP5RWyBT+S76Skdoin0f2iA8u0=
3,-17,ab0c1cDYVck3mSxCmOIdOOlomfw=,bQfCrMLRicXaAfpzNiRDmEBdwc0=
2,-17,ab0c1cDYVck3mSxCmOIdOOlomfw=,bQfCrMLRicXaAfpzNiRDmEBdwc0=
4,-20,ab0c1cDYVck3mSxCmOIdOOlomfw=,86SbEFNL7VvavxW8iwRdnjYcuqo=
1,-17,ab0c1cDYVck3mSxCmOIdOOlomfw=,bQfCrMLRicXaAfpzNiRDmEBdwc0=
0,-17,ab0c1cDYVck3mSxCmOIdOOlomfw=,bQfCrMLRicXaAfpzNiRDmEBdwc0=
0,-18,ab0c1cDYVck3mSxCmOIdOOlomfw=,bQfCrMLRicXaAfpzNiRDmEBdwc0=
4,-18,ab0c1cDYVck3mSxCmOIdOOlomfw=,86SbEFNL7VvavxW8iwRdnjYcuqo=
3,-18,ab0c1cDYVck3mSxCmOIdOOlomfw=,bQfCrMLRicXaAfpzNiRDmEBdwc0=
1,-18,ab0c1cDYVck3mSxCmOIdOOlomfw=,bQfCrMLRicXaAfpzNiRDmEBdwc0=
2,-18,ab0c1cDYVck3mSxCmOIdOOlomfw=,bQfCrMLRicXaAfpzNiRDmEBdwc0=
