-2,-42,VctDxuR5aA3rKGLByNcVXXH8pqs=,Y2Dz++9Z5AJkuXwo6hD8ILXanUw=
-7,-47,VctDxuR5aA3rKGLByNcVXXH8pqs=,Y2Dz++9Z5AJkuXwo6hD8ILXanUw=
-4,-42,VctDxuR5aA3rKGLByNcVXXH8pqs=,Y2Dz++9Z5AJkuXwo6hD8ILXanUw=
-3,-42,VctDxuR5aA3rKGLByNcVXXH8pqs=,Y2Dz++9Z5AJkuXwo6hD8ILXanUw=
-5,-42,VctDxuR5aA3rKGLByNcVXXH8pqs=,Y2Dz++9Z5AJkuXwo6hD8ILXanUw=
-6,-42,VctDxuR5aA3rKGLByNcVXXH8pqs=,Y2Dz++9Z5AJkuXwo6hD8ILXanUw=
-7,-42,VctDxuR5aA3rKGLByNcVXXH8pqs=,Y2Dz++9Z5AJkuXwo6hD8ILXanUw=
-3,-43,yNdpOX+qKKiRbyyHLnOLVqMGJVE=,Y2Dz++9Z5AJkuXwo6hD8ILXanUw=
-2,-43,yNdpOX+qKKiRbyyHLnOLVqMGJVE=,Y2Dz++9Z5AJkuXwo6hD8ILXanUw=
-4,-43,yNdpOX+qKKiRbyyHLnOLVqMGJVE=,Y2Dz++9Z5AJkuXwo6hD8ILXanUw=
-5,-43,yNdpOX+qKKiRbyyHLnOLVqMGJVE=,Y2Dz++9Z5AJkuXwo6hD8ILXanUw=
-7,-43,SlVCseu526gowgADLtCkNUzh7AY=,Y2Dz++9Z5AJkuXwo6hD8ILXanUw=
-6,-43,SlVCseu526gowgADLtCkNUzh7AY=,Y2Dz++9Z5AJkuXwo6hD8ILXanUw=
-2,-44,ilheI9IKaYw8XrgXAzUFFT4IapM=,Y2Dz++9Z5AJkuXwo6hD8ILXanUw=
-5,-44,ilheI9IKaYw8XrgXAzUFFT4IapM=,Y2Dz++9Z5AJkuXwo6hD8ILXanUw=
-4,-44,ilheI9IKaYw8XrgXAzUFFT4IapM=,Y2Dz++9Z5AJkuXwo6hD8ILXanUw=
-3,-44,ilheI9IKaYw8XrgXAzUFFT4IapM=,Y2Dz++9Z5AJkuXwo6hD8ILXanUw=
-6,-44,ilheI9IKaYw8XrgXAzUFFT4IapM=,Y2Dz++9Z5AJkuXwo6hD8ILXanUw=
-7,-44,ilheI9IKaYw8XrgXAzUFFT4IapM=,Y2Dz++9Z5AJkuXwo6hD8ILXanUw=
-2,-45,ilheI9IKaYw8XrgXAzUFFT4IapM=,Y2Dz++9Z5AJkuXwo6hD8ILXanUw=
-3,-45,ilheI9IKaYw8XrgXAzUFFT4IapM=,Y2Dz++9Z5AJkuXwo6hD8ILXanUw=
-4,-45,ilheI9IKaYw8XrgXAzUFFT4IapM=,Y2Dz++9Z5AJkuXwo6hD8ILXanUw=
-5,-45,ilheI9IKaYw8XrgXAzUFFT4IapM=,Y2Dz++9Z5AJkuXwo6hD8ILXanUw=
-6,-45,ilheI9IKaYw8XrgXAzUFFT4IapM=,Y2Dz++9Z5AJkuXwo6hD8ILXanUw=
-7,-45,ilheI9IKaYw8XrgXAzUFFT4IapM=,Y2Dz++9Z5AJkuXwo6hD8ILXanUw=
-2,-46,ilheI9IKaYw8XrgXAzUFFT4IapM=,Y2Dz++9Z5AJkuXwo6hD8ILXanUw=
-3,-46,ilheI9IKaYw8XrgXAzUFFT4IapM=,Y2Dz++9Z5AJkuXwo6hD8ILXanUw=
-4,-46,ilheI9IKaYw8XrgXAzUFFT4IapM=,Y2Dz++9Z5AJkuXwo6hD8ILXanUw=
-5,-46,ilheI9IKaYw8XrgXAzUFFT4IapM=,Y2Dz++9Z5AJkuXwo6hD8ILXanUw=
-6,-46,ilheI9IKaYw8XrgXAzUFFT4IapM=,Y2Dz++9Z5AJkuXwo6hD8ILXanUw=
-7,-46,ilheI9IKaYw8XrgXAzUFFT4IapM=,Y2Dz++9Z5AJkuXwo6hD8ILXanUw=
-2,-47,ilheI9IKaYw8XrgXAzUFFT4IapM=,Y2Dz++9Z5AJkuXwo6hD8ILXanUw=
-3,-47,ilheI9IKaYw8XrgXAzUFFT4IapM=,Y2Dz++9Z5AJkuXwo6hD8ILXanUw=
-4,-47,ilheI9IKaYw8XrgXAzUFFT4IapM=,Y2Dz++9Z5AJkuXwo6hD8ILXanUw=
-6,-47,ilheI9IKaYw8XrgXAzUFFT4IapM=,Y2Dz++9Z5AJkuXwo6hD8ILXanUw=
-1,-47,ilheI9IKaYw8XrgXAzUFFT4IapM=,Y2Dz++9Z5AJkuXwo6hD8ILXanUw=
-5,-47,ilheI9IKaYw8XrgXAzUFFT4IapM=,Y2Dz++9Z5AJkuXwo6hD8ILXanUw=
-1,-46,ilheI9IKaYw8XrgXAzUFFT4IapM=,Y2Dz++9Z5AJkuXwo6hD8ILXanUw=
-1,-45,ilheI9IKaYw8XrgXAzUFFT4IapM=,Y2Dz++9Z5AJkuXwo6hD8ILXanUw=
-1,-44,ilheI9IKaYw8XrgXAzUFFT4IapM=,Y2Dz++9Z5AJkuXwo6hD8ILXanUw=
-1,-43,ilheI9IKaYw8XrgXAzUFFT4IapM=,Y2Dz++9Z5AJkuXwo6hD8ILXanUw=
-1,-42,ilheI9IKaYw8XrgXAzUFFT4IapM=,Y2Dz++9Z5AJkuXwo6hD8ILXanUw=
-7,-48,ilheI9IKaYw8XrgXAzUFFT4IapM=,Y2Dz++9Z5AJkuXwo6hD8ILXanUw=
-6,-48,ilheI9IKaYw8XrgXAzUFFT4IapM=,Y2Dz++9Z5AJkuXwo6hD8ILXanUw=
-5,-48,ilheI9IKaYw8XrgXAzUFFT4IapM=,Y2Dz++9Z5AJkuXwo6hD8ILXanUw=
-4,-48,ilheI9IKaYw8XrgXAzUFFT4IapM=,Y2Dz++9Z5AJkuXwo6hD8ILXanUw=
-3,-48,ilheI9IKaYw8XrgXAzUFFT4IapM=,Y2Dz++9Z5AJkuXwo6hD8ILXanUw=
-1,-48,ilheI9IKaYw8XrgXAzUFFT4IapM=,Y2Dz++9Z5AJkuXwo6hD8ILXanUw=
-2,-48,ilheI9IKaYw8XrgXAzUFFT4IapM=,Y2Dz++9Z5AJkuXwo6hD8ILXanUw=
-2,-34,ilheI9IKaYw8XrgXAzUFFT4IapM=,+AwrB7l53f86uKERLk3JiO3hwnQ=
-4,-41,ilheI9IKaYw8XrgXAzUFFT4IapM=,Y2Dz++9Z5AJkuXwo6hD8ILXanUw=
-3,-41,ilheI9IKaYw8XrgXAzUFFT4IapM=,Y2Dz++9Z5AJkuXwo6hD8ILXanUw=
-4,-33,ilheI9IKaYw8XrgXAzUFFT4IapM=,+AwrB7l53f86uKERLk3JiO3hwnQ=
-5,-33,ilheI9IKaYw8XrgXAzUFFT4IapM=,+AwrB7l53f86uKERLk3JiO3hwnQ=
-3,-33,ilheI9IKaYw8XrgXAzUFFT4IapM=,+AwrB7l53f86uKERLk3JiO3hwnQ=
-2,-33,ilheI9IKaYw8XrgXAzUFFT4IapM=,+AwrB7l53f86uKERLk3JiO3hwnQ=
-3,-34,ilheI9IKaYw8XrgXAzUFFT4IapM=,+AwrB7l53f86uKERLk3JiO3hwnQ=
-1,-34,ilheI9IKaYw8XrgXAzUFFT4IapM=,+AwrB7l53f86uKERLk3JiO3hwnQ=
-1,-33,ilheI9IKaYw8XrgXAzUFFT4IapM=,+AwrB7l53f86uKERLk3JiO3hwnQ=
-2,-41,ilheI9IKaYw8XrgXAzUFFT4IapM=,Y2Dz++9Z5AJkuXwo6hD8ILXanUw=
-6,-38,ilheI9IKaYw8XrgXAzUFFT4IapM=,+AwrB7l53f86uKERLk3JiO3hwnQ=
-4,-40,ilheI9IKaYw8XrgXAzUFFT4IapM=,+AwrB7l53f86uKERLk3JiO3hwnQ=
-2,-35,ilheI9IKaYw8XrgXAzUFFT4IapM=,+AwrB7l53f86uKERLk3JiO3hwnQ=
-3,-40,ilheI9IKaYw8XrgXAzUFFT4IapM=,+AwrB7l53f86uKERLk3JiO3hwnQ=
-6,-40,ilheI9IKaYw8XrgXAzUFFT4IapM=,+AwrB7l53f86uKERLk3JiO3hwnQ=
-6,-37,ilheI9IKaYw8XrgXAzUFFT4IapM=,+AwrB7l53f86uKERLk3JiO3hwnQ=
-5,-38,ilheI9IKaYw8XrgXAzUFFT4IapM=,+AwrB7l53f86uKERLk3JiO3hwnQ=
-5,-37,ilheI9IKaYw8XrgXAzUFFT4IapM=,+AwrB7l53f86uKERLk3JiO3hwnQ=
-4,-37,ilheI9IKaYw8XrgXAzUFFT4IapM=,+AwrB7l53f86uKERLk3JiO3hwnQ=
-4,-38,ilheI9IKaYw8XrgXAzUFFT4IapM=,+AwrB7l53f86uKERLk3JiO3hwnQ=
-3,-37,ilheI9IKaYw8XrgXAzUFFT4IapM=,+AwrB7l53f86uKERLk3JiO3hwnQ=
-3,-38,ilheI9IKaYw8XrgXAzUFFT4IapM=,+AwrB7l53f86uKERLk3JiO3hwnQ=
-2,-38,ilheI9IKaYw8XrgXAzUFFT4IapM=,+AwrB7l53f86uKERLk3JiO3hwnQ=
-1,-38,ilheI9IKaYw8XrgXAzUFFT4IapM=,+AwrB7l53f86uKERLk3JiO3hwnQ=
-2,-37,ilheI9IKaYw8XrgXAzUFFT4IapM=,+AwrB7l53f86uKERLk3JiO3hwnQ=
-1,-37,ilheI9IKaYw8XrgXAzUFFT4IapM=,+AwrB7l53f86uKERLk3JiO3hwnQ=
-1,-41,ilheI9IKaYw8XrgXAzUFFT4IapM=,Y2Dz++9Z5AJkuXwo6hD8ILXanUw=
-7,-37,ilheI9IKaYw8XrgXAzUFFT4IapM=,+AwrB7l53f86uKERLk3JiO3hwnQ=
-7,-40,ilheI9IKaYw8XrgXAzUFFT4IapM=,+AwrB7l53f86uKERLk3JiO3hwnQ=
-2,-40,ilheI9IKaYw8XrgXAzUFFT4IapM=,+AwrB7l53f86uKERLk3JiO3hwnQ=
-7,-35,ilheI9IKaYw8XrgXAzUFFT4IapM=,+AwrB7l53f86uKERLk3JiO3hwnQ=
-4,-39,ilheI9IKaYw8XrgXAzUFFT4IapM=,+AwrB7l53f86uKERLk3JiO3hwnQ=
-3,-39,ilheI9IKaYw8XrgXAzUFFT4IapM=,+AwrB7l53f86uKERLk3JiO3hwnQ=
-1,-40,ilheI9IKaYw8XrgXAzUFFT4IapM=,+AwrB7l53f86uKERLk3JiO3hwnQ=
-7,-36,ilheI9IKaYw8XrgXAzUFFT4IapM=,+AwrB7l53f86uKERLk3JiO3hwnQ=
-6,-36,ilheI9IKaYw8XrgXAzUFFT4IapM=,+AwrB7l53f86uKERLk3JiO3hwnQ=
-6,-35,ilheI9IKaYw8XrgXAzUFFT4IapM=,+AwrB7l53f86uKERLk3JiO3hwnQ=
-5,-36,ilheI9IKaYw8XrgXAzUFFT4IapM=,+AwrB7l53f86uKERLk3JiO3hwnQ=
-2,-39,ilheI9IKaYw8XrgXAzUFFT4IapM=,+AwrB7l53f86uKERLk3JiO3hwnQ=
-5,-40,ilheI9IKaYw8XrgXAzUFFT4IapM=,+AwrB7l53f86uKERLk3JiO3hwnQ=
-5,-35,ilheI9IKaYw8XrgXAzUFFT4IapM=,+AwrB7l53f86uKERLk3JiO3hwnQ=
-4,-36,ilheI9IKaYw8XrgXAzUFFT4IapM=,+AwrB7l53f86uKERLk3JiO3hwnQ=
-1,-39,ilheI9IKaYw8XrgXAzUFFT4IapM=,+AwrB7l53f86uKERLk3JiO3hwnQ=
-1,-35,ilheI9IKaYw8XrgXAzUFFT4IapM=,+AwrB7l53f86uKERLk3JiO3hwnQ=
-3,-36,ilheI9IKaYw8XrgXAzUFFT4IapM=,+AwrB7l53f86uKERLk3JiO3hwnQ=
-7,-39,ilheI9IKaYw8XrgXAzUFFT4IapM=,+AwrB7l53f86uKERLk3JiO3hwnQ=
-4,-35,ilheI9IKaYw8XrgXAzUFFT4IapM=,+AwrB7l53f86uKERLk3JiO3hwnQ=
-7,-34,ilheI9IKaYw8XrgXAzUFFT4IapM=,+AwrB7l53f86uKERLk3JiO3hwnQ=
-2,-36,ilheI9IKaYw8XrgXAzUFFT4IapM=,+AwrB7l53f86uKERLk3JiO3hwnQ=
-7,-33,ilheI9IKaYw8XrgXAzUFFT4IapM=,+AwrB7l53f86uKERLk3JiO3hwnQ=
-6,-34,ilheI9IKaYw8XrgXAzUFFT4IapM=,+AwrB7l53f86uKERLk3JiO3hwnQ=
-6,-39,ilheI9IKaYw8XrgXAzUFFT4IapM=,+AwrB7l53f86uKERLk3JiO3hwnQ=
-5,-34,ilheI9IKaYw8XrgXAzUFFT4IapM=,+AwrB7l53f86uKERLk3JiO3hwnQ=
-1,-36,ilheI9IKaYw8XrgXAzUFFT4IapM=,+AwrB7l53f86uKERLk3JiO3hwnQ=
-4,-34,ilheI9IKaYw8XrgXAzUFFT4IapM=,+AwrB7l53f86uKERLk3JiO3hwnQ=
-6,-33,ilheI9IKaYw8XrgXAzUFFT4IapM=,+AwrB7l53f86uKERLk3JiO3hwnQ=
-7,-38,ilheI9IKaYw8XrgXAzUFFT4IapM=,+AwrB7l53f86uKERLk3JiO3hwnQ=
-3,-35,ilheI9IKaYw8XrgXAzUFFT4IapM=,+AwrB7l53f86uKERLk3JiO3hwnQ=
-7,-41,ilheI9IKaYw8XrgXAzUFFT4IapM=,Y2Dz++9Z5AJkuXwo6hD8ILXanUw=
-6,-41,ilheI9IKaYw8XrgXAzUFFT4IapM=,Y2Dz++9Z5AJkuXwo6hD8ILXanUw=
-5,-41,ilheI9IKaYw8XrgXAzUFFT4IapM=,Y2Dz++9Z5AJkuXwo6hD8ILXanUw=
-5,-39,ilheI9IKaYw8XrgXAzUFFT4IapM=,+AwrB7l53f86uKERLk3JiO3hwnQ=
-12,-43,ilheI9IKaYw8XrgXAzUFFT4IapM=,1ezpXAZkjtPZxkRwhWmMOyZE1S4=
-11,-43,ilheI9IKaYw8XrgXAzUFFT4IapM=,1ezpXAZkjtPZxkRwhWmMOyZE1S4=
-10,-43,ilheI9IKaYw8XrgXAzUFFT4IapM=,1ezpXAZkjtPZxkRwhWmMOyZE1S4=
-9,-43,ilheI9IKaYw8XrgXAzUFFT4IapM=,1ezpXAZkjtPZxkRwhWmMOyZE1S4=
-16,-42,ilheI9IKaYw8XrgXAzUFFT4IapM=,1ezpXAZkjtPZxkRwhWmMOyZE1S4=
-16,-48,ilheI9IKaYw8XrgXAzUFFT4IapM=,1ezpXAZkjtPZxkRwhWmMOyZE1S4=
-14,-42,ilheI9IKaYw8XrgXAzUFFT4IapM=,1ezpXAZkjtPZxkRwhWmMOyZE1S4=
-13,-42,ilheI9IKaYw8XrgXAzUFFT4IapM=,1ezpXAZkjtPZxkRwhWmMOyZE1S4=
-15,-48,ilheI9IKaYw8XrgXAzUFFT4IapM=,1ezpXAZkjtPZxkRwhWmMOyZE1S4=
-12,-42,ilheI9IKaYw8XrgXAzUFFT4IapM=,1ezpXAZkjtPZxkRwhWmMOyZE1S4=
-13,-48,ilheI9IKaYw8XrgXAzUFFT4IapM=,1ezpXAZkjtPZxkRwhWmMOyZE1S4=
-14,-48,ilheI9IKaYw8XrgXAzUFFT4IapM=,1ezpXAZkjtPZxkRwhWmMOyZE1S4=
-11,-48,ilheI9IKaYw8XrgXAzUFFT4IapM=,1ezpXAZkjtPZxkRwhWmMOyZE1S4=
-11,-42,ilheI9IKaYw8XrgXAzUFFT4IapM=,1ezpXAZkjtPZxkRwhWmMOyZE1S4=
-10,-42,ilheI9IKaYw8XrgXAzUFFT4IapM=,1ezpXAZkjtPZxkRwhWmMOyZE1S4=
-12,-48,ilheI9IKaYw8XrgXAzUFFT4IapM=,1ezpXAZkjtPZxkRwhWmMOyZE1S4=
-9,-42,ilheI9IKaYw8XrgXAzUFFT4IapM=,1ezpXAZkjtPZxkRwhWmMOyZE1S4=
-9,-48,ilheI9IKaYw8XrgXAzUFFT4IapM=,1ezpXAZkjtPZxkRwhWmMOyZE1S4=
-16,-47,ilheI9IKaYw8XrgXAzUFFT4IapM=,1ezpXAZkjtPZxkRwhWmMOyZE1S4=
-8,-47,ilheI9IKaYw8XrgXAzUFFT4IapM=,Y2Dz++9Z5AJkuXwo6hD8ILXanUw=
-10,-48,ilheI9IKaYw8XrgXAzUFFT4IapM=,1ezpXAZkjtPZxkRwhWmMOyZE1S4=
-15,-47,ilheI9IKaYw8XrgXAzUFFT4IapM=,1ezpXAZkjtPZxkRwhWmMOyZE1S4=
-14,-47,ilheI9IKaYw8XrgXAzUFFT4IapM=,1ezpXAZkjtPZxkRwhWmMOyZE1S4=
-13,-47,ilheI9IKaYw8XrgXAzUFFT4IapM=,1ezpXAZkjtPZxkRwhWmMOyZE1S4=
-12,-47,ilheI9IKaYw8XrgXAzUFFT4IapM=,1ezpXAZkjtPZxkRwhWmMOyZE1S4=
-11,-47,ilheI9IKaYw8XrgXAzUFFT4IapM=,1ezpXAZkjtPZxkRwhWmMOyZE1S4=
-10,-47,ilheI9IKaYw8XrgXAzUFFT4IapM=,1ezpXAZkjtPZxkRwhWmMOyZE1S4=
-8,-46,ilheI9IKaYw8XrgXAzUFFT4IapM=,Y2Dz++9Z5AJkuXwo6hD8ILXanUw=
-16,-46,ilheI9IKaYw8XrgXAzUFFT4IapM=,1ezpXAZkjtPZxkRwhWmMOyZE1S4=
-15,-46,ilheI9IKaYw8XrgXAzUFFT4IapM=,1ezpXAZkjtPZxkRwhWmMOyZE1S4=
-9,-47,ilheI9IKaYw8XrgXAzUFFT4IapM=,1ezpXAZkjtPZxkRwhWmMOyZE1S4=
-14,-46,ilheI9IKaYw8XrgXAzUFFT4IapM=,1ezpXAZkjtPZxkRwhWmMOyZE1S4=
-12,-46,ilheI9IKaYw8XrgXAzUFFT4IapM=,1ezpXAZkjtPZxkRwhWmMOyZE1S4=
-13,-46,ilheI9IKaYw8XrgXAzUFFT4IapM=,1ezpXAZkjtPZxkRwhWmMOyZE1S4=
-8,-45,ilheI9IKaYw8XrgXAzUFFT4IapM=,Y2Dz++9Z5AJkuXwo6hD8ILXanUw=
-10,-46,ilheI9IKaYw8XrgXAzUFFT4IapM=,1ezpXAZkjtPZxkRwhWmMOyZE1S4=
-9,-46,ilheI9IKaYw8XrgXAzUFFT4IapM=,1ezpXAZkjtPZxkRwhWmMOyZE1S4=
-11,-46,ilheI9IKaYw8XrgXAzUFFT4IapM=,1ezpXAZkjtPZxkRwhWmMOyZE1S4=
-15,-45,ilheI9IKaYw8XrgXAzUFFT4IapM=,1ezpXAZkjtPZxkRwhWmMOyZE1S4=
-8,-44,ilheI9IKaYw8XrgXAzUFFT4IapM=,Y2Dz++9Z5AJkuXwo6hD8ILXanUw=
-16,-45,ilheI9IKaYw8XrgXAzUFFT4IapM=,1ezpXAZkjtPZxkRwhWmMOyZE1S4=
-14,-45,ilheI9IKaYw8XrgXAzUFFT4IapM=,1ezpXAZkjtPZxkRwhWmMOyZE1S4=
-8,-43,ilheI9IKaYw8XrgXAzUFFT4IapM=,Y2Dz++9Z5AJkuXwo6hD8ILXanUw=
-13,-45,ilheI9IKaYw8XrgXAzUFFT4IapM=,1ezpXAZkjtPZxkRwhWmMOyZE1S4=
-12,-45,ilheI9IKaYw8XrgXAzUFFT4IapM=,1ezpXAZkjtPZxkRwhWmMOyZE1S4=
-10,-45,ilheI9IKaYw8XrgXAzUFFT4IapM=,1ezpXAZkjtPZxkRwhWmMOyZE1S4=
-9,-45,ilheI9IKaYw8XrgXAzUFFT4IapM=,1ezpXAZkjtPZxkRwhWmMOyZE1S4=
-8,-42,ilheI9IKaYw8XrgXAzUFFT4IapM=,Y2Dz++9Z5AJkuXwo6hD8ILXanUw=
-11,-45,ilheI9IKaYw8XrgXAzUFFT4IapM=,1ezpXAZkjtPZxkRwhWmMOyZE1S4=
-16,-44,ilheI9IKaYw8XrgXAzUFFT4IapM=,1ezpXAZkjtPZxkRwhWmMOyZE1S4=
-14,-44,ilheI9IKaYw8XrgXAzUFFT4IapM=,1ezpXAZkjtPZxkRwhWmMOyZE1S4=
-15,-44,ilheI9IKaYw8XrgXAzUFFT4IapM=,1ezpXAZkjtPZxkRwhWmMOyZE1S4=
-12,-44,ilheI9IKaYw8XrgXAzUFFT4IapM=,1ezpXAZkjtPZxkRwhWmMOyZE1S4=
-13,-44,ilheI9IKaYw8XrgXAzUFFT4IapM=,1ezpXAZkjtPZxkRwhWmMOyZE1S4=
-9,-44,ilheI9IKaYw8XrgXAzUFFT4IapM=,1ezpXAZkjtPZxkRwhWmMOyZE1S4=
-10,-44,ilheI9IKaYw8XrgXAzUFFT4IapM=,1ezpXAZkjtPZxkRwhWmMOyZE1S4=
-11,-44,ilheI9IKaYw8XrgXAzUFFT4IapM=,1ezpXAZkjtPZxkRwhWmMOyZE1S4=
-16,-43,ilheI9IKaYw8XrgXAzUFFT4IapM=,1ezpXAZkjtPZxkRwhWmMOyZE1S4=
-15,-43,ilheI9IKaYw8XrgXAzUFFT4IapM=,1ezpXAZkjtPZxkRwhWmMOyZE1S4=
-13,-43,ilheI9IKaYw8XrgXAzUFFT4IapM=,1ezpXAZkjtPZxkRwhWmMOyZE1S4=
-14,-43,ilheI9IKaYw8XrgXAzUFFT4IapM=,1ezpXAZkjtPZxkRwhWmMOyZE1S4=
-8,-48,ilheI9IKaYw8XrgXAzUFFT4IapM=,Y2Dz++9Z5AJkuXwo6hD8ILXanUw=
-15,-42,ilheI9IKaYw8XrgXAzUFFT4IapM=,1ezpXAZkjtPZxkRwhWmMOyZE1S4=
-8,-33,ilheI9IKaYw8XrgXAzUFFT4IapM=,+AwrB7l53f86uKERLk3JiO3hwnQ=
-8,-40,ilheI9IKaYw8XrgXAzUFFT4IapM=,+AwrB7l53f86uKERLk3JiO3hwnQ=
-9,-33,ilheI9IKaYw8XrgXAzUFFT4IapM=,0nxZUVfweAYl/6O4KW3H9LL2VNw=
-13,-37,ilheI9IKaYw8XrgXAzUFFT4IapM=,0nxZUVfweAYl/6O4KW3H9LL2VNw=
-12,-37,ilheI9IKaYw8XrgXAzUFFT4IapM=,0nxZUVfweAYl/6O4KW3H9LL2VNw=
-11,-37,ilheI9IKaYw8XrgXAzUFFT4IapM=,0nxZUVfweAYl/6O4KW3H9LL2VNw=
-11,-33,ilheI9IKaYw8XrgXAzUFFT4IapM=,0nxZUVfweAYl/6O4KW3H9LL2VNw=
-14,-37,ilheI9IKaYw8XrgXAzUFFT4IapM=,0nxZUVfweAYl/6O4KW3H9LL2VNw=
-10,-37,ilheI9IKaYw8XrgXAzUFFT4IapM=,0nxZUVfweAYl/6O4KW3H9LL2VNw=
-9,-37,ilheI9IKaYw8XrgXAzUFFT4IapM=,0nxZUVfweAYl/6O4KW3H9LL2VNw=
-8,-36,ilheI9IKaYw8XrgXAzUFFT4IapM=,+AwrB7l53f86uKERLk3JiO3hwnQ=
-16,-36,ilheI9IKaYw8XrgXAzUFFT4IapM=,0nxZUVfweAYl/6O4KW3H9LL2VNw=
-10,-33,ilheI9IKaYw8XrgXAzUFFT4IapM=,0nxZUVfweAYl/6O4KW3H9LL2VNw=
-12,-33,ilheI9IKaYw8XrgXAzUFFT4IapM=,0nxZUVfweAYl/6O4KW3H9LL2VNw=
-15,-37,ilheI9IKaYw8XrgXAzUFFT4IapM=,0nxZUVfweAYl/6O4KW3H9LL2VNw=
-16,-37,ilheI9IKaYw8XrgXAzUFFT4IapM=,0nxZUVfweAYl/6O4KW3H9LL2VNw=
-8,-41,ilheI9IKaYw8XrgXAzUFFT4IapM=,Y2Dz++9Z5AJkuXwo6hD8ILXanUw=
-8,-35,ilheI9IKaYw8XrgXAzUFFT4IapM=,+AwrB7l53f86uKERLk3JiO3hwnQ=
-15,-36,ilheI9IKaYw8XrgXAzUFFT4IapM=,0nxZUVfweAYl/6O4KW3H9LL2VNw=
-8,-37,ilheI9IKaYw8XrgXAzUFFT4IapM=,+AwrB7l53f86uKERLk3JiO3hwnQ=
-14,-33,ilheI9IKaYw8XrgXAzUFFT4IapM=,0nxZUVfweAYl/6O4KW3H9LL2VNw=
-9,-38,ilheI9IKaYw8XrgXAzUFFT4IapM=,0nxZUVfweAYl/6O4KW3H9LL2VNw=
-13,-33,ilheI9IKaYw8XrgXAzUFFT4IapM=,0nxZUVfweAYl/6O4KW3H9LL2VNw=
-14,-36,ilheI9IKaYw8XrgXAzUFFT4IapM=,0nxZUVfweAYl/6O4KW3H9LL2VNw=
-10,-38,ilheI9IKaYw8XrgXAzUFFT4IapM=,0nxZUVfweAYl/6O4KW3H9LL2VNw=
-11,-38,ilheI9IKaYw8XrgXAzUFFT4IapM=,0nxZUVfweAYl/6O4KW3H9LL2VNw=
-15,-33,ilheI9IKaYw8XrgXAzUFFT4IapM=,0nxZUVfweAYl/6O4KW3H9LL2VNw=
-13,-38,ilheI9IKaYw8XrgXAzUFFT4IapM=,0nxZUVfweAYl/6O4KW3H9LL2VNw=
-12,-38,ilheI9IKaYw8XrgXAzUFFT4IapM=,0nxZUVfweAYl/6O4KW3H9LL2VNw=
-15,-38,ilheI9IKaYw8XrgXAzUFFT4IapM=,0nxZUVfweAYl/6O4KW3H9LL2VNw=
-8,-38,ilheI9IKaYw8XrgXAzUFFT4IapM=,+AwrB7l53f86uKERLk3JiO3hwnQ=
-16,-38,ilheI9IKaYw8XrgXAzUFFT4IapM=,0nxZUVfweAYl/6O4KW3H9LL2VNw=
-16,-33,ilheI9IKaYw8XrgXAzUFFT4IapM=,0nxZUVfweAYl/6O4KW3H9LL2VNw=
-13,-36,ilheI9IKaYw8XrgXAzUFFT4IapM=,0nxZUVfweAYl/6O4KW3H9LL2VNw=
-14,-38,ilheI9IKaYw8XrgXAzUFFT4IapM=,0nxZUVfweAYl/6O4KW3H9LL2VNw=
-9,-39,ilheI9IKaYw8XrgXAzUFFT4IapM=,0nxZUVfweAYl/6O4KW3H9LL2VNw=
-10,-39,ilheI9IKaYw8XrgXAzUFFT4IapM=,0nxZUVfweAYl/6O4KW3H9LL2VNw=
-11,-39,ilheI9IKaYw8XrgXAzUFFT4IapM=,0nxZUVfweAYl/6O4KW3H9LL2VNw=
-12,-39,ilheI9IKaYw8XrgXAzUFFT4IapM=,0nxZUVfweAYl/6O4KW3H9LL2VNw=
-13,-39,ilheI9IKaYw8XrgXAzUFFT4IapM=,0nxZUVfweAYl/6O4KW3H9LL2VNw=
-9,-34,ilheI9IKaYw8XrgXAzUFFT4IapM=,0nxZUVfweAYl/6O4KW3H9LL2VNw=
-12,-36,ilheI9IKaYw8XrgXAzUFFT4IapM=,0nxZUVfweAYl/6O4KW3H9LL2VNw=
-14,-39,ilheI9IKaYw8XrgXAzUFFT4IapM=,0nxZUVfweAYl/6O4KW3H9LL2VNw=
-16,-41,ilheI9IKaYw8XrgXAzUFFT4IapM=,1ezpXAZkjtPZxkRwhWmMOyZE1S4=
-10,-34,ilheI9IKaYw8XrgXAzUFFT4IapM=,0nxZUVfweAYl/6O4KW3H9LL2VNw=
-15,-41,ilheI9IKaYw8XrgXAzUFFT4IapM=,1ezpXAZkjtPZxkRwhWmMOyZE1S4=
-11,-34,ilheI9IKaYw8XrgXAzUFFT4IapM=,0nxZUVfweAYl/6O4KW3H9LL2VNw=
-8,-34,ilheI9IKaYw8XrgXAzUFFT4IapM=,+AwrB7l53f86uKERLk3JiO3hwnQ=
-11,-36,ilheI9IKaYw8XrgXAzUFFT4IapM=,0nxZUVfweAYl/6O4KW3H9LL2VNw=
-12,-34,ilheI9IKaYw8XrgXAzUFFT4IapM=,0nxZUVfweAYl/6O4KW3H9LL2VNw=
-14,-41,ilheI9IKaYw8XrgXAzUFFT4IapM=,1ezpXAZkjtPZxkRwhWmMOyZE1S4=
-13,-41,ilheI9IKaYw8XrgXAzUFFT4IapM=,1ezpXAZkjtPZxkRwhWmMOyZE1S4=
-13,-34,ilheI9IKaYw8XrgXAzUFFT4IapM=,0nxZUVfweAYl/6O4KW3H9LL2VNw=
-15,-39,ilheI9IKaYw8XrgXAzUFFT4IapM=,0nxZUVfweAYl/6O4KW3H9LL2VNw=
-16,-39,ilheI9IKaYw8XrgXAzUFFT4IapM=,0nxZUVfweAYl/6O4KW3H9LL2VNw=
-15,-34,ilheI9IKaYw8XrgXAzUFFT4IapM=,0nxZUVfweAYl/6O4KW3H9LL2VNw=
-16,-34,ilheI9IKaYw8XrgXAzUFFT4IapM=,0nxZUVfweAYl/6O4KW3H9LL2VNw=
-14,-34,ilheI9IKaYw8XrgXAzUFFT4IapM=,0nxZUVfweAYl/6O4KW3H9LL2VNw=
-9,-35,ilheI9IKaYw8XrgXAzUFFT4IapM=,0nxZUVfweAYl/6O4KW3H9LL2VNw=
-10,-36,ilheI9IKaYw8XrgXAzUFFT4IapM=,0nxZUVfweAYl/6O4KW3H9LL2VNw=
-10,-35,ilheI9IKaYw8XrgXAzUFFT4IapM=,0nxZUVfweAYl/6O4KW3H9LL2VNw=
-9,-40,ilheI9IKaYw8XrgXAzUFFT4IapM=,0nxZUVfweAYl/6O4KW3H9LL2VNw=
-8,-39,ilheI9IKaYw8XrgXAzUFFT4IapM=,+AwrB7l53f86uKERLk3JiO3hwnQ=
-12,-41,ilheI9IKaYw8XrgXAzUFFT4IapM=,1ezpXAZkjtPZxkRwhWmMOyZE1S4=
-9,-36,ilheI9IKaYw8XrgXAzUFFT4IapM=,0nxZUVfweAYl/6O4KW3H9LL2VNw=
-11,-41,ilheI9IKaYw8XrgXAzUFFT4IapM=,1ezpXAZkjtPZxkRwhWmMOyZE1S4=
-16,-35,ilheI9IKaYw8XrgXAzUFFT4IapM=,0nxZUVfweAYl/6O4KW3H9LL2VNw=
-10,-41,ilheI9IKaYw8XrgXAzUFFT4IapM=,1ezpXAZkjtPZxkRwhWmMOyZE1S4=
-9,-41,ilheI9IKaYw8XrgXAzUFFT4IapM=,1ezpXAZkjtPZxkRwhWmMOyZE1S4=
-16,-40,ilheI9IKaYw8XrgXAzUFFT4IapM=,0nxZUVfweAYl/6O4KW3H9LL2VNw=
-11,-35,ilheI9IKaYw8XrgXAzUFFT4IapM=,0nxZUVfweAYl/6O4KW3H9LL2VNw=
-12,-35,ilheI9IKaYw8XrgXAzUFFT4IapM=,0nxZUVfweAYl/6O4KW3H9LL2VNw=
-15,-40,ilheI9IKaYw8XrgXAzUFFT4IapM=,0nxZUVfweAYl/6O4KW3H9LL2VNw=
-14,-40,ilheI9IKaYw8XrgXAzUFFT4IapM=,0nxZUVfweAYl/6O4KW3H9LL2VNw=
-13,-40,ilheI9IKaYw8XrgXAzUFFT4IapM=,0nxZUVfweAYl/6O4KW3H9LL2VNw=
-14,-35,ilheI9IKaYw8XrgXAzUFFT4IapM=,0nxZUVfweAYl/6O4KW3H9LL2VNw=
-10,-40,ilheI9IKaYw8XrgXAzUFFT4IapM=,0nxZUVfweAYl/6O4KW3H9LL2VNw=
-11,-40,ilheI9IKaYw8XrgXAzUFFT4IapM=,0nxZUVfweAYl/6O4KW3H9LL2VNw=
-15,-35,ilheI9IKaYw8XrgXAzUFFT4IapM=,0nxZUVfweAYl/6O4KW3H9LL2VNw=
-12,-40,ilheI9IKaYw8XrgXAzUFFT4IapM=,0nxZUVfweAYl/6O4KW3H9LL2VNw=
-13,-35,ilheI9IKaYw8XrgXAzUFFT4IapM=,0nxZUVfweAYl/6O4KW3H9LL2VNw=
-4,-49,gCjWmGoJMquym0tfttgKfZIxxYg=,fEPr5n4ckSmIiOf2KQqefzCW9i0=
-3,-50,axSizkyXYNrV1jvDuV8ZL+ybrco=,fEPr5n4ckSmIiOf2KQqefzCW9i0=
-4,-50,axSizkyXYNrV1jvDuV8ZL+ybrco=,fEPr5n4ckSmIiOf2KQqefzCW9i0=
-5,-49,axSizkyXYNrV1jvDuV8ZL+ybrco=,fEPr5n4ckSmIiOf2KQqefzCW9i0=
-5,-50,axSizkyXYNrV1jvDuV8ZL+ybrco=,fEPr5n4ckSmIiOf2KQqefzCW9i0=
-6,-50,axSizkyXYNrV1jvDuV8ZL+ybrco=,fEPr5n4ckSmIiOf2KQqefzCW9i0=
-7,-50,axSizkyXYNrV1jvDuV8ZL+ybrco=,fEPr5n4ckSmIiOf2KQqefzCW9i0=
-5,-54,axSizkyXYNrV1jvDuV8ZL+ybrco=,fEPr5n4ckSmIiOf2KQqefzCW9i0=
-3,-51,axSizkyXYNrV1jvDuV8ZL+ybrco=,fEPr5n4ckSmIiOf2KQqefzCW9i0=
-1,-52,axSizkyXYNrV1jvDuV8ZL+ybrco=,fEPr5n4ckSmIiOf2KQqefzCW9i0=
-6,-49,axSizkyXYNrV1jvDuV8ZL+ybrco=,fEPr5n4ckSmIiOf2KQqefzCW9i0=
-7,-52,axSizkyXYNrV1jvDuV8ZL+ybrco=,fEPr5n4ckSmIiOf2KQqefzCW9i0=
-1,-51,axSizkyXYNrV1jvDuV8ZL+ybrco=,fEPr5n4ckSmIiOf2KQqefzCW9i0=
-7,-49,axSizkyXYNrV1jvDuV8ZL+ybrco=,fEPr5n4ckSmIiOf2KQqefzCW9i0=
-4,-51,axSizkyXYNrV1jvDuV8ZL+ybrco=,fEPr5n4ckSmIiOf2KQqefzCW9i0=
-5,-56,axSizkyXYNrV1jvDuV8ZL+ybrco=,fEPr5n4ckSmIiOf2KQqefzCW9i0=
-6,-54,axSizkyXYNrV1jvDuV8ZL+ybrco=,fEPr5n4ckSmIiOf2KQqefzCW9i0=
-2,-52,axSizkyXYNrV1jvDuV8ZL+ybrco=,fEPr5n4ckSmIiOf2KQqefzCW9i0=
-7,-54,axSizkyXYNrV1jvDuV8ZL+ybrco=,fEPr5n4ckSmIiOf2KQqefzCW9i0=
-5,-51,axSizkyXYNrV1jvDuV8ZL+ybrco=,fEPr5n4ckSmIiOf2KQqefzCW9i0=
-3,-52,axSizkyXYNrV1jvDuV8ZL+ybrco=,fEPr5n4ckSmIiOf2KQqefzCW9i0=
-1,-53,axSizkyXYNrV1jvDuV8ZL+ybrco=,fEPr5n4ckSmIiOf2KQqefzCW9i0=
-1,-55,axSizkyXYNrV1jvDuV8ZL+ybrco=,fEPr5n4ckSmIiOf2KQqefzCW9i0=
-6,-51,axSizkyXYNrV1jvDuV8ZL+ybrco=,fEPr5n4ckSmIiOf2KQqefzCW9i0=
-2,-53,axSizkyXYNrV1jvDuV8ZL+ybrco=,fEPr5n4ckSmIiOf2KQqefzCW9i0=
-2,-55,axSizkyXYNrV1jvDuV8ZL+ybrco=,fEPr5n4ckSmIiOf2KQqefzCW9i0=
-3,-53,axSizkyXYNrV1jvDuV8ZL+ybrco=,fEPr5n4ckSmIiOf2KQqefzCW9i0=
-7,-51,axSizkyXYNrV1jvDuV8ZL+ybrco=,fEPr5n4ckSmIiOf2KQqefzCW9i0=
-3,-55,axSizkyXYNrV1jvDuV8ZL+ybrco=,fEPr5n4ckSmIiOf2KQqefzCW9i0=
-4,-53,axSizkyXYNrV1jvDuV8ZL+ybrco=,fEPr5n4ckSmIiOf2KQqefzCW9i0=
-5,-53,axSizkyXYNrV1jvDuV8ZL+ybrco=,fEPr5n4ckSmIiOf2KQqefzCW9i0=
-5,-55,axSizkyXYNrV1jvDuV8ZL+ybrco=,fEPr5n4ckSmIiOf2KQqefzCW9i0=
-6,-55,axSizkyXYNrV1jvDuV8ZL+ybrco=,fEPr5n4ckSmIiOf2KQqefzCW9i0=
-7,-55,axSizkyXYNrV1jvDuV8ZL+ybrco=,fEPr5n4ckSmIiOf2KQqefzCW9i0=
-7,-53,axSizkyXYNrV1jvDuV8ZL+ybrco=,fEPr5n4ckSmIiOf2KQqefzCW9i0=
-1,-54,axSizkyXYNrV1jvDuV8ZL+ybrco=,fEPr5n4ckSmIiOf2KQqefzCW9i0=
-2,-54,axSizkyXYNrV1jvDuV8ZL+ybrco=,fEPr5n4ckSmIiOf2KQqefzCW9i0=
-3,-54,axSizkyXYNrV1jvDuV8ZL+ybrco=,fEPr5n4ckSmIiOf2KQqefzCW9i0=
-1,-56,axSizkyXYNrV1jvDuV8ZL+ybrco=,fEPr5n4ckSmIiOf2KQqefzCW9i0=
-2,-56,axSizkyXYNrV1jvDuV8ZL+ybrco=,fEPr5n4ckSmIiOf2KQqefzCW9i0=
-4,-54,axSizkyXYNrV1jvDuV8ZL+ybrco=,fEPr5n4ckSmIiOf2KQqefzCW9i0=
-6,-56,axSizkyXYNrV1jvDuV8ZL+ybrco=,fEPr5n4ckSmIiOf2KQqefzCW9i0=
-4,-52,axSizkyXYNrV1jvDuV8ZL+ybrco=,fEPr5n4ckSmIiOf2KQqefzCW9i0=
-3,-56,axSizkyXYNrV1jvDuV8ZL+ybrco=,fEPr5n4ckSmIiOf2KQqefzCW9i0=
-4,-55,axSizkyXYNrV1jvDuV8ZL+ybrco=,fEPr5n4ckSmIiOf2KQqefzCW9i0=
-4,-56,axSizkyXYNrV1jvDuV8ZL+ybrco=,fEPr5n4ckSmIiOf2KQqefzCW9i0=
-6,-53,axSizkyXYNrV1jvDuV8ZL+ybrco=,fEPr5n4ckSmIiOf2KQqefzCW9i0=
-7,-56,axSizkyXYNrV1jvDuV8ZL+ybrco=,fEPr5n4ckSmIiOf2KQqefzCW9i0=
-5,-52,axSizkyXYNrV1jvDuV8ZL+ybrco=,fEPr5n4ckSmIiOf2KQqefzCW9i0=
-1,-49,axSizkyXYNrV1jvDuV8ZL+ybrco=,fEPr5n4ckSmIiOf2KQqefzCW9i0=
-2,-49,axSizkyXYNrV1jvDuV8ZL+ybrco=,fEPr5n4ckSmIiOf2KQqefzCW9i0=
-2,-51,axSizkyXYNrV1jvDuV8ZL+ybrco=,fEPr5n4ckSmIiOf2KQqefzCW9i0=
-6,-52,axSizkyXYNrV1jvDuV8ZL+ybrco=,fEPr5n4ckSmIiOf2KQqefzCW9i0=
-3,-49,axSizkyXYNrV1jvDuV8ZL+ybrco=,fEPr5n4ckSmIiOf2KQqefzCW9i0=
-1,-50,axSizkyXYNrV1jvDuV8ZL+ybrco=,fEPr5n4ckSmIiOf2KQqefzCW9i0=
-2,-50,axSizkyXYNrV1jvDuV8ZL+ybrco=,fEPr5n4ckSmIiOf2KQqefzCW9i0=
-14,-49,axSizkyXYNrV1jvDuV8ZL+ybrco=,fClEGfO2bTvoZ23w1cbhueZl0Lc=
-12,-49,axSizkyXYNrV1jvDuV8ZL+ybrco=,fClEGfO2bTvoZ23w1cbhueZl0Lc=
-13,-49,axSizkyXYNrV1jvDuV8ZL+ybrco=,fClEGfO2bTvoZ23w1cbhueZl0Lc=
-16,-49,axSizkyXYNrV1jvDuV8ZL+ybrco=,fClEGfO2bTvoZ23w1cbhueZl0Lc=
-15,-49,axSizkyXYNrV1jvDuV8ZL+ybrco=,fClEGfO2bTvoZ23w1cbhueZl0Lc=
-8,-49,axSizkyXYNrV1jvDuV8ZL+ybrco=,fEPr5n4ckSmIiOf2KQqefzCW9i0=
-8,-50,axSizkyXYNrV1jvDuV8ZL+ybrco=,fEPr5n4ckSmIiOf2KQqefzCW9i0=
-9,-50,axSizkyXYNrV1jvDuV8ZL+ybrco=,fClEGfO2bTvoZ23w1cbhueZl0Lc=
-10,-50,axSizkyXYNrV1jvDuV8ZL+ybrco=,fClEGfO2bTvoZ23w1cbhueZl0Lc=
-11,-49,axSizkyXYNrV1jvDuV8ZL+ybrco=,fClEGfO2bTvoZ23w1cbhueZl0Lc=
-16,-56,axSizkyXYNrV1jvDuV8ZL+ybrco=,fClEGfO2bTvoZ23w1cbhueZl0Lc=
-11,-50,axSizkyXYNrV1jvDuV8ZL+ybrco=,fClEGfO2bTvoZ23w1cbhueZl0Lc=
-10,-49,axSizkyXYNrV1jvDuV8ZL+ybrco=,fClEGfO2bTvoZ23w1cbhueZl0Lc=
-15,-56,axSizkyXYNrV1jvDuV8ZL+ybrco=,fClEGfO2bTvoZ23w1cbhueZl0Lc=
-14,-56,axSizkyXYNrV1jvDuV8ZL+ybrco=,fClEGfO2bTvoZ23w1cbhueZl0Lc=
-13,-56,axSizkyXYNrV1jvDuV8ZL+ybrco=,fClEGfO2bTvoZ23w1cbhueZl0Lc=
-9,-49,axSizkyXYNrV1jvDuV8ZL+ybrco=,fClEGfO2bTvoZ23w1cbhueZl0Lc=
-8,-51,axSizkyXYNrV1jvDuV8ZL+ybrco=,fEPr5n4ckSmIiOf2KQqefzCW9i0=
-12,-56,axSizkyXYNrV1jvDuV8ZL+ybrco=,fClEGfO2bTvoZ23w1cbhueZl0Lc=
-11,-56,axSizkyXYNrV1jvDuV8ZL+ybrco=,fClEGfO2bTvoZ23w1cbhueZl0Lc=
-8,-55,axSizkyXYNrV1jvDuV8ZL+ybrco=,fEPr5n4ckSmIiOf2KQqefzCW9i0=
-8,-53,axSizkyXYNrV1jvDuV8ZL+ybrco=,fEPr5n4ckSmIiOf2KQqefzCW9i0=
-8,-56,axSizkyXYNrV1jvDuV8ZL+ybrco=,fEPr5n4ckSmIiOf2KQqefzCW9i0=
-10,-56,axSizkyXYNrV1jvDuV8ZL+ybrco=,fClEGfO2bTvoZ23w1cbhueZl0Lc=
-9,-56,axSizkyXYNrV1jvDuV8ZL+ybrco=,fClEGfO2bTvoZ23w1cbhueZl0Lc=
-16,-55,axSizkyXYNrV1jvDuV8ZL+ybrco=,fClEGfO2bTvoZ23w1cbhueZl0Lc=
-15,-55,axSizkyXYNrV1jvDuV8ZL+ybrco=,fClEGfO2bTvoZ23w1cbhueZl0Lc=
-14,-55,axSizkyXYNrV1jvDuV8ZL+ybrco=,fClEGfO2bTvoZ23w1cbhueZl0Lc=
-13,-55,axSizkyXYNrV1jvDuV8ZL+ybrco=,fClEGfO2bTvoZ23w1cbhueZl0Lc=
-12,-55,axSizkyXYNrV1jvDuV8ZL+ybrco=,fClEGfO2bTvoZ23w1cbhueZl0Lc=
-11,-55,axSizkyXYNrV1jvDuV8ZL+ybrco=,fClEGfO2bTvoZ23w1cbhueZl0Lc=
-10,-55,axSizkyXYNrV1jvDuV8ZL+ybrco=,fClEGfO2bTvoZ23w1cbhueZl0Lc=
-9,-55,axSizkyXYNrV1jvDuV8ZL+ybrco=,fClEGfO2bTvoZ23w1cbhueZl0Lc=
-16,-54,axSizkyXYNrV1jvDuV8ZL+ybrco=,fClEGfO2bTvoZ23w1cbhueZl0Lc=
-15,-54,axSizkyXYNrV1jvDuV8ZL+ybrco=,fClEGfO2bTvoZ23w1cbhueZl0Lc=
-14,-54,axSizkyXYNrV1jvDuV8ZL+ybrco=,fClEGfO2bTvoZ23w1cbhueZl0Lc=
-13,-54,axSizkyXYNrV1jvDuV8ZL+ybrco=,fClEGfO2bTvoZ23w1cbhueZl0Lc=
-12,-54,axSizkyXYNrV1jvDuV8ZL+ybrco=,fClEGfO2bTvoZ23w1cbhueZl0Lc=
-11,-54,axSizkyXYNrV1jvDuV8ZL+ybrco=,fClEGfO2bTvoZ23w1cbhueZl0Lc=
-10,-54,axSizkyXYNrV1jvDuV8ZL+ybrco=,fClEGfO2bTvoZ23w1cbhueZl0Lc=
-9,-54,axSizkyXYNrV1jvDuV8ZL+ybrco=,fClEGfO2bTvoZ23w1cbhueZl0Lc=
-16,-53,axSizkyXYNrV1jvDuV8ZL+ybrco=,fClEGfO2bTvoZ23w1cbhueZl0Lc=
-15,-53,axSizkyXYNrV1jvDuV8ZL+ybrco=,fClEGfO2bTvoZ23w1cbhueZl0Lc=
-14,-53,axSizkyXYNrV1jvDuV8ZL+ybrco=,fClEGfO2bTvoZ23w1cbhueZl0Lc=
-13,-53,axSizkyXYNrV1jvDuV8ZL+ybrco=,fClEGfO2bTvoZ23w1cbhueZl0Lc=
-12,-53,axSizkyXYNrV1jvDuV8ZL+ybrco=,fClEGfO2bTvoZ23w1cbhueZl0Lc=
-11,-53,axSizkyXYNrV1jvDuV8ZL+ybrco=,fClEGfO2bTvoZ23w1cbhueZl0Lc=
-10,-53,axSizkyXYNrV1jvDuV8ZL+ybrco=,fClEGfO2bTvoZ23w1cbhueZl0Lc=
-9,-53,axSizkyXYNrV1jvDuV8ZL+ybrco=,fClEGfO2bTvoZ23w1cbhueZl0Lc=
-16,-52,axSizkyXYNrV1jvDuV8ZL+ybrco=,fClEGfO2bTvoZ23w1cbhueZl0Lc=
-8,-54,axSizkyXYNrV1jvDuV8ZL+ybrco=,fEPr5n4ckSmIiOf2KQqefzCW9i0=
-15,-52,axSizkyXYNrV1jvDuV8ZL+ybrco=,fClEGfO2bTvoZ23w1cbhueZl0Lc=
-14,-52,axSizkyXYNrV1jvDuV8ZL+ybrco=,fClEGfO2bTvoZ23w1cbhueZl0Lc=
-12,-50,axSizkyXYNrV1jvDuV8ZL+ybrco=,fClEGfO2bTvoZ23w1cbhueZl0Lc=
-13,-50,axSizkyXYNrV1jvDuV8ZL+ybrco=,fClEGfO2bTvoZ23w1cbhueZl0Lc=
-13,-52,axSizkyXYNrV1jvDuV8ZL+ybrco=,fClEGfO2bTvoZ23w1cbhueZl0Lc=
-12,-52,axSizkyXYNrV1jvDuV8ZL+ybrco=,fClEGfO2bTvoZ23w1cbhueZl0Lc=
-11,-52,axSizkyXYNrV1jvDuV8ZL+ybrco=,fClEGfO2bTvoZ23w1cbhueZl0Lc=
-15,-50,axSizkyXYNrV1jvDuV8ZL+ybrco=,fClEGfO2bTvoZ23w1cbhueZl0Lc=
-10,-52,axSizkyXYNrV1jvDuV8ZL+ybrco=,fClEGfO2bTvoZ23w1cbhueZl0Lc=
-9,-52,axSizkyXYNrV1jvDuV8ZL+ybrco=,fClEGfO2bTvoZ23w1cbhueZl0Lc=
-8,-52,axSizkyXYNrV1jvDuV8ZL+ybrco=,fEPr5n4ckSmIiOf2KQqefzCW9i0=
-14,-50,axSizkyXYNrV1jvDuV8ZL+ybrco=,fClEGfO2bTvoZ23w1cbhueZl0Lc=
-16,-51,axSizkyXYNrV1jvDuV8ZL+ybrco=,fClEGfO2bTvoZ23w1cbhueZl0Lc=
-9,-51,axSizkyXYNrV1jvDuV8ZL+ybrco=,fClEGfO2bTvoZ23w1cbhueZl0Lc=
-16,-50,axSizkyXYNrV1jvDuV8ZL+ybrco=,fClEGfO2bTvoZ23w1cbhueZl0Lc=
-15,-51,axSizkyXYNrV1jvDuV8ZL+ybrco=,fClEGfO2bTvoZ23w1cbhueZl0Lc=
-10,-51,axSizkyXYNrV1jvDuV8ZL+ybrco=,fClEGfO2bTvoZ23w1cbhueZl0Lc=
-11,-51,axSizkyXYNrV1jvDuV8ZL+ybrco=,fClEGfO2bTvoZ23w1cbhueZl0Lc=
-14,-51,axSizkyXYNrV1jvDuV8ZL+ybrco=,fClEGfO2bTvoZ23w1cbhueZl0Lc=
-12,-51,axSizkyXYNrV1jvDuV8ZL+ybrco=,fClEGfO2bTvoZ23w1cbhueZl0Lc=
-13,-51,axSizkyXYNrV1jvDuV8ZL+ybrco=,fClEGfO2bTvoZ23w1cbhueZl0Lc=
-29,-57,g86PYVMkeR+xERDPY4rDPSyhBdU=,t9rV6rPwA5cH56GnjuF8FlbTViw=
-28,-57,g86PYVMkeR+xERDPY4rDPSyhBdU=,t9rV6rPwA5cH56GnjuF8FlbTViw=
-30,-57,g86PYVMkeR+xERDPY4rDPSyhBdU=,t9rV6rPwA5cH56GnjuF8FlbTViw=
-31,-57,g86PYVMkeR+xERDPY4rDPSyhBdU=,t9rV6rPwA5cH56GnjuF8FlbTViw=
-32,-57,g86PYVMkeR+xERDPY4rDPSyhBdU=,t9rV6rPwA5cH56GnjuF8FlbTViw=
-25,-58,g86PYVMkeR+xERDPY4rDPSyhBdU=,t9rV6rPwA5cH56GnjuF8FlbTViw=
-26,-58,g86PYVMkeR+xERDPY4rDPSyhBdU=,t9rV6rPwA5cH56GnjuF8FlbTViw=
-27,-58,g86PYVMkeR+xERDPY4rDPSyhBdU=,t9rV6rPwA5cH56GnjuF8FlbTViw=
-28,-58,g86PYVMkeR+xERDPY4rDPSyhBdU=,t9rV6rPwA5cH56GnjuF8FlbTViw=
-29,-58,g86PYVMkeR+xERDPY4rDPSyhBdU=,t9rV6rPwA5cH56GnjuF8FlbTViw=
-30,-58,g86PYVMkeR+xERDPY4rDPSyhBdU=,t9rV6rPwA5cH56GnjuF8FlbTViw=
-31,-58,g86PYVMkeR+xERDPY4rDPSyhBdU=,t9rV6rPwA5cH56GnjuF8FlbTViw=
-32,-58,g86PYVMkeR+xERDPY4rDPSyhBdU=,t9rV6rPwA5cH56GnjuF8FlbTViw=
-25,-59,g86PYVMkeR+xERDPY4rDPSyhBdU=,t9rV6rPwA5cH56GnjuF8FlbTViw=
-26,-59,g86PYVMkeR+xERDPY4rDPSyhBdU=,t9rV6rPwA5cH56GnjuF8FlbTViw=
-27,-59,g86PYVMkeR+xERDPY4rDPSyhBdU=,t9rV6rPwA5cH56GnjuF8FlbTViw=
-28,-59,g86PYVMkeR+xERDPY4rDPSyhBdU=,t9rV6rPwA5cH56GnjuF8FlbTViw=
-29,-59,g86PYVMkeR+xERDPY4rDPSyhBdU=,t9rV6rPwA5cH56GnjuF8FlbTViw=
-30,-59,g86PYVMkeR+xERDPY4rDPSyhBdU=,t9rV6rPwA5cH56GnjuF8FlbTViw=
-31,-59,g86PYVMkeR+xERDPY4rDPSyhBdU=,t9rV6rPwA5cH56GnjuF8FlbTViw=
-32,-59,g86PYVMkeR+xERDPY4rDPSyhBdU=,t9rV6rPwA5cH56GnjuF8FlbTViw=
-25,-60,g86PYVMkeR+xERDPY4rDPSyhBdU=,t9rV6rPwA5cH56GnjuF8FlbTViw=
-26,-60,g86PYVMkeR+xERDPY4rDPSyhBdU=,t9rV6rPwA5cH56GnjuF8FlbTViw=
-27,-60,g86PYVMkeR+xERDPY4rDPSyhBdU=,t9rV6rPwA5cH56GnjuF8FlbTViw=
-28,-60,g86PYVMkeR+xERDPY4rDPSyhBdU=,t9rV6rPwA5cH56GnjuF8FlbTViw=
-29,-60,g86PYVMkeR+xERDPY4rDPSyhBdU=,t9rV6rPwA5cH56GnjuF8FlbTViw=
-30,-60,g86PYVMkeR+xERDPY4rDPSyhBdU=,t9rV6rPwA5cH56GnjuF8FlbTViw=
-31,-60,g86PYVMkeR+xERDPY4rDPSyhBdU=,t9rV6rPwA5cH56GnjuF8FlbTViw=
-32,-60,g86PYVMkeR+xERDPY4rDPSyhBdU=,t9rV6rPwA5cH56GnjuF8FlbTViw=
-26,-61,g86PYVMkeR+xERDPY4rDPSyhBdU=,t9rV6rPwA5cH56GnjuF8FlbTViw=
-27,-61,g86PYVMkeR+xERDPY4rDPSyhBdU=,t9rV6rPwA5cH56GnjuF8FlbTViw=
-25,-61,g86PYVMkeR+xERDPY4rDPSyhBdU=,t9rV6rPwA5cH56GnjuF8FlbTViw=
-28,-61,g86PYVMkeR+xERDPY4rDPSyhBdU=,t9rV6rPwA5cH56GnjuF8FlbTViw=
-29,-61,g86PYVMkeR+xERDPY4rDPSyhBdU=,t9rV6rPwA5cH56GnjuF8FlbTViw=
-30,-61,g86PYVMkeR+xERDPY4rDPSyhBdU=,t9rV6rPwA5cH56GnjuF8FlbTViw=
-31,-61,g86PYVMkeR+xERDPY4rDPSyhBdU=,t9rV6rPwA5cH56GnjuF8FlbTViw=
-32,-61,g86PYVMkeR+xERDPY4rDPSyhBdU=,t9rV6rPwA5cH56GnjuF8FlbTViw=
-25,-62,g86PYVMkeR+xERDPY4rDPSyhBdU=,t9rV6rPwA5cH56GnjuF8FlbTViw=
-26,-62,g86PYVMkeR+xERDPY4rDPSyhBdU=,t9rV6rPwA5cH56GnjuF8FlbTViw=
-27,-62,g86PYVMkeR+xERDPY4rDPSyhBdU=,t9rV6rPwA5cH56GnjuF8FlbTViw=
-28,-62,g86PYVMkeR+xERDPY4rDPSyhBdU=,t9rV6rPwA5cH56GnjuF8FlbTViw=
-29,-62,g86PYVMkeR+xERDPY4rDPSyhBdU=,t9rV6rPwA5cH56GnjuF8FlbTViw=
-30,-62,g86PYVMkeR+xERDPY4rDPSyhBdU=,t9rV6rPwA5cH56GnjuF8FlbTViw=
-31,-62,g86PYVMkeR+xERDPY4rDPSyhBdU=,t9rV6rPwA5cH56GnjuF8FlbTViw=
-32,-62,g86PYVMkeR+xERDPY4rDPSyhBdU=,t9rV6rPwA5cH56GnjuF8FlbTViw=
-25,-63,g86PYVMkeR+xERDPY4rDPSyhBdU=,t9rV6rPwA5cH56GnjuF8FlbTViw=
-26,-63,g86PYVMkeR+xERDPY4rDPSyhBdU=,t9rV6rPwA5cH56GnjuF8FlbTViw=
-27,-63,g86PYVMkeR+xERDPY4rDPSyhBdU=,t9rV6rPwA5cH56GnjuF8FlbTViw=
-28,-63,g86PYVMkeR+xERDPY4rDPSyhBdU=,t9rV6rPwA5cH56GnjuF8FlbTViw=
-29,-63,g86PYVMkeR+xERDPY4rDPSyhBdU=,t9rV6rPwA5cH56GnjuF8FlbTViw=
-30,-63,g86PYVMkeR+xERDPY4rDPSyhBdU=,t9rV6rPwA5cH56GnjuF8FlbTViw=
-31,-63,g86PYVMkeR+xERDPY4rDPSyhBdU=,t9rV6rPwA5cH56GnjuF8FlbTViw=
-25,-64,g86PYVMkeR+xERDPY4rDPSyhBdU=,t9rV6rPwA5cH56GnjuF8FlbTViw=
-26,-64,g86PYVMkeR+xERDPY4rDPSyhBdU=,t9rV6rPwA5cH56GnjuF8FlbTViw=
-27,-64,g86PYVMkeR+xERDPY4rDPSyhBdU=,t9rV6rPwA5cH56GnjuF8FlbTViw=
-28,-64,g86PYVMkeR+xERDPY4rDPSyhBdU=,t9rV6rPwA5cH56GnjuF8FlbTViw=
-29,-64,g86PYVMkeR+xERDPY4rDPSyhBdU=,t9rV6rPwA5cH56GnjuF8FlbTViw=
-30,-64,g86PYVMkeR+xERDPY4rDPSyhBdU=,t9rV6rPwA5cH56GnjuF8FlbTViw=
-31,-64,g86PYVMkeR+xERDPY4rDPSyhBdU=,t9rV6rPwA5cH56GnjuF8FlbTViw=
-32,-63,g86PYVMkeR+xERDPY4rDPSyhBdU=,t9rV6rPwA5cH56GnjuF8FlbTViw=
-26,-57,g86PYVMkeR+xERDPY4rDPSyhBdU=,t9rV6rPwA5cH56GnjuF8FlbTViw=
-27,-57,g86PYVMkeR+xERDPY4rDPSyhBdU=,t9rV6rPwA5cH56GnjuF8FlbTViw=
-18,-51,g86PYVMkeR+xERDPY4rDPSyhBdU=,mpROWH0SXklJMKX36SNubUvdmfw=
-24,-52,g86PYVMkeR+xERDPY4rDPSyhBdU=,mpROWH0SXklJMKX36SNubUvdmfw=
-20,-49,g86PYVMkeR+xERDPY4rDPSyhBdU=,mpROWH0SXklJMKX36SNubUvdmfw=
-19,-49,g86PYVMkeR+xERDPY4rDPSyhBdU=,mpROWH0SXklJMKX36SNubUvdmfw=
-18,-49,g86PYVMkeR+xERDPY4rDPSyhBdU=,mpROWH0SXklJMKX36SNubUvdmfw=
-32,-64,g86PYVMkeR+xERDPY4rDPSyhBdU=,t9rV6rPwA5cH56GnjuF8FlbTViw=
-20,-50,g86PYVMkeR+xERDPY4rDPSyhBdU=,mpROWH0SXklJMKX36SNubUvdmfw=
-19,-50,g86PYVMkeR+xERDPY4rDPSyhBdU=,mpROWH0SXklJMKX36SNubUvdmfw=
-21,-50,g86PYVMkeR+xERDPY4rDPSyhBdU=,mpROWH0SXklJMKX36SNubUvdmfw=
-21,-49,g86PYVMkeR+xERDPY4rDPSyhBdU=,mpROWH0SXklJMKX36SNubUvdmfw=
-22,-49,g86PYVMkeR+xERDPY4rDPSyhBdU=,mpROWH0SXklJMKX36SNubUvdmfw=
-23,-49,g86PYVMkeR+xERDPY4rDPSyhBdU=,mpROWH0SXklJMKX36SNubUvdmfw=
-24,-49,g86PYVMkeR+xERDPY4rDPSyhBdU=,mpROWH0SXklJMKX36SNubUvdmfw=
-21,-55,g86PYVMkeR+xERDPY4rDPSyhBdU=,mpROWH0SXklJMKX36SNubUvdmfw=
-17,-49,g86PYVMkeR+xERDPY4rDPSyhBdU=,mpROWH0SXklJMKX36SNubUvdmfw=
-18,-50,g86PYVMkeR+xERDPY4rDPSyhBdU=,mpROWH0SXklJMKX36SNubUvdmfw=
-19,-51,g86PYVMkeR+xERDPY4rDPSyhBdU=,mpROWH0SXklJMKX36SNubUvdmfw=
-22,-55,g86PYVMkeR+xERDPY4rDPSyhBdU=,mpROWH0SXklJMKX36SNubUvdmfw=
-17,-52,g86PYVMkeR+xERDPY4rDPSyhBdU=,mpROWH0SXklJMKX36SNubUvdmfw=
-17,-53,g86PYVMkeR+xERDPY4rDPSyhBdU=,mpROWH0SXklJMKX36SNubUvdmfw=
-22,-50,g86PYVMkeR+xERDPY4rDPSyhBdU=,mpROWH0SXklJMKX36SNubUvdmfw=
-23,-50,g86PYVMkeR+xERDPY4rDPSyhBdU=,mpROWH0SXklJMKX36SNubUvdmfw=
-18,-52,g86PYVMkeR+xERDPY4rDPSyhBdU=,mpROWH0SXklJMKX36SNubUvdmfw=
-20,-51,g86PYVMkeR+xERDPY4rDPSyhBdU=,mpROWH0SXklJMKX36SNubUvdmfw=
-23,-55,g86PYVMkeR+xERDPY4rDPSyhBdU=,mpROWH0SXklJMKX36SNubUvdmfw=
-21,-56,g86PYVMkeR+xERDPY4rDPSyhBdU=,mpROWH0SXklJMKX36SNubUvdmfw=
-18,-53,g86PYVMkeR+xERDPY4rDPSyhBdU=,mpROWH0SXklJMKX36SNubUvdmfw=
-21,-51,g86PYVMkeR+xERDPY4rDPSyhBdU=,mpROWH0SXklJMKX36SNubUvdmfw=
-24,-55,g86PYVMkeR+xERDPY4rDPSyhBdU=,mpROWH0SXklJMKX36SNubUvdmfw=
-19,-52,g86PYVMkeR+xERDPY4rDPSyhBdU=,mpROWH0SXklJMKX36SNubUvdmfw=
-22,-51,g86PYVMkeR+xERDPY4rDPSyhBdU=,mpROWH0SXklJMKX36SNubUvdmfw=
-19,-53,g86PYVMkeR+xERDPY4rDPSyhBdU=,mpROWH0SXklJMKX36SNubUvdmfw=
-17,-56,g86PYVMkeR+xERDPY4rDPSyhBdU=,mpROWH0SXklJMKX36SNubUvdmfw=
-18,-56,g86PYVMkeR+xERDPY4rDPSyhBdU=,mpROWH0SXklJMKX36SNubUvdmfw=
-23,-51,g86PYVMkeR+xERDPY4rDPSyhBdU=,mpROWH0SXklJMKX36SNubUvdmfw=
-20,-53,g86PYVMkeR+xERDPY4rDPSyhBdU=,mpROWH0SXklJMKX36SNubUvdmfw=
-24,-51,g86PYVMkeR+xERDPY4rDPSyhBdU=,mpROWH0SXklJMKX36SNubUvdmfw=
-19,-56,g86PYVMkeR+xERDPY4rDPSyhBdU=,mpROWH0SXklJMKX36SNubUvdmfw=
-20,-52,g86PYVMkeR+xERDPY4rDPSyhBdU=,mpROWH0SXklJMKX36SNubUvdmfw=
-21,-53,g86PYVMkeR+xERDPY4rDPSyhBdU=,mpROWH0SXklJMKX36SNubUvdmfw=
-21,-54,g86PYVMkeR+xERDPY4rDPSyhBdU=,mpROWH0SXklJMKX36SNubUvdmfw=
-21,-52,g86PYVMkeR+xERDPY4rDPSyhBdU=,mpROWH0SXklJMKX36SNubUvdmfw=
-23,-53,g86PYVMkeR+xERDPY4rDPSyhBdU=,mpROWH0SXklJMKX36SNubUvdmfw=
-22,-56,g86PYVMkeR+xERDPY4rDPSyhBdU=,mpROWH0SXklJMKX36SNubUvdmfw=
-22,-54,g86PYVMkeR+xERDPY4rDPSyhBdU=,mpROWH0SXklJMKX36SNubUvdmfw=
-24,-53,g86PYVMkeR+xERDPY4rDPSyhBdU=,mpROWH0SXklJMKX36SNubUvdmfw=
-25,-57,g86PYVMkeR+xERDPY4rDPSyhBdU=,t9rV6rPwA5cH56GnjuF8FlbTViw=
-23,-54,g86PYVMkeR+xERDPY4rDPSyhBdU=,mpROWH0SXklJMKX36SNubUvdmfw=
-24,-54,g86PYVMkeR+xERDPY4rDPSyhBdU=,mpROWH0SXklJMKX36SNubUvdmfw=
-17,-55,g86PYVMkeR+xERDPY4rDPSyhBdU=,mpROWH0SXklJMKX36SNubUvdmfw=
-18,-55,g86PYVMkeR+xERDPY4rDPSyhBdU=,mpROWH0SXklJMKX36SNubUvdmfw=
-19,-55,g86PYVMkeR+xERDPY4rDPSyhBdU=,mpROWH0SXklJMKX36SNubUvdmfw=
-17,-54,g86PYVMkeR+xERDPY4rDPSyhBdU=,mpROWH0SXklJMKX36SNubUvdmfw=
-22,-53,g86PYVMkeR+xERDPY4rDPSyhBdU=,mpROWH0SXklJMKX36SNubUvdmfw=
-18,-54,g86PYVMkeR+xERDPY4rDPSyhBdU=,mpROWH0SXklJMKX36SNubUvdmfw=
-19,-54,g86PYVMkeR+xERDPY4rDPSyhBdU=,mpROWH0SXklJMKX36SNubUvdmfw=
-20,-54,g86PYVMkeR+xERDPY4rDPSyhBdU=,mpROWH0SXklJMKX36SNubUvdmfw=
-23,-56,g86PYVMkeR+xERDPY4rDPSyhBdU=,mpROWH0SXklJMKX36SNubUvdmfw=
-22,-52,g86PYVMkeR+xERDPY4rDPSyhBdU=,mpROWH0SXklJMKX36SNubUvdmfw=
-23,-52,g86PYVMkeR+xERDPY4rDPSyhBdU=,mpROWH0SXklJMKX36SNubUvdmfw=
-17,-51,g86PYVMkeR+xERDPY4rDPSyhBdU=,mpROWH0SXklJMKX36SNubUvdmfw=
-20,-55,g86PYVMkeR+xERDPY4rDPSyhBdU=,mpROWH0SXklJMKX36SNubUvdmfw=
-24,-50,g86PYVMkeR+xERDPY4rDPSyhBdU=,mpROWH0SXklJMKX36SNubUvdmfw=
-20,-56,g86PYVMkeR+xERDPY4rDPSyhBdU=,mpROWH0SXklJMKX36SNubUvdmfw=
-24,-56,g86PYVMkeR+xERDPY4rDPSyhBdU=,mpROWH0SXklJMKX36SNubUvdmfw=
-17,-50,g86PYVMkeR+xERDPY4rDPSyhBdU=,mpROWH0SXklJMKX36SNubUvdmfw=
-19,-46,QVJ+QSNcOVoEqEJzBPQh7jCom9c=,nNGuE0ALm8He1ClWc+UmJJqjDSU=
-20,-45,QVJ+QSNcOVoEqEJzBPQh7jCom9c=,nNGuE0ALm8He1ClWc+UmJJqjDSU=
-20,-46,QVJ+QSNcOVoEqEJzBPQh7jCom9c=,nNGuE0ALm8He1ClWc+UmJJqjDSU=
-21,-46,QVJ+QSNcOVoEqEJzBPQh7jCom9c=,nNGuE0ALm8He1ClWc+UmJJqjDSU=
-22,-46,h2CZ72xf9fKmQ7pr3fuISvGFKj8=,nNGuE0ALm8He1ClWc+UmJJqjDSU=
-23,-46,h2CZ72xf9fKmQ7pr3fuISvGFKj8=,nNGuE0ALm8He1ClWc+UmJJqjDSU=
-24,-46,h2CZ72xf9fKmQ7pr3fuISvGFKj8=,nNGuE0ALm8He1ClWc+UmJJqjDSU=
-17,-42,h2CZ72xf9fKmQ7pr3fuISvGFKj8=,nNGuE0ALm8He1ClWc+UmJJqjDSU=
-18,-42,h2CZ72xf9fKmQ7pr3fuISvGFKj8=,nNGuE0ALm8He1ClWc+UmJJqjDSU=
-17,-47,h2CZ72xf9fKmQ7pr3fuISvGFKj8=,nNGuE0ALm8He1ClWc+UmJJqjDSU=
-18,-47,h2CZ72xf9fKmQ7pr3fuISvGFKj8=,nNGuE0ALm8He1ClWc+UmJJqjDSU=
-19,-47,h2CZ72xf9fKmQ7pr3fuISvGFKj8=,nNGuE0ALm8He1ClWc+UmJJqjDSU=
-20,-47,h2CZ72xf9fKmQ7pr3fuISvGFKj8=,nNGuE0ALm8He1ClWc+UmJJqjDSU=
-19,-42,h2CZ72xf9fKmQ7pr3fuISvGFKj8=,nNGuE0ALm8He1ClWc+UmJJqjDSU=
-20,-42,h2CZ72xf9fKmQ7pr3fuISvGFKj8=,nNGuE0ALm8He1ClWc+UmJJqjDSU=
-21,-47,h2CZ72xf9fKmQ7pr3fuISvGFKj8=,nNGuE0ALm8He1ClWc+UmJJqjDSU=
-22,-47,h2CZ72xf9fKmQ7pr3fuISvGFKj8=,nNGuE0ALm8He1ClWc+UmJJqjDSU=
-23,-47,h2CZ72xf9fKmQ7pr3fuISvGFKj8=,nNGuE0ALm8He1ClWc+UmJJqjDSU=
-24,-47,h2CZ72xf9fKmQ7pr3fuISvGFKj8=,nNGuE0ALm8He1ClWc+UmJJqjDSU=
-23,-37,h2CZ72xf9fKmQ7pr3fuISvGFKj8=,Oka9LgOMdE3R4/GFTcM2T/xUdnA=
-22,-37,h2CZ72xf9fKmQ7pr3fuISvGFKj8=,Oka9LgOMdE3R4/GFTcM2T/xUdnA=
-20,-35,h2CZ72xf9fKmQ7pr3fuISvGFKj8=,Oka9LgOMdE3R4/GFTcM2T/xUdnA=
-19,-35,h2CZ72xf9fKmQ7pr3fuISvGFKj8=,Oka9LgOMdE3R4/GFTcM2T/xUdnA=
-18,-35,h2CZ72xf9fKmQ7pr3fuISvGFKj8=,Oka9LgOMdE3R4/GFTcM2T/xUdnA=
-23,-40,h2CZ72xf9fKmQ7pr3fuISvGFKj8=,Oka9LgOMdE3R4/GFTcM2T/xUdnA=
-22,-38,h2CZ72xf9fKmQ7pr3fuISvGFKj8=,Oka9LgOMdE3R4/GFTcM2T/xUdnA=
-18,-40,h2CZ72xf9fKmQ7pr3fuISvGFKj8=,Oka9LgOMdE3R4/GFTcM2T/xUdnA=
-17,-40,h2CZ72xf9fKmQ7pr3fuISvGFKj8=,Oka9LgOMdE3R4/GFTcM2T/xUdnA=
-18,-37,h2CZ72xf9fKmQ7pr3fuISvGFKj8=,Oka9LgOMdE3R4/GFTcM2T/xUdnA=
-17,-37,h2CZ72xf9fKmQ7pr3fuISvGFKj8=,Oka9LgOMdE3R4/GFTcM2T/xUdnA=
-21,-38,h2CZ72xf9fKmQ7pr3fuISvGFKj8=,Oka9LgOMdE3R4/GFTcM2T/xUdnA=
-23,-39,h2CZ72xf9fKmQ7pr3fuISvGFKj8=,Oka9LgOMdE3R4/GFTcM2T/xUdnA=
-20,-38,h2CZ72xf9fKmQ7pr3fuISvGFKj8=,Oka9LgOMdE3R4/GFTcM2T/xUdnA=
-23,-36,h2CZ72xf9fKmQ7pr3fuISvGFKj8=,Oka9LgOMdE3R4/GFTcM2T/xUdnA=
-22,-36,h2CZ72xf9fKmQ7pr3fuISvGFKj8=,Oka9LgOMdE3R4/GFTcM2T/xUdnA=
-22,-39,h2CZ72xf9fKmQ7pr3fuISvGFKj8=,Oka9LgOMdE3R4/GFTcM2T/xUdnA=
-21,-39,h2CZ72xf9fKmQ7pr3fuISvGFKj8=,Oka9LgOMdE3R4/GFTcM2T/xUdnA=
-22,-40,h2CZ72xf9fKmQ7pr3fuISvGFKj8=,Oka9LgOMdE3R4/GFTcM2T/xUdnA=
-20,-39,h2CZ72xf9fKmQ7pr3fuISvGFKj8=,Oka9LgOMdE3R4/GFTcM2T/xUdnA=
-17,-35,h2CZ72xf9fKmQ7pr3fuISvGFKj8=,Oka9LgOMdE3R4/GFTcM2T/xUdnA=
-23,-34,h2CZ72xf9fKmQ7pr3fuISvGFKj8=,Oka9LgOMdE3R4/GFTcM2T/xUdnA=
-22,-34,h2CZ72xf9fKmQ7pr3fuISvGFKj8=,Oka9LgOMdE3R4/GFTcM2T/xUdnA=
-21,-36,h2CZ72xf9fKmQ7pr3fuISvGFKj8=,Oka9LgOMdE3R4/GFTcM2T/xUdnA=
-21,-34,h2CZ72xf9fKmQ7pr3fuISvGFKj8=,Oka9LgOMdE3R4/GFTcM2T/xUdnA=
-20,-34,h2CZ72xf9fKmQ7pr3fuISvGFKj8=,Oka9LgOMdE3R4/GFTcM2T/xUdnA=
-20,-36,h2CZ72xf9fKmQ7pr3fuISvGFKj8=,Oka9LgOMdE3R4/GFTcM2T/xUdnA=
-19,-39,h2CZ72xf9fKmQ7pr3fuISvGFKj8=,Oka9LgOMdE3R4/GFTcM2T/xUdnA=
-19,-34,h2CZ72xf9fKmQ7pr3fuISvGFKj8=,Oka9LgOMdE3R4/GFTcM2T/xUdnA=
-18,-34,h2CZ72xf9fKmQ7pr3fuISvGFKj8=,Oka9LgOMdE3R4/GFTcM2T/xUdnA=
-17,-34,h2CZ72xf9fKmQ7pr3fuISvGFKj8=,Oka9LgOMdE3R4/GFTcM2T/xUdnA=
-23,-33,h2CZ72xf9fKmQ7pr3fuISvGFKj8=,Oka9LgOMdE3R4/GFTcM2T/xUdnA=
-22,-33,h2CZ72xf9fKmQ7pr3fuISvGFKj8=,Oka9LgOMdE3R4/GFTcM2T/xUdnA=
-19,-36,h2CZ72xf9fKmQ7pr3fuISvGFKj8=,Oka9LgOMdE3R4/GFTcM2T/xUdnA=
-18,-39,h2CZ72xf9fKmQ7pr3fuISvGFKj8=,Oka9LgOMdE3R4/GFTcM2T/xUdnA=
-18,-36,h2CZ72xf9fKmQ7pr3fuISvGFKj8=,Oka9LgOMdE3R4/GFTcM2T/xUdnA=
-21,-33,h2CZ72xf9fKmQ7pr3fuISvGFKj8=,Oka9LgOMdE3R4/GFTcM2T/xUdnA=
-20,-33,h2CZ72xf9fKmQ7pr3fuISvGFKj8=,Oka9LgOMdE3R4/GFTcM2T/xUdnA=
-19,-33,h2CZ72xf9fKmQ7pr3fuISvGFKj8=,Oka9LgOMdE3R4/GFTcM2T/xUdnA=
-18,-33,h2CZ72xf9fKmQ7pr3fuISvGFKj8=,Oka9LgOMdE3R4/GFTcM2T/xUdnA=
-21,-40,h2CZ72xf9fKmQ7pr3fuISvGFKj8=,Oka9LgOMdE3R4/GFTcM2T/xUdnA=
-17,-36,h2CZ72xf9fKmQ7pr3fuISvGFKj8=,Oka9LgOMdE3R4/GFTcM2T/xUdnA=
-17,-39,h2CZ72xf9fKmQ7pr3fuISvGFKj8=,Oka9LgOMdE3R4/GFTcM2T/xUdnA=
-23,-35,h2CZ72xf9fKmQ7pr3fuISvGFKj8=,Oka9LgOMdE3R4/GFTcM2T/xUdnA=
-22,-35,h2CZ72xf9fKmQ7pr3fuISvGFKj8=,Oka9LgOMdE3R4/GFTcM2T/xUdnA=
-23,-38,h2CZ72xf9fKmQ7pr3fuISvGFKj8=,Oka9LgOMdE3R4/GFTcM2T/xUdnA=
-19,-38,h2CZ72xf9fKmQ7pr3fuISvGFKj8=,Oka9LgOMdE3R4/GFTcM2T/xUdnA=
-21,-35,h2CZ72xf9fKmQ7pr3fuISvGFKj8=,Oka9LgOMdE3R4/GFTcM2T/xUdnA=
-18,-38,h2CZ72xf9fKmQ7pr3fuISvGFKj8=,Oka9LgOMdE3R4/GFTcM2T/xUdnA=
-23,-41,h2CZ72xf9fKmQ7pr3fuISvGFKj8=,nNGuE0ALm8He1ClWc+UmJJqjDSU=
-22,-41,h2CZ72xf9fKmQ7pr3fuISvGFKj8=,nNGuE0ALm8He1ClWc+UmJJqjDSU=
-21,-41,h2CZ72xf9fKmQ7pr3fuISvGFKj8=,nNGuE0ALm8He1ClWc+UmJJqjDSU=
-20,-40,h2CZ72xf9fKmQ7pr3fuISvGFKj8=,Oka9LgOMdE3R4/GFTcM2T/xUdnA=
-17,-38,h2CZ72xf9fKmQ7pr3fuISvGFKj8=,Oka9LgOMdE3R4/GFTcM2T/xUdnA=
-20,-41,h2CZ72xf9fKmQ7pr3fuISvGFKj8=,nNGuE0ALm8He1ClWc+UmJJqjDSU=
-19,-40,h2CZ72xf9fKmQ7pr3fuISvGFKj8=,Oka9LgOMdE3R4/GFTcM2T/xUdnA=
-21,-37,h2CZ72xf9fKmQ7pr3fuISvGFKj8=,Oka9LgOMdE3R4/GFTcM2T/xUdnA=
-20,-37,h2CZ72xf9fKmQ7pr3fuISvGFKj8=,Oka9LgOMdE3R4/GFTcM2T/xUdnA=
-19,-37,h2CZ72xf9fKmQ7pr3fuISvGFKj8=,Oka9LgOMdE3R4/GFTcM2T/xUdnA=
-19,-41,h2CZ72xf9fKmQ7pr3fuISvGFKj8=,nNGuE0ALm8He1ClWc+UmJJqjDSU=
-18,-41,h2CZ72xf9fKmQ7pr3fuISvGFKj8=,nNGuE0ALm8He1ClWc+UmJJqjDSU=
-17,-41,h2CZ72xf9fKmQ7pr3fuISvGFKj8=,nNGuE0ALm8He1ClWc+UmJJqjDSU=
-23,-48,h2CZ72xf9fKmQ7pr3fuISvGFKj8=,nNGuE0ALm8He1ClWc+UmJJqjDSU=
-22,-48,h2CZ72xf9fKmQ7pr3fuISvGFKj8=,nNGuE0ALm8He1ClWc+UmJJqjDSU=
-21,-48,h2CZ72xf9fKmQ7pr3fuISvGFKj8=,nNGuE0ALm8He1ClWc+UmJJqjDSU=
-20,-48,h2CZ72xf9fKmQ7pr3fuISvGFKj8=,nNGuE0ALm8He1ClWc+UmJJqjDSU=
-19,-48,h2CZ72xf9fKmQ7pr3fuISvGFKj8=,nNGuE0ALm8He1ClWc+UmJJqjDSU=
-18,-48,h2CZ72xf9fKmQ7pr3fuISvGFKj8=,nNGuE0ALm8He1ClWc+UmJJqjDSU=
-17,-48,h2CZ72xf9fKmQ7pr3fuISvGFKj8=,nNGuE0ALm8He1ClWc+UmJJqjDSU=
-17,-33,h2CZ72xf9fKmQ7pr3fuISvGFKj8=,Oka9LgOMdE3R4/GFTcM2T/xUdnA=
-24,-48,h2CZ72xf9fKmQ7pr3fuISvGFKj8=,nNGuE0ALm8He1ClWc+UmJJqjDSU=
-21,-42,h2CZ72xf9fKmQ7pr3fuISvGFKj8=,nNGuE0ALm8He1ClWc+UmJJqjDSU=
-22,-42,h2CZ72xf9fKmQ7pr3fuISvGFKj8=,nNGuE0ALm8He1ClWc+UmJJqjDSU=
-23,-42,h2CZ72xf9fKmQ7pr3fuISvGFKj8=,nNGuE0ALm8He1ClWc+UmJJqjDSU=
-24,-42,h2CZ72xf9fKmQ7pr3fuISvGFKj8=,nNGuE0ALm8He1ClWc+UmJJqjDSU=
-21,-45,h2CZ72xf9fKmQ7pr3fuISvGFKj8=,nNGuE0ALm8He1ClWc+UmJJqjDSU=
-17,-43,h2CZ72xf9fKmQ7pr3fuISvGFKj8=,nNGuE0ALm8He1ClWc+UmJJqjDSU=
-18,-43,h2CZ72xf9fKmQ7pr3fuISvGFKj8=,nNGuE0ALm8He1ClWc+UmJJqjDSU=
-19,-43,h2CZ72xf9fKmQ7pr3fuISvGFKj8=,nNGuE0ALm8He1ClWc+UmJJqjDSU=
-22,-45,h2CZ72xf9fKmQ7pr3fuISvGFKj8=,nNGuE0ALm8He1ClWc+UmJJqjDSU=
-20,-43,h2CZ72xf9fKmQ7pr3fuISvGFKj8=,nNGuE0ALm8He1ClWc+UmJJqjDSU=
-21,-43,h2CZ72xf9fKmQ7pr3fuISvGFKj8=,nNGuE0ALm8He1ClWc+UmJJqjDSU=
-23,-43,h2CZ72xf9fKmQ7pr3fuISvGFKj8=,nNGuE0ALm8He1ClWc+UmJJqjDSU=
-24,-43,h2CZ72xf9fKmQ7pr3fuISvGFKj8=,nNGuE0ALm8He1ClWc+UmJJqjDSU=
-22,-43,h2CZ72xf9fKmQ7pr3fuISvGFKj8=,nNGuE0ALm8He1ClWc+UmJJqjDSU=
-17,-44,h2CZ72xf9fKmQ7pr3fuISvGFKj8=,nNGuE0ALm8He1ClWc+UmJJqjDSU=
-23,-45,h2CZ72xf9fKmQ7pr3fuISvGFKj8=,nNGuE0ALm8He1ClWc+UmJJqjDSU=
-18,-44,h2CZ72xf9fKmQ7pr3fuISvGFKj8=,nNGuE0ALm8He1ClWc+UmJJqjDSU=
-24,-45,h2CZ72xf9fKmQ7pr3fuISvGFKj8=,nNGuE0ALm8He1ClWc+UmJJqjDSU=
-19,-44,h2CZ72xf9fKmQ7pr3fuISvGFKj8=,nNGuE0ALm8He1ClWc+UmJJqjDSU=
-20,-44,h2CZ72xf9fKmQ7pr3fuISvGFKj8=,nNGuE0ALm8He1ClWc+UmJJqjDSU=
-21,-44,h2CZ72xf9fKmQ7pr3fuISvGFKj8=,nNGuE0ALm8He1ClWc+UmJJqjDSU=
-22,-44,h2CZ72xf9fKmQ7pr3fuISvGFKj8=,nNGuE0ALm8He1ClWc+UmJJqjDSU=
-23,-44,h2CZ72xf9fKmQ7pr3fuISvGFKj8=,nNGuE0ALm8He1ClWc+UmJJqjDSU=
-24,-44,h2CZ72xf9fKmQ7pr3fuISvGFKj8=,nNGuE0ALm8He1ClWc+UmJJqjDSU=
-17,-45,h2CZ72xf9fKmQ7pr3fuISvGFKj8=,nNGuE0ALm8He1ClWc+UmJJqjDSU=
-18,-45,h2CZ72xf9fKmQ7pr3fuISvGFKj8=,nNGuE0ALm8He1ClWc+UmJJqjDSU=
-19,-45,h2CZ72xf9fKmQ7pr3fuISvGFKj8=,nNGuE0ALm8He1ClWc+UmJJqjDSU=
-18,-46,h2CZ72xf9fKmQ7pr3fuISvGFKj8=,nNGuE0ALm8He1ClWc+UmJJqjDSU=
-17,-46,h2CZ72xf9fKmQ7pr3fuISvGFKj8=,nNGuE0ALm8He1ClWc+UmJJqjDSU=
-28,-35,h2CZ72xf9fKmQ7pr3fuISvGFKj8=,sdRg+y0jl+1HAnjtmOCdjafPN7s=
-24,-37,h2CZ72xf9fKmQ7pr3fuISvGFKj8=,Oka9LgOMdE3R4/GFTcM2T/xUdnA=
-27,-35,h2CZ72xf9fKmQ7pr3fuISvGFKj8=,sdRg+y0jl+1HAnjtmOCdjafPN7s=
-24,-40,h2CZ72xf9fKmQ7pr3fuISvGFKj8=,Oka9LgOMdE3R4/GFTcM2T/xUdnA=
-26,-35,h2CZ72xf9fKmQ7pr3fuISvGFKj8=,sdRg+y0jl+1HAnjtmOCdjafPN7s=
-25,-35,h2CZ72xf9fKmQ7pr3fuISvGFKj8=,sdRg+y0jl+1HAnjtmOCdjafPN7s=
-29,-35,h2CZ72xf9fKmQ7pr3fuISvGFKj8=,sdRg+y0jl+1HAnjtmOCdjafPN7s=
-32,-34,h2CZ72xf9fKmQ7pr3fuISvGFKj8=,sdRg+y0jl+1HAnjtmOCdjafPN7s=
-30,-35,h2CZ72xf9fKmQ7pr3fuISvGFKj8=,sdRg+y0jl+1HAnjtmOCdjafPN7s=
-24,-41,h2CZ72xf9fKmQ7pr3fuISvGFKj8=,nNGuE0ALm8He1ClWc+UmJJqjDSU=
-31,-35,h2CZ72xf9fKmQ7pr3fuISvGFKj8=,sdRg+y0jl+1HAnjtmOCdjafPN7s=
-25,-36,h2CZ72xf9fKmQ7pr3fuISvGFKj8=,sdRg+y0jl+1HAnjtmOCdjafPN7s=
-26,-36,h2CZ72xf9fKmQ7pr3fuISvGFKj8=,sdRg+y0jl+1HAnjtmOCdjafPN7s=
-27,-36,h2CZ72xf9fKmQ7pr3fuISvGFKj8=,sdRg+y0jl+1HAnjtmOCdjafPN7s=
-28,-36,h2CZ72xf9fKmQ7pr3fuISvGFKj8=,sdRg+y0jl+1HAnjtmOCdjafPN7s=
-31,-34,h2CZ72xf9fKmQ7pr3fuISvGFKj8=,sdRg+y0jl+1HAnjtmOCdjafPN7s=
-29,-36,h2CZ72xf9fKmQ7pr3fuISvGFKj8=,sdRg+y0jl+1HAnjtmOCdjafPN7s=
-32,-35,h2CZ72xf9fKmQ7pr3fuISvGFKj8=,sdRg+y0jl+1HAnjtmOCdjafPN7s=
-24,-38,h2CZ72xf9fKmQ7pr3fuISvGFKj8=,Oka9LgOMdE3R4/GFTcM2T/xUdnA=
-30,-34,h2CZ72xf9fKmQ7pr3fuISvGFKj8=,sdRg+y0jl+1HAnjtmOCdjafPN7s=
-30,-36,h2CZ72xf9fKmQ7pr3fuISvGFKj8=,sdRg+y0jl+1HAnjtmOCdjafPN7s=
-31,-36,h2CZ72xf9fKmQ7pr3fuISvGFKj8=,sdRg+y0jl+1HAnjtmOCdjafPN7s=
-25,-37,h2CZ72xf9fKmQ7pr3fuISvGFKj8=,sdRg+y0jl+1HAnjtmOCdjafPN7s=
-26,-37,h2CZ72xf9fKmQ7pr3fuISvGFKj8=,sdRg+y0jl+1HAnjtmOCdjafPN7s=
-24,-35,h2CZ72xf9fKmQ7pr3fuISvGFKj8=,Oka9LgOMdE3R4/GFTcM2T/xUdnA=
-27,-37,h2CZ72xf9fKmQ7pr3fuISvGFKj8=,sdRg+y0jl+1HAnjtmOCdjafPN7s=
-28,-37,h2CZ72xf9fKmQ7pr3fuISvGFKj8=,sdRg+y0jl+1HAnjtmOCdjafPN7s=
-29,-37,h2CZ72xf9fKmQ7pr3fuISvGFKj8=,sdRg+y0jl+1HAnjtmOCdjafPN7s=
-30,-37,h2CZ72xf9fKmQ7pr3fuISvGFKj8=,sdRg+y0jl+1HAnjtmOCdjafPN7s=
-31,-37,h2CZ72xf9fKmQ7pr3fuISvGFKj8=,sdRg+y0jl+1HAnjtmOCdjafPN7s=
-32,-37,h2CZ72xf9fKmQ7pr3fuISvGFKj8=,sdRg+y0jl+1HAnjtmOCdjafPN7s=
-25,-38,h2CZ72xf9fKmQ7pr3fuISvGFKj8=,sdRg+y0jl+1HAnjtmOCdjafPN7s=
-26,-38,h2CZ72xf9fKmQ7pr3fuISvGFKj8=,sdRg+y0jl+1HAnjtmOCdjafPN7s=
-27,-38,h2CZ72xf9fKmQ7pr3fuISvGFKj8=,sdRg+y0jl+1HAnjtmOCdjafPN7s=
-28,-38,h2CZ72xf9fKmQ7pr3fuISvGFKj8=,sdRg+y0jl+1HAnjtmOCdjafPN7s=
-29,-38,h2CZ72xf9fKmQ7pr3fuISvGFKj8=,sdRg+y0jl+1HAnjtmOCdjafPN7s=
-30,-38,h2CZ72xf9fKmQ7pr3fuISvGFKj8=,sdRg+y0jl+1HAnjtmOCdjafPN7s=
-31,-38,h2CZ72xf9fKmQ7pr3fuISvGFKj8=,sdRg+y0jl+1HAnjtmOCdjafPN7s=
-32,-38,h2CZ72xf9fKmQ7pr3fuISvGFKj8=,sdRg+y0jl+1HAnjtmOCdjafPN7s=
-25,-39,h2CZ72xf9fKmQ7pr3fuISvGFKj8=,sdRg+y0jl+1HAnjtmOCdjafPN7s=
-26,-39,h2CZ72xf9fKmQ7pr3fuISvGFKj8=,sdRg+y0jl+1HAnjtmOCdjafPN7s=
-27,-39,h2CZ72xf9fKmQ7pr3fuISvGFKj8=,sdRg+y0jl+1HAnjtmOCdjafPN7s=
-24,-33,h2CZ72xf9fKmQ7pr3fuISvGFKj8=,Oka9LgOMdE3R4/GFTcM2T/xUdnA=
-28,-39,h2CZ72xf9fKmQ7pr3fuISvGFKj8=,sdRg+y0jl+1HAnjtmOCdjafPN7s=
-29,-39,h2CZ72xf9fKmQ7pr3fuISvGFKj8=,sdRg+y0jl+1HAnjtmOCdjafPN7s=
-30,-39,h2CZ72xf9fKmQ7pr3fuISvGFKj8=,sdRg+y0jl+1HAnjtmOCdjafPN7s=
-31,-39,h2CZ72xf9fKmQ7pr3fuISvGFKj8=,sdRg+y0jl+1HAnjtmOCdjafPN7s=
-32,-39,h2CZ72xf9fKmQ7pr3fuISvGFKj8=,sdRg+y0jl+1HAnjtmOCdjafPN7s=
-25,-40,h2CZ72xf9fKmQ7pr3fuISvGFKj8=,sdRg+y0jl+1HAnjtmOCdjafPN7s=
-26,-40,h2CZ72xf9fKmQ7pr3fuISvGFKj8=,sdRg+y0jl+1HAnjtmOCdjafPN7s=
-24,-34,h2CZ72xf9fKmQ7pr3fuISvGFKj8=,Oka9LgOMdE3R4/GFTcM2T/xUdnA=
-27,-40,h2CZ72xf9fKmQ7pr3fuISvGFKj8=,sdRg+y0jl+1HAnjtmOCdjafPN7s=
-28,-40,h2CZ72xf9fKmQ7pr3fuISvGFKj8=,sdRg+y0jl+1HAnjtmOCdjafPN7s=
-29,-40,h2CZ72xf9fKmQ7pr3fuISvGFKj8=,sdRg+y0jl+1HAnjtmOCdjafPN7s=
-30,-40,h2CZ72xf9fKmQ7pr3fuISvGFKj8=,sdRg+y0jl+1HAnjtmOCdjafPN7s=
-31,-40,h2CZ72xf9fKmQ7pr3fuISvGFKj8=,sdRg+y0jl+1HAnjtmOCdjafPN7s=
-25,-33,h2CZ72xf9fKmQ7pr3fuISvGFKj8=,sdRg+y0jl+1HAnjtmOCdjafPN7s=
-32,-36,h2CZ72xf9fKmQ7pr3fuISvGFKj8=,sdRg+y0jl+1HAnjtmOCdjafPN7s=
-32,-40,h2CZ72xf9fKmQ7pr3fuISvGFKj8=,sdRg+y0jl+1HAnjtmOCdjafPN7s=
-29,-34,h2CZ72xf9fKmQ7pr3fuISvGFKj8=,sdRg+y0jl+1HAnjtmOCdjafPN7s=
-26,-33,h2CZ72xf9fKmQ7pr3fuISvGFKj8=,sdRg+y0jl+1HAnjtmOCdjafPN7s=
-27,-33,h2CZ72xf9fKmQ7pr3fuISvGFKj8=,sdRg+y0jl+1HAnjtmOCdjafPN7s=
-28,-34,h2CZ72xf9fKmQ7pr3fuISvGFKj8=,sdRg+y0jl+1HAnjtmOCdjafPN7s=
-28,-33,h2CZ72xf9fKmQ7pr3fuISvGFKj8=,sdRg+y0jl+1HAnjtmOCdjafPN7s=
-27,-34,h2CZ72xf9fKmQ7pr3fuISvGFKj8=,sdRg+y0jl+1HAnjtmOCdjafPN7s=
-26,-34,h2CZ72xf9fKmQ7pr3fuISvGFKj8=,sdRg+y0jl+1HAnjtmOCdjafPN7s=
-25,-34,h2CZ72xf9fKmQ7pr3fuISvGFKj8=,sdRg+y0jl+1HAnjtmOCdjafPN7s=
-29,-33,h2CZ72xf9fKmQ7pr3fuISvGFKj8=,sdRg+y0jl+1HAnjtmOCdjafPN7s=
-30,-33,h2CZ72xf9fKmQ7pr3fuISvGFKj8=,sdRg+y0jl+1HAnjtmOCdjafPN7s=
-24,-39,h2CZ72xf9fKmQ7pr3fuISvGFKj8=,Oka9LgOMdE3R4/GFTcM2T/xUdnA=
-24,-36,h2CZ72xf9fKmQ7pr3fuISvGFKj8=,Oka9LgOMdE3R4/GFTcM2T/xUdnA=
-32,-33,h2CZ72xf9fKmQ7pr3fuISvGFKj8=,sdRg+y0jl+1HAnjtmOCdjafPN7s=
-31,-33,h2CZ72xf9fKmQ7pr3fuISvGFKj8=,sdRg+y0jl+1HAnjtmOCdjafPN7s=
