-52,29,pRi94b0HHWZLKPU7TaDn0aKc8JQ=,XpIQiit08DJ30yYZYVZHTJNBdnI=
-53,29,pRi94b0HHWZLKPU7TaDn0aKc8JQ=,XpIQiit08DJ30yYZYVZHTJNBdnI=
-55,29,pRi94b0HHWZLKPU7TaDn0aKc8JQ=,XpIQiit08DJ30yYZYVZHTJNBdnI=
-50,28,pRi94b0HHWZLKPU7TaDn0aKc8JQ=,XpIQiit08DJ30yYZYVZHTJNBdnI=
-52,28,pRi94b0HHWZLKPU7TaDn0aKc8JQ=,XpIQiit08DJ30yYZYVZHTJNBdnI=
-54,29,pRi94b0HHWZLKPU7TaDn0aKc8JQ=,XpIQiit08DJ30yYZYVZHTJNBdnI=
-53,28,pRi94b0HHWZLKPU7TaDn0aKc8JQ=,XpIQiit08DJ30yYZYVZHTJNBdnI=
-51,28,KdYmnj+76UXcf2D5wv0v5kbViAQ=,XpIQiit08DJ30yYZYVZHTJNBdnI=
-54,28,KdYmnj+76UXcf2D5wv0v5kbViAQ=,XpIQiit08DJ30yYZYVZHTJNBdnI=
-55,28,N/PgnRnAmu1ab1WNHUZGL303dx4=,XpIQiit08DJ30yYZYVZHTJNBdnI=
-50,27,LyRhL9aZkJwtCdetMthOlZq6UZg=,XpIQiit08DJ30yYZYVZHTJNBdnI=
-52,27,UJawTY7R+5df7ssF5QrSXpParNg=,XpIQiit08DJ30yYZYVZHTJNBdnI=
-53,27,UJawTY7R+5df7ssF5QrSXpParNg=,XpIQiit08DJ30yYZYVZHTJNBdnI=
-51,27,UJawTY7R+5df7ssF5QrSXpParNg=,XpIQiit08DJ30yYZYVZHTJNBdnI=
-54,27,UJawTY7R+5df7ssF5QrSXpParNg=,XpIQiit08DJ30yYZYVZHTJNBdnI=
-50,26,UJawTY7R+5df7ssF5QrSXpParNg=,XpIQiit08DJ30yYZYVZHTJNBdnI=
-51,26,UJawTY7R+5df7ssF5QrSXpParNg=,XpIQiit08DJ30yYZYVZHTJNBdnI=
-52,26,UJawTY7R+5df7ssF5QrSXpParNg=,XpIQiit08DJ30yYZYVZHTJNBdnI=
-53,26,UJawTY7R+5df7ssF5QrSXpParNg=,XpIQiit08DJ30yYZYVZHTJNBdnI=
-55,27,UJawTY7R+5df7ssF5QrSXpParNg=,XpIQiit08DJ30yYZYVZHTJNBdnI=
-54,26,UJawTY7R+5df7ssF5QrSXpParNg=,XpIQiit08DJ30yYZYVZHTJNBdnI=
-50,25,UJawTY7R+5df7ssF5QrSXpParNg=,XpIQiit08DJ30yYZYVZHTJNBdnI=
-51,25,UJawTY7R+5df7ssF5QrSXpParNg=,XpIQiit08DJ30yYZYVZHTJNBdnI=
-52,25,UJawTY7R+5df7ssF5QrSXpParNg=,XpIQiit08DJ30yYZYVZHTJNBdnI=
-53,25,UJawTY7R+5df7ssF5QrSXpParNg=,XpIQiit08DJ30yYZYVZHTJNBdnI=
-55,26,UJawTY7R+5df7ssF5QrSXpParNg=,XpIQiit08DJ30yYZYVZHTJNBdnI=
-54,25,UJawTY7R+5df7ssF5QrSXpParNg=,XpIQiit08DJ30yYZYVZHTJNBdnI=
-50,30,UJawTY7R+5df7ssF5QrSXpParNg=,XpIQiit08DJ30yYZYVZHTJNBdnI=
-51,30,UJawTY7R+5df7ssF5QrSXpParNg=,XpIQiit08DJ30yYZYVZHTJNBdnI=
-52,30,UJawTY7R+5df7ssF5QrSXpParNg=,XpIQiit08DJ30yYZYVZHTJNBdnI=
-53,30,UJawTY7R+5df7ssF5QrSXpParNg=,XpIQiit08DJ30yYZYVZHTJNBdnI=
-54,30,UJawTY7R+5df7ssF5QrSXpParNg=,XpIQiit08DJ30yYZYVZHTJNBdnI=
-55,30,UJawTY7R+5df7ssF5QrSXpParNg=,XpIQiit08DJ30yYZYVZHTJNBdnI=
-50,29,UJawTY7R+5df7ssF5QrSXpParNg=,XpIQiit08DJ30yYZYVZHTJNBdnI=
-55,25,UJawTY7R+5df7ssF5QrSXpParNg=,XpIQiit08DJ30yYZYVZHTJNBdnI=
-51,29,UJawTY7R+5df7ssF5QrSXpParNg=,XpIQiit08DJ30yYZYVZHTJNBdnI=
-54,31,UJawTY7R+5df7ssF5QrSXpParNg=,XpIQiit08DJ30yYZYVZHTJNBdnI=
-53,31,UJawTY7R+5df7ssF5QrSXpParNg=,XpIQiit08DJ30yYZYVZHTJNBdnI=
-55,31,UJawTY7R+5df7ssF5QrSXpParNg=,XpIQiit08DJ30yYZYVZHTJNBdnI=
-52,31,UJawTY7R+5df7ssF5QrSXpParNg=,XpIQiit08DJ30yYZYVZHTJNBdnI=
-51,31,UJawTY7R+5df7ssF5QrSXpParNg=,XpIQiit08DJ30yYZYVZHTJNBdnI=
-50,31,UJawTY7R+5df7ssF5QrSXpParNg=,XpIQiit08DJ30yYZYVZHTJNBdnI=
-49,29,UJawTY7R+5df7ssF5QrSXpParNg=,XpIQiit08DJ30yYZYVZHTJNBdnI=
-49,30,UJawTY7R+5df7ssF5QrSXpParNg=,XpIQiit08DJ30yYZYVZHTJNBdnI=
-49,25,UJawTY7R+5df7ssF5QrSXpParNg=,XpIQiit08DJ30yYZYVZHTJNBdnI=
-49,26,UJawTY7R+5df7ssF5QrSXpParNg=,XpIQiit08DJ30yYZYVZHTJNBdnI=
-49,27,UJawTY7R+5df7ssF5QrSXpParNg=,XpIQiit08DJ30yYZYVZHTJNBdnI=
-49,28,UJawTY7R+5df7ssF5QrSXpParNg=,XpIQiit08DJ30yYZYVZHTJNBdnI=
-49,31,UJawTY7R+5df7ssF5QrSXpParNg=,XpIQiit08DJ30yYZYVZHTJNBdnI=
-60,19,UJawTY7R+5df7ssF5QrSXpParNg=,jLyZLvTo7VBdjNZsVub3M6Sq50o=
-59,19,UJawTY7R+5df7ssF5QrSXpParNg=,jLyZLvTo7VBdjNZsVub3M6Sq50o=
-62,17,UJawTY7R+5df7ssF5QrSXpParNg=,jLyZLvTo7VBdjNZsVub3M6Sq50o=
-58,19,UJawTY7R+5df7ssF5QrSXpParNg=,jLyZLvTo7VBdjNZsVub3M6Sq50o=
-58,18,UJawTY7R+5df7ssF5QrSXpParNg=,jLyZLvTo7VBdjNZsVub3M6Sq50o=
-61,17,UJawTY7R+5df7ssF5QrSXpParNg=,jLyZLvTo7VBdjNZsVub3M6Sq50o=
-64,20,UJawTY7R+5df7ssF5QrSXpParNg=,jLyZLvTo7VBdjNZsVub3M6Sq50o=
-63,20,UJawTY7R+5df7ssF5QrSXpParNg=,jLyZLvTo7VBdjNZsVub3M6Sq50o=
-62,20,UJawTY7R+5df7ssF5QrSXpParNg=,jLyZLvTo7VBdjNZsVub3M6Sq50o=
-61,20,UJawTY7R+5df7ssF5QrSXpParNg=,jLyZLvTo7VBdjNZsVub3M6Sq50o=
-60,20,UJawTY7R+5df7ssF5QrSXpParNg=,jLyZLvTo7VBdjNZsVub3M6Sq50o=
-59,20,UJawTY7R+5df7ssF5QrSXpParNg=,jLyZLvTo7VBdjNZsVub3M6Sq50o=
-61,19,UJawTY7R+5df7ssF5QrSXpParNg=,jLyZLvTo7VBdjNZsVub3M6Sq50o=
-58,20,UJawTY7R+5df7ssF5QrSXpParNg=,jLyZLvTo7VBdjNZsVub3M6Sq50o=
-64,19,UJawTY7R+5df7ssF5QrSXpParNg=,jLyZLvTo7VBdjNZsVub3M6Sq50o=
-64,16,UJawTY7R+5df7ssF5QrSXpParNg=,jLyZLvTo7VBdjNZsVub3M6Sq50o=
-60,16,UJawTY7R+5df7ssF5QrSXpParNg=,jLyZLvTo7VBdjNZsVub3M6Sq50o=
-59,16,UJawTY7R+5df7ssF5QrSXpParNg=,jLyZLvTo7VBdjNZsVub3M6Sq50o=
-60,17,UJawTY7R+5df7ssF5QrSXpParNg=,jLyZLvTo7VBdjNZsVub3M6Sq50o=
-63,16,UJawTY7R+5df7ssF5QrSXpParNg=,jLyZLvTo7VBdjNZsVub3M6Sq50o=
-64,21,UJawTY7R+5df7ssF5QrSXpParNg=,jLyZLvTo7VBdjNZsVub3M6Sq50o=
-63,21,UJawTY7R+5df7ssF5QrSXpParNg=,jLyZLvTo7VBdjNZsVub3M6Sq50o=
-64,18,UJawTY7R+5df7ssF5QrSXpParNg=,jLyZLvTo7VBdjNZsVub3M6Sq50o=
-58,16,UJawTY7R+5df7ssF5QrSXpParNg=,jLyZLvTo7VBdjNZsVub3M6Sq50o=
-62,21,UJawTY7R+5df7ssF5QrSXpParNg=,jLyZLvTo7VBdjNZsVub3M6Sq50o=
-64,17,UJawTY7R+5df7ssF5QrSXpParNg=,jLyZLvTo7VBdjNZsVub3M6Sq50o=
-63,18,UJawTY7R+5df7ssF5QrSXpParNg=,jLyZLvTo7VBdjNZsVub3M6Sq50o=
-62,18,UJawTY7R+5df7ssF5QrSXpParNg=,jLyZLvTo7VBdjNZsVub3M6Sq50o=
-62,16,UJawTY7R+5df7ssF5QrSXpParNg=,jLyZLvTo7VBdjNZsVub3M6Sq50o=
-59,17,UJawTY7R+5df7ssF5QrSXpParNg=,jLyZLvTo7VBdjNZsVub3M6Sq50o=
-58,17,UJawTY7R+5df7ssF5QrSXpParNg=,jLyZLvTo7VBdjNZsVub3M6Sq50o=
-61,21,UJawTY7R+5df7ssF5QrSXpParNg=,jLyZLvTo7VBdjNZsVub3M6Sq50o=
-63,17,UJawTY7R+5df7ssF5QrSXpParNg=,jLyZLvTo7VBdjNZsVub3M6Sq50o=
-61,18,UJawTY7R+5df7ssF5QrSXpParNg=,jLyZLvTo7VBdjNZsVub3M6Sq50o=
-63,19,UJawTY7R+5df7ssF5QrSXpParNg=,jLyZLvTo7VBdjNZsVub3M6Sq50o=
-60,18,UJawTY7R+5df7ssF5QrSXpParNg=,jLyZLvTo7VBdjNZsVub3M6Sq50o=
-58,22,UJawTY7R+5df7ssF5QrSXpParNg=,jLyZLvTo7VBdjNZsVub3M6Sq50o=
-60,21,UJawTY7R+5df7ssF5QrSXpParNg=,jLyZLvTo7VBdjNZsVub3M6Sq50o=
-61,16,UJawTY7R+5df7ssF5QrSXpParNg=,jLyZLvTo7VBdjNZsVub3M6Sq50o=
-59,21,UJawTY7R+5df7ssF5QrSXpParNg=,jLyZLvTo7VBdjNZsVub3M6Sq50o=
-58,21,UJawTY7R+5df7ssF5QrSXpParNg=,jLyZLvTo7VBdjNZsVub3M6Sq50o=
-64,22,UJawTY7R+5df7ssF5QrSXpParNg=,jLyZLvTo7VBdjNZsVub3M6Sq50o=
-63,22,UJawTY7R+5df7ssF5QrSXpParNg=,jLyZLvTo7VBdjNZsVub3M6Sq50o=
-62,22,UJawTY7R+5df7ssF5QrSXpParNg=,jLyZLvTo7VBdjNZsVub3M6Sq50o=
-62,19,UJawTY7R+5df7ssF5QrSXpParNg=,jLyZLvTo7VBdjNZsVub3M6Sq50o=
-59,18,UJawTY7R+5df7ssF5QrSXpParNg=,jLyZLvTo7VBdjNZsVub3M6Sq50o=
-59,22,UJawTY7R+5df7ssF5QrSXpParNg=,jLyZLvTo7VBdjNZsVub3M6Sq50o=
-61,22,UJawTY7R+5df7ssF5QrSXpParNg=,jLyZLvTo7VBdjNZsVub3M6Sq50o=
-60,22,UJawTY7R+5df7ssF5QrSXpParNg=,jLyZLvTo7VBdjNZsVub3M6Sq50o=
-53,19,UJawTY7R+5df7ssF5QrSXpParNg=,ppbDzN8mXnBNzTwPZMgbf5Cx9eE=
-49,23,UJawTY7R+5df7ssF5QrSXpParNg=,ppbDzN8mXnBNzTwPZMgbf5Cx9eE=
-50,23,UJawTY7R+5df7ssF5QrSXpParNg=,ppbDzN8mXnBNzTwPZMgbf5Cx9eE=
-51,23,UJawTY7R+5df7ssF5QrSXpParNg=,ppbDzN8mXnBNzTwPZMgbf5Cx9eE=
-52,19,UJawTY7R+5df7ssF5QrSXpParNg=,ppbDzN8mXnBNzTwPZMgbf5Cx9eE=
-51,19,UJawTY7R+5df7ssF5QrSXpParNg=,ppbDzN8mXnBNzTwPZMgbf5Cx9eE=
-50,19,UJawTY7R+5df7ssF5QrSXpParNg=,ppbDzN8mXnBNzTwPZMgbf5Cx9eE=
-54,19,UJawTY7R+5df7ssF5QrSXpParNg=,ppbDzN8mXnBNzTwPZMgbf5Cx9eE=
-57,19,UJawTY7R+5df7ssF5QrSXpParNg=,jLyZLvTo7VBdjNZsVub3M6Sq50o=
-57,18,UJawTY7R+5df7ssF5QrSXpParNg=,jLyZLvTo7VBdjNZsVub3M6Sq50o=
-55,24,UJawTY7R+5df7ssF5QrSXpParNg=,XpIQiit08DJ30yYZYVZHTJNBdnI=
-54,24,UJawTY7R+5df7ssF5QrSXpParNg=,XpIQiit08DJ30yYZYVZHTJNBdnI=
-53,24,UJawTY7R+5df7ssF5QrSXpParNg=,XpIQiit08DJ30yYZYVZHTJNBdnI=
-49,19,UJawTY7R+5df7ssF5QrSXpParNg=,ppbDzN8mXnBNzTwPZMgbf5Cx9eE=
-52,24,UJawTY7R+5df7ssF5QrSXpParNg=,XpIQiit08DJ30yYZYVZHTJNBdnI=
-56,20,UJawTY7R+5df7ssF5QrSXpParNg=,ppbDzN8mXnBNzTwPZMgbf5Cx9eE=
-51,24,UJawTY7R+5df7ssF5QrSXpParNg=,XpIQiit08DJ30yYZYVZHTJNBdnI=
-55,19,UJawTY7R+5df7ssF5QrSXpParNg=,ppbDzN8mXnBNzTwPZMgbf5Cx9eE=
-56,19,UJawTY7R+5df7ssF5QrSXpParNg=,ppbDzN8mXnBNzTwPZMgbf5Cx9eE=
-49,18,UJawTY7R+5df7ssF5QrSXpParNg=,ppbDzN8mXnBNzTwPZMgbf5Cx9eE=
-50,18,UJawTY7R+5df7ssF5QrSXpParNg=,ppbDzN8mXnBNzTwPZMgbf5Cx9eE=
-55,20,UJawTY7R+5df7ssF5QrSXpParNg=,ppbDzN8mXnBNzTwPZMgbf5Cx9eE=
-54,20,UJawTY7R+5df7ssF5QrSXpParNg=,ppbDzN8mXnBNzTwPZMgbf5Cx9eE=
-53,20,UJawTY7R+5df7ssF5QrSXpParNg=,ppbDzN8mXnBNzTwPZMgbf5Cx9eE=
-50,24,UJawTY7R+5df7ssF5QrSXpParNg=,XpIQiit08DJ30yYZYVZHTJNBdnI=
-52,20,UJawTY7R+5df7ssF5QrSXpParNg=,ppbDzN8mXnBNzTwPZMgbf5Cx9eE=
-49,24,UJawTY7R+5df7ssF5QrSXpParNg=,XpIQiit08DJ30yYZYVZHTJNBdnI=
-57,20,UJawTY7R+5df7ssF5QrSXpParNg=,jLyZLvTo7VBdjNZsVub3M6Sq50o=
-51,20,UJawTY7R+5df7ssF5QrSXpParNg=,ppbDzN8mXnBNzTwPZMgbf5Cx9eE=
-50,20,UJawTY7R+5df7ssF5QrSXpParNg=,ppbDzN8mXnBNzTwPZMgbf5Cx9eE=
-49,20,UJawTY7R+5df7ssF5QrSXpParNg=,ppbDzN8mXnBNzTwPZMgbf5Cx9eE=
-56,21,UJawTY7R+5df7ssF5QrSXpParNg=,ppbDzN8mXnBNzTwPZMgbf5Cx9eE=
-56,16,UJawTY7R+5df7ssF5QrSXpParNg=,ppbDzN8mXnBNzTwPZMgbf5Cx9eE=
-55,16,UJawTY7R+5df7ssF5QrSXpParNg=,ppbDzN8mXnBNzTwPZMgbf5Cx9eE=
-54,16,UJawTY7R+5df7ssF5QrSXpParNg=,ppbDzN8mXnBNzTwPZMgbf5Cx9eE=
-57,16,UJawTY7R+5df7ssF5QrSXpParNg=,jLyZLvTo7VBdjNZsVub3M6Sq50o=
-55,21,UJawTY7R+5df7ssF5QrSXpParNg=,ppbDzN8mXnBNzTwPZMgbf5Cx9eE=
-54,21,UJawTY7R+5df7ssF5QrSXpParNg=,ppbDzN8mXnBNzTwPZMgbf5Cx9eE=
-51,18,UJawTY7R+5df7ssF5QrSXpParNg=,ppbDzN8mXnBNzTwPZMgbf5Cx9eE=
-52,18,UJawTY7R+5df7ssF5QrSXpParNg=,ppbDzN8mXnBNzTwPZMgbf5Cx9eE=
-57,21,UJawTY7R+5df7ssF5QrSXpParNg=,jLyZLvTo7VBdjNZsVub3M6Sq50o=
-57,17,UJawTY7R+5df7ssF5QrSXpParNg=,jLyZLvTo7VBdjNZsVub3M6Sq50o=
-53,16,UJawTY7R+5df7ssF5QrSXpParNg=,ppbDzN8mXnBNzTwPZMgbf5Cx9eE=
-52,16,UJawTY7R+5df7ssF5QrSXpParNg=,ppbDzN8mXnBNzTwPZMgbf5Cx9eE=
-53,21,UJawTY7R+5df7ssF5QrSXpParNg=,ppbDzN8mXnBNzTwPZMgbf5Cx9eE=
-53,18,UJawTY7R+5df7ssF5QrSXpParNg=,ppbDzN8mXnBNzTwPZMgbf5Cx9eE=
-57,22,UJawTY7R+5df7ssF5QrSXpParNg=,jLyZLvTo7VBdjNZsVub3M6Sq50o=
-51,16,UJawTY7R+5df7ssF5QrSXpParNg=,ppbDzN8mXnBNzTwPZMgbf5Cx9eE=
-49,16,UJawTY7R+5df7ssF5QrSXpParNg=,ppbDzN8mXnBNzTwPZMgbf5Cx9eE=
-56,17,UJawTY7R+5df7ssF5QrSXpParNg=,ppbDzN8mXnBNzTwPZMgbf5Cx9eE=
-50,16,UJawTY7R+5df7ssF5QrSXpParNg=,ppbDzN8mXnBNzTwPZMgbf5Cx9eE=
-52,21,UJawTY7R+5df7ssF5QrSXpParNg=,ppbDzN8mXnBNzTwPZMgbf5Cx9eE=
-55,17,UJawTY7R+5df7ssF5QrSXpParNg=,ppbDzN8mXnBNzTwPZMgbf5Cx9eE=
-51,21,UJawTY7R+5df7ssF5QrSXpParNg=,ppbDzN8mXnBNzTwPZMgbf5Cx9eE=
-50,21,UJawTY7R+5df7ssF5QrSXpParNg=,ppbDzN8mXnBNzTwPZMgbf5Cx9eE=
-49,21,UJawTY7R+5df7ssF5QrSXpParNg=,ppbDzN8mXnBNzTwPZMgbf5Cx9eE=
-56,22,UJawTY7R+5df7ssF5QrSXpParNg=,ppbDzN8mXnBNzTwPZMgbf5Cx9eE=
-55,22,UJawTY7R+5df7ssF5QrSXpParNg=,ppbDzN8mXnBNzTwPZMgbf5Cx9eE=
-53,17,UJawTY7R+5df7ssF5QrSXpParNg=,ppbDzN8mXnBNzTwPZMgbf5Cx9eE=
-54,17,UJawTY7R+5df7ssF5QrSXpParNg=,ppbDzN8mXnBNzTwPZMgbf5Cx9eE=
-52,17,UJawTY7R+5df7ssF5QrSXpParNg=,ppbDzN8mXnBNzTwPZMgbf5Cx9eE=
-54,22,UJawTY7R+5df7ssF5QrSXpParNg=,ppbDzN8mXnBNzTwPZMgbf5Cx9eE=
-53,22,UJawTY7R+5df7ssF5QrSXpParNg=,ppbDzN8mXnBNzTwPZMgbf5Cx9eE=
-52,22,UJawTY7R+5df7ssF5QrSXpParNg=,ppbDzN8mXnBNzTwPZMgbf5Cx9eE=
-51,17,UJawTY7R+5df7ssF5QrSXpParNg=,ppbDzN8mXnBNzTwPZMgbf5Cx9eE=
-51,22,UJawTY7R+5df7ssF5QrSXpParNg=,ppbDzN8mXnBNzTwPZMgbf5Cx9eE=
-50,22,UJawTY7R+5df7ssF5QrSXpParNg=,ppbDzN8mXnBNzTwPZMgbf5Cx9eE=
-49,22,UJawTY7R+5df7ssF5QrSXpParNg=,ppbDzN8mXnBNzTwPZMgbf5Cx9eE=
-50,17,UJawTY7R+5df7ssF5QrSXpParNg=,ppbDzN8mXnBNzTwPZMgbf5Cx9eE=
-56,18,UJawTY7R+5df7ssF5QrSXpParNg=,ppbDzN8mXnBNzTwPZMgbf5Cx9eE=
-49,17,UJawTY7R+5df7ssF5QrSXpParNg=,ppbDzN8mXnBNzTwPZMgbf5Cx9eE=
-52,23,UJawTY7R+5df7ssF5QrSXpParNg=,ppbDzN8mXnBNzTwPZMgbf5Cx9eE=
-53,23,UJawTY7R+5df7ssF5QrSXpParNg=,ppbDzN8mXnBNzTwPZMgbf5Cx9eE=
-54,23,UJawTY7R+5df7ssF5QrSXpParNg=,ppbDzN8mXnBNzTwPZMgbf5Cx9eE=
-55,18,UJawTY7R+5df7ssF5QrSXpParNg=,ppbDzN8mXnBNzTwPZMgbf5Cx9eE=
-55,23,UJawTY7R+5df7ssF5QrSXpParNg=,ppbDzN8mXnBNzTwPZMgbf5Cx9eE=
-54,18,UJawTY7R+5df7ssF5QrSXpParNg=,ppbDzN8mXnBNzTwPZMgbf5Cx9eE=
-60,27,UJawTY7R+5df7ssF5QrSXpParNg=,GPqr/Inr2h9G7qw0+aCsH0Zak78=
-56,30,UJawTY7R+5df7ssF5QrSXpParNg=,XpIQiit08DJ30yYZYVZHTJNBdnI=
-61,27,UJawTY7R+5df7ssF5QrSXpParNg=,GPqr/Inr2h9G7qw0+aCsH0Zak78=
-62,27,UJawTY7R+5df7ssF5QrSXpParNg=,GPqr/Inr2h9G7qw0+aCsH0Zak78=
-59,27,UJawTY7R+5df7ssF5QrSXpParNg=,GPqr/Inr2h9G7qw0+aCsH0Zak78=
-58,27,UJawTY7R+5df7ssF5QrSXpParNg=,GPqr/Inr2h9G7qw0+aCsH0Zak78=
-57,31,UJawTY7R+5df7ssF5QrSXpParNg=,GPqr/Inr2h9G7qw0+aCsH0Zak78=
-56,24,UJawTY7R+5df7ssF5QrSXpParNg=,XpIQiit08DJ30yYZYVZHTJNBdnI=
-58,31,UJawTY7R+5df7ssF5QrSXpParNg=,GPqr/Inr2h9G7qw0+aCsH0Zak78=
-59,31,UJawTY7R+5df7ssF5QrSXpParNg=,GPqr/Inr2h9G7qw0+aCsH0Zak78=
-63,27,UJawTY7R+5df7ssF5QrSXpParNg=,GPqr/Inr2h9G7qw0+aCsH0Zak78=
-64,27,UJawTY7R+5df7ssF5QrSXpParNg=,GPqr/Inr2h9G7qw0+aCsH0Zak78=
-57,23,UJawTY7R+5df7ssF5QrSXpParNg=,jLyZLvTo7VBdjNZsVub3M6Sq50o=
-56,25,UJawTY7R+5df7ssF5QrSXpParNg=,XpIQiit08DJ30yYZYVZHTJNBdnI=
-56,31,UJawTY7R+5df7ssF5QrSXpParNg=,XpIQiit08DJ30yYZYVZHTJNBdnI=
-58,26,UJawTY7R+5df7ssF5QrSXpParNg=,GPqr/Inr2h9G7qw0+aCsH0Zak78=
-57,26,UJawTY7R+5df7ssF5QrSXpParNg=,GPqr/Inr2h9G7qw0+aCsH0Zak78=
-57,27,UJawTY7R+5df7ssF5QrSXpParNg=,GPqr/Inr2h9G7qw0+aCsH0Zak78=
-64,28,UJawTY7R+5df7ssF5QrSXpParNg=,GPqr/Inr2h9G7qw0+aCsH0Zak78=
-59,26,UJawTY7R+5df7ssF5QrSXpParNg=,GPqr/Inr2h9G7qw0+aCsH0Zak78=
-58,23,UJawTY7R+5df7ssF5QrSXpParNg=,jLyZLvTo7VBdjNZsVub3M6Sq50o=
-63,28,UJawTY7R+5df7ssF5QrSXpParNg=,GPqr/Inr2h9G7qw0+aCsH0Zak78=
-59,23,UJawTY7R+5df7ssF5QrSXpParNg=,jLyZLvTo7VBdjNZsVub3M6Sq50o=
-62,28,UJawTY7R+5df7ssF5QrSXpParNg=,GPqr/Inr2h9G7qw0+aCsH0Zak78=
-64,24,UJawTY7R+5df7ssF5QrSXpParNg=,GPqr/Inr2h9G7qw0+aCsH0Zak78=
-60,26,UJawTY7R+5df7ssF5QrSXpParNg=,GPqr/Inr2h9G7qw0+aCsH0Zak78=
-60,23,UJawTY7R+5df7ssF5QrSXpParNg=,jLyZLvTo7VBdjNZsVub3M6Sq50o=
-61,26,UJawTY7R+5df7ssF5QrSXpParNg=,GPqr/Inr2h9G7qw0+aCsH0Zak78=
-63,26,UJawTY7R+5df7ssF5QrSXpParNg=,GPqr/Inr2h9G7qw0+aCsH0Zak78=
-62,26,UJawTY7R+5df7ssF5QrSXpParNg=,GPqr/Inr2h9G7qw0+aCsH0Zak78=
-64,26,UJawTY7R+5df7ssF5QrSXpParNg=,GPqr/Inr2h9G7qw0+aCsH0Zak78=
-61,28,UJawTY7R+5df7ssF5QrSXpParNg=,GPqr/Inr2h9G7qw0+aCsH0Zak78=
-63,24,UJawTY7R+5df7ssF5QrSXpParNg=,GPqr/Inr2h9G7qw0+aCsH0Zak78=
-56,29,UJawTY7R+5df7ssF5QrSXpParNg=,XpIQiit08DJ30yYZYVZHTJNBdnI=
-60,28,UJawTY7R+5df7ssF5QrSXpParNg=,GPqr/Inr2h9G7qw0+aCsH0Zak78=
-60,31,UJawTY7R+5df7ssF5QrSXpParNg=,GPqr/Inr2h9G7qw0+aCsH0Zak78=
-57,25,UJawTY7R+5df7ssF5QrSXpParNg=,GPqr/Inr2h9G7qw0+aCsH0Zak78=
-61,31,UJawTY7R+5df7ssF5QrSXpParNg=,GPqr/Inr2h9G7qw0+aCsH0Zak78=
-56,26,UJawTY7R+5df7ssF5QrSXpParNg=,XpIQiit08DJ30yYZYVZHTJNBdnI=
-58,25,UJawTY7R+5df7ssF5QrSXpParNg=,GPqr/Inr2h9G7qw0+aCsH0Zak78=
-59,25,UJawTY7R+5df7ssF5QrSXpParNg=,GPqr/Inr2h9G7qw0+aCsH0Zak78=
-59,28,UJawTY7R+5df7ssF5QrSXpParNg=,GPqr/Inr2h9G7qw0+aCsH0Zak78=
-56,23,UJawTY7R+5df7ssF5QrSXpParNg=,ppbDzN8mXnBNzTwPZMgbf5Cx9eE=
-61,25,UJawTY7R+5df7ssF5QrSXpParNg=,GPqr/Inr2h9G7qw0+aCsH0Zak78=
-60,25,UJawTY7R+5df7ssF5QrSXpParNg=,GPqr/Inr2h9G7qw0+aCsH0Zak78=
-62,31,UJawTY7R+5df7ssF5QrSXpParNg=,GPqr/Inr2h9G7qw0+aCsH0Zak78=
-62,25,UJawTY7R+5df7ssF5QrSXpParNg=,GPqr/Inr2h9G7qw0+aCsH0Zak78=
-63,25,UJawTY7R+5df7ssF5QrSXpParNg=,GPqr/Inr2h9G7qw0+aCsH0Zak78=
-64,25,UJawTY7R+5df7ssF5QrSXpParNg=,GPqr/Inr2h9G7qw0+aCsH0Zak78=
-63,31,UJawTY7R+5df7ssF5QrSXpParNg=,GPqr/Inr2h9G7qw0+aCsH0Zak78=
-64,31,UJawTY7R+5df7ssF5QrSXpParNg=,GPqr/Inr2h9G7qw0+aCsH0Zak78=
-61,23,UJawTY7R+5df7ssF5QrSXpParNg=,jLyZLvTo7VBdjNZsVub3M6Sq50o=
-62,23,UJawTY7R+5df7ssF5QrSXpParNg=,jLyZLvTo7VBdjNZsVub3M6Sq50o=
-58,28,UJawTY7R+5df7ssF5QrSXpParNg=,GPqr/Inr2h9G7qw0+aCsH0Zak78=
-57,30,UJawTY7R+5df7ssF5QrSXpParNg=,GPqr/Inr2h9G7qw0+aCsH0Zak78=
-58,30,UJawTY7R+5df7ssF5QrSXpParNg=,GPqr/Inr2h9G7qw0+aCsH0Zak78=
-57,28,UJawTY7R+5df7ssF5QrSXpParNg=,GPqr/Inr2h9G7qw0+aCsH0Zak78=
-62,24,UJawTY7R+5df7ssF5QrSXpParNg=,GPqr/Inr2h9G7qw0+aCsH0Zak78=
-64,29,UJawTY7R+5df7ssF5QrSXpParNg=,GPqr/Inr2h9G7qw0+aCsH0Zak78=
-61,24,UJawTY7R+5df7ssF5QrSXpParNg=,GPqr/Inr2h9G7qw0+aCsH0Zak78=
-63,29,UJawTY7R+5df7ssF5QrSXpParNg=,GPqr/Inr2h9G7qw0+aCsH0Zak78=
-59,30,UJawTY7R+5df7ssF5QrSXpParNg=,GPqr/Inr2h9G7qw0+aCsH0Zak78=
-62,29,UJawTY7R+5df7ssF5QrSXpParNg=,GPqr/Inr2h9G7qw0+aCsH0Zak78=
-60,30,UJawTY7R+5df7ssF5QrSXpParNg=,GPqr/Inr2h9G7qw0+aCsH0Zak78=
-61,29,UJawTY7R+5df7ssF5QrSXpParNg=,GPqr/Inr2h9G7qw0+aCsH0Zak78=
-63,23,UJawTY7R+5df7ssF5QrSXpParNg=,jLyZLvTo7VBdjNZsVub3M6Sq50o=
-61,30,UJawTY7R+5df7ssF5QrSXpParNg=,GPqr/Inr2h9G7qw0+aCsH0Zak78=
-64,23,UJawTY7R+5df7ssF5QrSXpParNg=,jLyZLvTo7VBdjNZsVub3M6Sq50o=
-56,28,UJawTY7R+5df7ssF5QrSXpParNg=,XpIQiit08DJ30yYZYVZHTJNBdnI=
-60,24,UJawTY7R+5df7ssF5QrSXpParNg=,GPqr/Inr2h9G7qw0+aCsH0Zak78=
-62,30,UJawTY7R+5df7ssF5QrSXpParNg=,GPqr/Inr2h9G7qw0+aCsH0Zak78=
-56,27,UJawTY7R+5df7ssF5QrSXpParNg=,XpIQiit08DJ30yYZYVZHTJNBdnI=
-63,30,UJawTY7R+5df7ssF5QrSXpParNg=,GPqr/Inr2h9G7qw0+aCsH0Zak78=
-60,29,UJawTY7R+5df7ssF5QrSXpParNg=,GPqr/Inr2h9G7qw0+aCsH0Zak78=
-57,24,UJawTY7R+5df7ssF5QrSXpParNg=,GPqr/Inr2h9G7qw0+aCsH0Zak78=
-64,30,UJawTY7R+5df7ssF5QrSXpParNg=,GPqr/Inr2h9G7qw0+aCsH0Zak78=
-58,24,UJawTY7R+5df7ssF5QrSXpParNg=,GPqr/Inr2h9G7qw0+aCsH0Zak78=
-57,29,UJawTY7R+5df7ssF5QrSXpParNg=,GPqr/Inr2h9G7qw0+aCsH0Zak78=
-59,29,UJawTY7R+5df7ssF5QrSXpParNg=,GPqr/Inr2h9G7qw0+aCsH0Zak78=
-59,24,UJawTY7R+5df7ssF5QrSXpParNg=,GPqr/Inr2h9G7qw0+aCsH0Zak78=
-58,29,UJawTY7R+5df7ssF5QrSXpParNg=,GPqr/Inr2h9G7qw0+aCsH0Zak78=
-50,10,BFT5uD+DbwSHk36WY2LWVWzT2R0=,1SVItpvDd+GBmbOQynEhUN12qqM=
-49,15,BFT5uD+DbwSHk36WY2LWVWzT2R0=,1SVItpvDd+GBmbOQynEhUN12qqM=
-50,15,BFT5uD+DbwSHk36WY2LWVWzT2R0=,1SVItpvDd+GBmbOQynEhUN12qqM=
-53,11,BFT5uD+DbwSHk36WY2LWVWzT2R0=,1SVItpvDd+GBmbOQynEhUN12qqM=
-54,11,RW9te169IRoKS/F2AV6ccOp4x8c=,1SVItpvDd+GBmbOQynEhUN12qqM=
-51,10,RW9te169IRoKS/F2AV6ccOp4x8c=,1SVItpvDd+GBmbOQynEhUN12qqM=
-51,15,RW9te169IRoKS/F2AV6ccOp4x8c=,1SVItpvDd+GBmbOQynEhUN12qqM=
-52,15,RW9te169IRoKS/F2AV6ccOp4x8c=,1SVItpvDd+GBmbOQynEhUN12qqM=
-55,11,RW9te169IRoKS/F2AV6ccOp4x8c=,1SVItpvDd+GBmbOQynEhUN12qqM=
-53,15,RW9te169IRoKS/F2AV6ccOp4x8c=,1SVItpvDd+GBmbOQynEhUN12qqM=
-54,15,RW9te169IRoKS/F2AV6ccOp4x8c=,1SVItpvDd+GBmbOQynEhUN12qqM=
-55,15,RW9te169IRoKS/F2AV6ccOp4x8c=,1SVItpvDd+GBmbOQynEhUN12qqM=
-52,10,RW9te169IRoKS/F2AV6ccOp4x8c=,1SVItpvDd+GBmbOQynEhUN12qqM=
-56,15,RW9te169IRoKS/F2AV6ccOp4x8c=,1SVItpvDd+GBmbOQynEhUN12qqM=
-49,14,RW9te169IRoKS/F2AV6ccOp4x8c=,1SVItpvDd+GBmbOQynEhUN12qqM=
-55,9,RW9te169IRoKS/F2AV6ccOp4x8c=,1SVItpvDd+GBmbOQynEhUN12qqM=
-50,14,RW9te169IRoKS/F2AV6ccOp4x8c=,1SVItpvDd+GBmbOQynEhUN12qqM=
-51,14,RW9te169IRoKS/F2AV6ccOp4x8c=,1SVItpvDd+GBmbOQynEhUN12qqM=
-52,14,RW9te169IRoKS/F2AV6ccOp4x8c=,1SVItpvDd+GBmbOQynEhUN12qqM=
-49,9,RW9te169IRoKS/F2AV6ccOp4x8c=,1SVItpvDd+GBmbOQynEhUN12qqM=
-56,9,RW9te169IRoKS/F2AV6ccOp4x8c=,1SVItpvDd+GBmbOQynEhUN12qqM=
-53,14,RW9te169IRoKS/F2AV6ccOp4x8c=,1SVItpvDd+GBmbOQynEhUN12qqM=
-54,14,RW9te169IRoKS/F2AV6ccOp4x8c=,1SVItpvDd+GBmbOQynEhUN12qqM=
-50,9,RW9te169IRoKS/F2AV6ccOp4x8c=,1SVItpvDd+GBmbOQynEhUN12qqM=
-53,10,RW9te169IRoKS/F2AV6ccOp4x8c=,1SVItpvDd+GBmbOQynEhUN12qqM=
-55,14,RW9te169IRoKS/F2AV6ccOp4x8c=,1SVItpvDd+GBmbOQynEhUN12qqM=
-56,14,RW9te169IRoKS/F2AV6ccOp4x8c=,1SVItpvDd+GBmbOQynEhUN12qqM=
-51,9,RW9te169IRoKS/F2AV6ccOp4x8c=,1SVItpvDd+GBmbOQynEhUN12qqM=
-54,10,RW9te169IRoKS/F2AV6ccOp4x8c=,1SVItpvDd+GBmbOQynEhUN12qqM=
-49,13,RW9te169IRoKS/F2AV6ccOp4x8c=,1SVItpvDd+GBmbOQynEhUN12qqM=
-51,13,RW9te169IRoKS/F2AV6ccOp4x8c=,1SVItpvDd+GBmbOQynEhUN12qqM=
-50,13,RW9te169IRoKS/F2AV6ccOp4x8c=,1SVItpvDd+GBmbOQynEhUN12qqM=
-52,13,RW9te169IRoKS/F2AV6ccOp4x8c=,1SVItpvDd+GBmbOQynEhUN12qqM=
-53,13,RW9te169IRoKS/F2AV6ccOp4x8c=,1SVItpvDd+GBmbOQynEhUN12qqM=
-52,9,RW9te169IRoKS/F2AV6ccOp4x8c=,1SVItpvDd+GBmbOQynEhUN12qqM=
-54,13,RW9te169IRoKS/F2AV6ccOp4x8c=,1SVItpvDd+GBmbOQynEhUN12qqM=
-55,13,RW9te169IRoKS/F2AV6ccOp4x8c=,1SVItpvDd+GBmbOQynEhUN12qqM=
-55,10,RW9te169IRoKS/F2AV6ccOp4x8c=,1SVItpvDd+GBmbOQynEhUN12qqM=
-56,13,RW9te169IRoKS/F2AV6ccOp4x8c=,1SVItpvDd+GBmbOQynEhUN12qqM=
-49,12,RW9te169IRoKS/F2AV6ccOp4x8c=,1SVItpvDd+GBmbOQynEhUN12qqM=
-50,12,RW9te169IRoKS/F2AV6ccOp4x8c=,1SVItpvDd+GBmbOQynEhUN12qqM=
-51,12,RW9te169IRoKS/F2AV6ccOp4x8c=,1SVItpvDd+GBmbOQynEhUN12qqM=
-52,12,RW9te169IRoKS/F2AV6ccOp4x8c=,1SVItpvDd+GBmbOQynEhUN12qqM=
-53,9,RW9te169IRoKS/F2AV6ccOp4x8c=,1SVItpvDd+GBmbOQynEhUN12qqM=
-53,12,RW9te169IRoKS/F2AV6ccOp4x8c=,1SVItpvDd+GBmbOQynEhUN12qqM=
-56,10,RW9te169IRoKS/F2AV6ccOp4x8c=,1SVItpvDd+GBmbOQynEhUN12qqM=
-54,12,RW9te169IRoKS/F2AV6ccOp4x8c=,1SVItpvDd+GBmbOQynEhUN12qqM=
-55,12,RW9te169IRoKS/F2AV6ccOp4x8c=,1SVItpvDd+GBmbOQynEhUN12qqM=
-56,12,RW9te169IRoKS/F2AV6ccOp4x8c=,1SVItpvDd+GBmbOQynEhUN12qqM=
-49,11,RW9te169IRoKS/F2AV6ccOp4x8c=,1SVItpvDd+GBmbOQynEhUN12qqM=
-50,11,RW9te169IRoKS/F2AV6ccOp4x8c=,1SVItpvDd+GBmbOQynEhUN12qqM=
-51,11,RW9te169IRoKS/F2AV6ccOp4x8c=,1SVItpvDd+GBmbOQynEhUN12qqM=
-54,9,RW9te169IRoKS/F2AV6ccOp4x8c=,1SVItpvDd+GBmbOQynEhUN12qqM=
-52,11,RW9te169IRoKS/F2AV6ccOp4x8c=,1SVItpvDd+GBmbOQynEhUN12qqM=
-56,11,RW9te169IRoKS/F2AV6ccOp4x8c=,1SVItpvDd+GBmbOQynEhUN12qqM=
-49,10,RW9te169IRoKS/F2AV6ccOp4x8c=,1SVItpvDd+GBmbOQynEhUN12qqM=
-52,7,RW9te169IRoKS/F2AV6ccOp4x8c=,ueCpQQH1YQgFOxVy14gbaFB9bh8=
-51,7,RW9te169IRoKS/F2AV6ccOp4x8c=,ueCpQQH1YQgFOxVy14gbaFB9bh8=
-53,7,RW9te169IRoKS/F2AV6ccOp4x8c=,ueCpQQH1YQgFOxVy14gbaFB9bh8=
-55,7,RW9te169IRoKS/F2AV6ccOp4x8c=,ueCpQQH1YQgFOxVy14gbaFB9bh8=
-56,7,RW9te169IRoKS/F2AV6ccOp4x8c=,ueCpQQH1YQgFOxVy14gbaFB9bh8=
-49,6,RW9te169IRoKS/F2AV6ccOp4x8c=,ueCpQQH1YQgFOxVy14gbaFB9bh8=
-50,6,RW9te169IRoKS/F2AV6ccOp4x8c=,ueCpQQH1YQgFOxVy14gbaFB9bh8=
-52,8,RW9te169IRoKS/F2AV6ccOp4x8c=,1SVItpvDd+GBmbOQynEhUN12qqM=
-56,8,RW9te169IRoKS/F2AV6ccOp4x8c=,1SVItpvDd+GBmbOQynEhUN12qqM=
-50,7,RW9te169IRoKS/F2AV6ccOp4x8c=,ueCpQQH1YQgFOxVy14gbaFB9bh8=
-56,0,RW9te169IRoKS/F2AV6ccOp4x8c=,ueCpQQH1YQgFOxVy14gbaFB9bh8=
-55,0,RW9te169IRoKS/F2AV6ccOp4x8c=,ueCpQQH1YQgFOxVy14gbaFB9bh8=
-54,0,RW9te169IRoKS/F2AV6ccOp4x8c=,ueCpQQH1YQgFOxVy14gbaFB9bh8=
-53,0,RW9te169IRoKS/F2AV6ccOp4x8c=,ueCpQQH1YQgFOxVy14gbaFB9bh8=
-52,0,RW9te169IRoKS/F2AV6ccOp4x8c=,ueCpQQH1YQgFOxVy14gbaFB9bh8=
-51,0,RW9te169IRoKS/F2AV6ccOp4x8c=,ueCpQQH1YQgFOxVy14gbaFB9bh8=
-49,7,RW9te169IRoKS/F2AV6ccOp4x8c=,ueCpQQH1YQgFOxVy14gbaFB9bh8=
-54,7,RW9te169IRoKS/F2AV6ccOp4x8c=,ueCpQQH1YQgFOxVy14gbaFB9bh8=
-50,0,RW9te169IRoKS/F2AV6ccOp4x8c=,ueCpQQH1YQgFOxVy14gbaFB9bh8=
-53,8,RW9te169IRoKS/F2AV6ccOp4x8c=,1SVItpvDd+GBmbOQynEhUN12qqM=
-49,0,RW9te169IRoKS/F2AV6ccOp4x8c=,ueCpQQH1YQgFOxVy14gbaFB9bh8=
-56,1,RW9te169IRoKS/F2AV6ccOp4x8c=,ueCpQQH1YQgFOxVy14gbaFB9bh8=
-55,1,RW9te169IRoKS/F2AV6ccOp4x8c=,ueCpQQH1YQgFOxVy14gbaFB9bh8=
-54,1,RW9te169IRoKS/F2AV6ccOp4x8c=,ueCpQQH1YQgFOxVy14gbaFB9bh8=
-53,1,RW9te169IRoKS/F2AV6ccOp4x8c=,ueCpQQH1YQgFOxVy14gbaFB9bh8=
-51,8,RW9te169IRoKS/F2AV6ccOp4x8c=,1SVItpvDd+GBmbOQynEhUN12qqM=
-52,1,RW9te169IRoKS/F2AV6ccOp4x8c=,ueCpQQH1YQgFOxVy14gbaFB9bh8=
-50,8,RW9te169IRoKS/F2AV6ccOp4x8c=,1SVItpvDd+GBmbOQynEhUN12qqM=
-49,8,RW9te169IRoKS/F2AV6ccOp4x8c=,1SVItpvDd+GBmbOQynEhUN12qqM=
-51,1,RW9te169IRoKS/F2AV6ccOp4x8c=,ueCpQQH1YQgFOxVy14gbaFB9bh8=
-50,1,RW9te169IRoKS/F2AV6ccOp4x8c=,ueCpQQH1YQgFOxVy14gbaFB9bh8=
-55,8,RW9te169IRoKS/F2AV6ccOp4x8c=,1SVItpvDd+GBmbOQynEhUN12qqM=
-51,6,RW9te169IRoKS/F2AV6ccOp4x8c=,ueCpQQH1YQgFOxVy14gbaFB9bh8=
-52,6,RW9te169IRoKS/F2AV6ccOp4x8c=,ueCpQQH1YQgFOxVy14gbaFB9bh8=
-49,1,RW9te169IRoKS/F2AV6ccOp4x8c=,ueCpQQH1YQgFOxVy14gbaFB9bh8=
-56,2,RW9te169IRoKS/F2AV6ccOp4x8c=,ueCpQQH1YQgFOxVy14gbaFB9bh8=
-55,2,RW9te169IRoKS/F2AV6ccOp4x8c=,ueCpQQH1YQgFOxVy14gbaFB9bh8=
-54,2,RW9te169IRoKS/F2AV6ccOp4x8c=,ueCpQQH1YQgFOxVy14gbaFB9bh8=
-53,2,RW9te169IRoKS/F2AV6ccOp4x8c=,ueCpQQH1YQgFOxVy14gbaFB9bh8=
-53,6,RW9te169IRoKS/F2AV6ccOp4x8c=,ueCpQQH1YQgFOxVy14gbaFB9bh8=
-54,6,RW9te169IRoKS/F2AV6ccOp4x8c=,ueCpQQH1YQgFOxVy14gbaFB9bh8=
-56,6,RW9te169IRoKS/F2AV6ccOp4x8c=,ueCpQQH1YQgFOxVy14gbaFB9bh8=
-52,2,RW9te169IRoKS/F2AV6ccOp4x8c=,ueCpQQH1YQgFOxVy14gbaFB9bh8=
-49,5,RW9te169IRoKS/F2AV6ccOp4x8c=,ueCpQQH1YQgFOxVy14gbaFB9bh8=
-55,6,RW9te169IRoKS/F2AV6ccOp4x8c=,ueCpQQH1YQgFOxVy14gbaFB9bh8=
-50,5,RW9te169IRoKS/F2AV6ccOp4x8c=,ueCpQQH1YQgFOxVy14gbaFB9bh8=
-51,2,RW9te169IRoKS/F2AV6ccOp4x8c=,ueCpQQH1YQgFOxVy14gbaFB9bh8=
-51,5,RW9te169IRoKS/F2AV6ccOp4x8c=,ueCpQQH1YQgFOxVy14gbaFB9bh8=
-50,2,RW9te169IRoKS/F2AV6ccOp4x8c=,ueCpQQH1YQgFOxVy14gbaFB9bh8=
-52,5,RW9te169IRoKS/F2AV6ccOp4x8c=,ueCpQQH1YQgFOxVy14gbaFB9bh8=
-53,5,RW9te169IRoKS/F2AV6ccOp4x8c=,ueCpQQH1YQgFOxVy14gbaFB9bh8=
-49,2,RW9te169IRoKS/F2AV6ccOp4x8c=,ueCpQQH1YQgFOxVy14gbaFB9bh8=
-56,3,RW9te169IRoKS/F2AV6ccOp4x8c=,ueCpQQH1YQgFOxVy14gbaFB9bh8=
-55,3,RW9te169IRoKS/F2AV6ccOp4x8c=,ueCpQQH1YQgFOxVy14gbaFB9bh8=
-54,5,RW9te169IRoKS/F2AV6ccOp4x8c=,ueCpQQH1YQgFOxVy14gbaFB9bh8=
-56,5,RW9te169IRoKS/F2AV6ccOp4x8c=,ueCpQQH1YQgFOxVy14gbaFB9bh8=
-55,5,RW9te169IRoKS/F2AV6ccOp4x8c=,ueCpQQH1YQgFOxVy14gbaFB9bh8=
-49,4,RW9te169IRoKS/F2AV6ccOp4x8c=,ueCpQQH1YQgFOxVy14gbaFB9bh8=
-54,3,RW9te169IRoKS/F2AV6ccOp4x8c=,ueCpQQH1YQgFOxVy14gbaFB9bh8=
-50,4,RW9te169IRoKS/F2AV6ccOp4x8c=,ueCpQQH1YQgFOxVy14gbaFB9bh8=
-53,3,RW9te169IRoKS/F2AV6ccOp4x8c=,ueCpQQH1YQgFOxVy14gbaFB9bh8=
-51,4,RW9te169IRoKS/F2AV6ccOp4x8c=,ueCpQQH1YQgFOxVy14gbaFB9bh8=
-52,4,RW9te169IRoKS/F2AV6ccOp4x8c=,ueCpQQH1YQgFOxVy14gbaFB9bh8=
-52,3,RW9te169IRoKS/F2AV6ccOp4x8c=,ueCpQQH1YQgFOxVy14gbaFB9bh8=
-53,4,RW9te169IRoKS/F2AV6ccOp4x8c=,ueCpQQH1YQgFOxVy14gbaFB9bh8=
-51,3,RW9te169IRoKS/F2AV6ccOp4x8c=,ueCpQQH1YQgFOxVy14gbaFB9bh8=
-55,4,RW9te169IRoKS/F2AV6ccOp4x8c=,ueCpQQH1YQgFOxVy14gbaFB9bh8=
-56,4,RW9te169IRoKS/F2AV6ccOp4x8c=,ueCpQQH1YQgFOxVy14gbaFB9bh8=
-54,4,RW9te169IRoKS/F2AV6ccOp4x8c=,ueCpQQH1YQgFOxVy14gbaFB9bh8=
-54,8,RW9te169IRoKS/F2AV6ccOp4x8c=,1SVItpvDd+GBmbOQynEhUN12qqM=
-49,3,RW9te169IRoKS/F2AV6ccOp4x8c=,ueCpQQH1YQgFOxVy14gbaFB9bh8=
-50,3,RW9te169IRoKS/F2AV6ccOp4x8c=,ueCpQQH1YQgFOxVy14gbaFB9bh8=
-44,21,dgekFCcLDAJjqIl4kvBq5cC3PZ4=,LSjzfo+5ZjPZW96iWvq9yilCq8s=
-45,16,dgekFCcLDAJjqIl4kvBq5cC3PZ4=,LSjzfo+5ZjPZW96iWvq9yilCq8s=
-43,21,dgekFCcLDAJjqIl4kvBq5cC3PZ4=,LSjzfo+5ZjPZW96iWvq9yilCq8s=
-42,20,dgekFCcLDAJjqIl4kvBq5cC3PZ4=,LSjzfo+5ZjPZW96iWvq9yilCq8s=
-42,21,dgekFCcLDAJjqIl4kvBq5cC3PZ4=,LSjzfo+5ZjPZW96iWvq9yilCq8s=
-48,19,dgekFCcLDAJjqIl4kvBq5cC3PZ4=,LSjzfo+5ZjPZW96iWvq9yilCq8s=
-47,19,dgekFCcLDAJjqIl4kvBq5cC3PZ4=,LSjzfo+5ZjPZW96iWvq9yilCq8s=
-41,21,dgekFCcLDAJjqIl4kvBq5cC3PZ4=,LSjzfo+5ZjPZW96iWvq9yilCq8s=
-41,17,dgekFCcLDAJjqIl4kvBq5cC3PZ4=,LSjzfo+5ZjPZW96iWvq9yilCq8s=
-42,17,dgekFCcLDAJjqIl4kvBq5cC3PZ4=,LSjzfo+5ZjPZW96iWvq9yilCq8s=
-41,19,dgekFCcLDAJjqIl4kvBq5cC3PZ4=,LSjzfo+5ZjPZW96iWvq9yilCq8s=
-41,18,dgekFCcLDAJjqIl4kvBq5cC3PZ4=,LSjzfo+5ZjPZW96iWvq9yilCq8s=
-43,17,dgekFCcLDAJjqIl4kvBq5cC3PZ4=,LSjzfo+5ZjPZW96iWvq9yilCq8s=
-44,17,dgekFCcLDAJjqIl4kvBq5cC3PZ4=,LSjzfo+5ZjPZW96iWvq9yilCq8s=
-45,17,dgekFCcLDAJjqIl4kvBq5cC3PZ4=,LSjzfo+5ZjPZW96iWvq9yilCq8s=
-46,17,dgekFCcLDAJjqIl4kvBq5cC3PZ4=,LSjzfo+5ZjPZW96iWvq9yilCq8s=
-46,16,dgekFCcLDAJjqIl4kvBq5cC3PZ4=,LSjzfo+5ZjPZW96iWvq9yilCq8s=
-45,21,dgekFCcLDAJjqIl4kvBq5cC3PZ4=,LSjzfo+5ZjPZW96iWvq9yilCq8s=
-43,20,dgekFCcLDAJjqIl4kvBq5cC3PZ4=,LSjzfo+5ZjPZW96iWvq9yilCq8s=
-46,21,dgekFCcLDAJjqIl4kvBq5cC3PZ4=,LSjzfo+5ZjPZW96iWvq9yilCq8s=
-42,18,dgekFCcLDAJjqIl4kvBq5cC3PZ4=,LSjzfo+5ZjPZW96iWvq9yilCq8s=
-42,19,dgekFCcLDAJjqIl4kvBq5cC3PZ4=,LSjzfo+5ZjPZW96iWvq9yilCq8s=
-44,20,dgekFCcLDAJjqIl4kvBq5cC3PZ4=,LSjzfo+5ZjPZW96iWvq9yilCq8s=
-43,18,dgekFCcLDAJjqIl4kvBq5cC3PZ4=,LSjzfo+5ZjPZW96iWvq9yilCq8s=
-43,19,dgekFCcLDAJjqIl4kvBq5cC3PZ4=,LSjzfo+5ZjPZW96iWvq9yilCq8s=
-45,20,dgekFCcLDAJjqIl4kvBq5cC3PZ4=,LSjzfo+5ZjPZW96iWvq9yilCq8s=
-44,18,dgekFCcLDAJjqIl4kvBq5cC3PZ4=,LSjzfo+5ZjPZW96iWvq9yilCq8s=
-47,21,dgekFCcLDAJjqIl4kvBq5cC3PZ4=,LSjzfo+5ZjPZW96iWvq9yilCq8s=
-41,23,dgekFCcLDAJjqIl4kvBq5cC3PZ4=,LSjzfo+5ZjPZW96iWvq9yilCq8s=
-46,20,dgekFCcLDAJjqIl4kvBq5cC3PZ4=,LSjzfo+5ZjPZW96iWvq9yilCq8s=
-45,18,dgekFCcLDAJjqIl4kvBq5cC3PZ4=,LSjzfo+5ZjPZW96iWvq9yilCq8s=
-42,23,dgekFCcLDAJjqIl4kvBq5cC3PZ4=,LSjzfo+5ZjPZW96iWvq9yilCq8s=
-43,23,dgekFCcLDAJjqIl4kvBq5cC3PZ4=,LSjzfo+5ZjPZW96iWvq9yilCq8s=
-44,23,dgekFCcLDAJjqIl4kvBq5cC3PZ4=,LSjzfo+5ZjPZW96iWvq9yilCq8s=
-45,23,dgekFCcLDAJjqIl4kvBq5cC3PZ4=,LSjzfo+5ZjPZW96iWvq9yilCq8s=
-46,23,dgekFCcLDAJjqIl4kvBq5cC3PZ4=,LSjzfo+5ZjPZW96iWvq9yilCq8s=
-47,23,dgekFCcLDAJjqIl4kvBq5cC3PZ4=,LSjzfo+5ZjPZW96iWvq9yilCq8s=
-47,20,dgekFCcLDAJjqIl4kvBq5cC3PZ4=,LSjzfo+5ZjPZW96iWvq9yilCq8s=
-44,19,dgekFCcLDAJjqIl4kvBq5cC3PZ4=,LSjzfo+5ZjPZW96iWvq9yilCq8s=
-46,18,dgekFCcLDAJjqIl4kvBq5cC3PZ4=,LSjzfo+5ZjPZW96iWvq9yilCq8s=
-48,21,dgekFCcLDAJjqIl4kvBq5cC3PZ4=,LSjzfo+5ZjPZW96iWvq9yilCq8s=
-48,23,dgekFCcLDAJjqIl4kvBq5cC3PZ4=,LSjzfo+5ZjPZW96iWvq9yilCq8s=
-41,22,dgekFCcLDAJjqIl4kvBq5cC3PZ4=,LSjzfo+5ZjPZW96iWvq9yilCq8s=
-45,19,dgekFCcLDAJjqIl4kvBq5cC3PZ4=,LSjzfo+5ZjPZW96iWvq9yilCq8s=
-42,22,dgekFCcLDAJjqIl4kvBq5cC3PZ4=,LSjzfo+5ZjPZW96iWvq9yilCq8s=
-46,19,dgekFCcLDAJjqIl4kvBq5cC3PZ4=,LSjzfo+5ZjPZW96iWvq9yilCq8s=
-41,20,dgekFCcLDAJjqIl4kvBq5cC3PZ4=,LSjzfo+5ZjPZW96iWvq9yilCq8s=
-47,18,dgekFCcLDAJjqIl4kvBq5cC3PZ4=,LSjzfo+5ZjPZW96iWvq9yilCq8s=
-43,22,dgekFCcLDAJjqIl4kvBq5cC3PZ4=,LSjzfo+5ZjPZW96iWvq9yilCq8s=
-44,22,dgekFCcLDAJjqIl4kvBq5cC3PZ4=,LSjzfo+5ZjPZW96iWvq9yilCq8s=
-45,22,dgekFCcLDAJjqIl4kvBq5cC3PZ4=,LSjzfo+5ZjPZW96iWvq9yilCq8s=
-46,22,dgekFCcLDAJjqIl4kvBq5cC3PZ4=,LSjzfo+5ZjPZW96iWvq9yilCq8s=
-47,22,dgekFCcLDAJjqIl4kvBq5cC3PZ4=,LSjzfo+5ZjPZW96iWvq9yilCq8s=
-48,20,dgekFCcLDAJjqIl4kvBq5cC3PZ4=,LSjzfo+5ZjPZW96iWvq9yilCq8s=
-48,22,dgekFCcLDAJjqIl4kvBq5cC3PZ4=,LSjzfo+5ZjPZW96iWvq9yilCq8s=
-47,17,dgekFCcLDAJjqIl4kvBq5cC3PZ4=,LSjzfo+5ZjPZW96iWvq9yilCq8s=
-48,18,dgekFCcLDAJjqIl4kvBq5cC3PZ4=,LSjzfo+5ZjPZW96iWvq9yilCq8s=
-48,17,dgekFCcLDAJjqIl4kvBq5cC3PZ4=,LSjzfo+5ZjPZW96iWvq9yilCq8s=
-41,16,dgekFCcLDAJjqIl4kvBq5cC3PZ4=,LSjzfo+5ZjPZW96iWvq9yilCq8s=
-47,16,dgekFCcLDAJjqIl4kvBq5cC3PZ4=,LSjzfo+5ZjPZW96iWvq9yilCq8s=
-42,16,dgekFCcLDAJjqIl4kvBq5cC3PZ4=,LSjzfo+5ZjPZW96iWvq9yilCq8s=
-44,16,dgekFCcLDAJjqIl4kvBq5cC3PZ4=,LSjzfo+5ZjPZW96iWvq9yilCq8s=
-48,16,dgekFCcLDAJjqIl4kvBq5cC3PZ4=,LSjzfo+5ZjPZW96iWvq9yilCq8s=
-43,16,dgekFCcLDAJjqIl4kvBq5cC3PZ4=,LSjzfo+5ZjPZW96iWvq9yilCq8s=
-36,13,e6KAxz5YdIutbymBwWFBI+mQKxM=,FoXGCr33R5xP7RDxFQ5eKR5DW4g=
-37,13,DYXFsK5OOHbFCxfUO8rCuKW2cYw=,FoXGCr33R5xP7RDxFQ5eKR5DW4g=
-38,13,kiAq1vTbLbs5PKG9cgouP1gECgA=,FoXGCr33R5xP7RDxFQ5eKR5DW4g=
-39,13,O4gPdW46GdvX86hS1SoMz3ZmyjU=,FoXGCr33R5xP7RDxFQ5eKR5DW4g=
-34,12,07ho1QoYWelBF/DryJ+HXsPoNLI=,FoXGCr33R5xP7RDxFQ5eKR5DW4g=
-37,12,IZQoMMgGQbFBzilGkp9IHlqOqLg=,FoXGCr33R5xP7RDxFQ5eKR5DW4g=
-36,12,IZQoMMgGQbFBzilGkp9IHlqOqLg=,FoXGCr33R5xP7RDxFQ5eKR5DW4g=
-35,12,IZQoMMgGQbFBzilGkp9IHlqOqLg=,FoXGCr33R5xP7RDxFQ5eKR5DW4g=
-38,12,IZQoMMgGQbFBzilGkp9IHlqOqLg=,FoXGCr33R5xP7RDxFQ5eKR5DW4g=
-39,12,IZQoMMgGQbFBzilGkp9IHlqOqLg=,FoXGCr33R5xP7RDxFQ5eKR5DW4g=
-34,11,IZQoMMgGQbFBzilGkp9IHlqOqLg=,FoXGCr33R5xP7RDxFQ5eKR5DW4g=
-35,11,IZQoMMgGQbFBzilGkp9IHlqOqLg=,FoXGCr33R5xP7RDxFQ5eKR5DW4g=
-36,11,IZQoMMgGQbFBzilGkp9IHlqOqLg=,FoXGCr33R5xP7RDxFQ5eKR5DW4g=
-37,11,IZQoMMgGQbFBzilGkp9IHlqOqLg=,FoXGCr33R5xP7RDxFQ5eKR5DW4g=
-38,11,IZQoMMgGQbFBzilGkp9IHlqOqLg=,FoXGCr33R5xP7RDxFQ5eKR5DW4g=
-39,11,IZQoMMgGQbFBzilGkp9IHlqOqLg=,FoXGCr33R5xP7RDxFQ5eKR5DW4g=
-34,10,IZQoMMgGQbFBzilGkp9IHlqOqLg=,FoXGCr33R5xP7RDxFQ5eKR5DW4g=
-35,10,IZQoMMgGQbFBzilGkp9IHlqOqLg=,FoXGCr33R5xP7RDxFQ5eKR5DW4g=
-36,10,IZQoMMgGQbFBzilGkp9IHlqOqLg=,FoXGCr33R5xP7RDxFQ5eKR5DW4g=
-37,10,IZQoMMgGQbFBzilGkp9IHlqOqLg=,FoXGCr33R5xP7RDxFQ5eKR5DW4g=
-38,10,IZQoMMgGQbFBzilGkp9IHlqOqLg=,FoXGCr33R5xP7RDxFQ5eKR5DW4g=
-34,9,IZQoMMgGQbFBzilGkp9IHlqOqLg=,FoXGCr33R5xP7RDxFQ5eKR5DW4g=
-35,9,IZQoMMgGQbFBzilGkp9IHlqOqLg=,FoXGCr33R5xP7RDxFQ5eKR5DW4g=
-36,9,IZQoMMgGQbFBzilGkp9IHlqOqLg=,FoXGCr33R5xP7RDxFQ5eKR5DW4g=
-37,9,IZQoMMgGQbFBzilGkp9IHlqOqLg=,FoXGCr33R5xP7RDxFQ5eKR5DW4g=
-39,10,IZQoMMgGQbFBzilGkp9IHlqOqLg=,FoXGCr33R5xP7RDxFQ5eKR5DW4g=
-38,9,IZQoMMgGQbFBzilGkp9IHlqOqLg=,FoXGCr33R5xP7RDxFQ5eKR5DW4g=
-39,9,IZQoMMgGQbFBzilGkp9IHlqOqLg=,FoXGCr33R5xP7RDxFQ5eKR5DW4g=
-34,14,IZQoMMgGQbFBzilGkp9IHlqOqLg=,FoXGCr33R5xP7RDxFQ5eKR5DW4g=
-35,14,IZQoMMgGQbFBzilGkp9IHlqOqLg=,FoXGCr33R5xP7RDxFQ5eKR5DW4g=
-36,14,IZQoMMgGQbFBzilGkp9IHlqOqLg=,FoXGCr33R5xP7RDxFQ5eKR5DW4g=
-37,14,IZQoMMgGQbFBzilGkp9IHlqOqLg=,FoXGCr33R5xP7RDxFQ5eKR5DW4g=
-38,14,IZQoMMgGQbFBzilGkp9IHlqOqLg=,FoXGCr33R5xP7RDxFQ5eKR5DW4g=
-39,14,IZQoMMgGQbFBzilGkp9IHlqOqLg=,FoXGCr33R5xP7RDxFQ5eKR5DW4g=
-34,13,IZQoMMgGQbFBzilGkp9IHlqOqLg=,FoXGCr33R5xP7RDxFQ5eKR5DW4g=
-35,13,IZQoMMgGQbFBzilGkp9IHlqOqLg=,FoXGCr33R5xP7RDxFQ5eKR5DW4g=
-33,13,IZQoMMgGQbFBzilGkp9IHlqOqLg=,FoXGCr33R5xP7RDxFQ5eKR5DW4g=
-33,14,IZQoMMgGQbFBzilGkp9IHlqOqLg=,FoXGCr33R5xP7RDxFQ5eKR5DW4g=
-33,9,IZQoMMgGQbFBzilGkp9IHlqOqLg=,FoXGCr33R5xP7RDxFQ5eKR5DW4g=
-33,10,IZQoMMgGQbFBzilGkp9IHlqOqLg=,FoXGCr33R5xP7RDxFQ5eKR5DW4g=
-33,11,IZQoMMgGQbFBzilGkp9IHlqOqLg=,FoXGCr33R5xP7RDxFQ5eKR5DW4g=
-33,12,IZQoMMgGQbFBzilGkp9IHlqOqLg=,FoXGCr33R5xP7RDxFQ5eKR5DW4g=
-39,15,IZQoMMgGQbFBzilGkp9IHlqOqLg=,FoXGCr33R5xP7RDxFQ5eKR5DW4g=
-38,15,IZQoMMgGQbFBzilGkp9IHlqOqLg=,FoXGCr33R5xP7RDxFQ5eKR5DW4g=
-37,15,IZQoMMgGQbFBzilGkp9IHlqOqLg=,FoXGCr33R5xP7RDxFQ5eKR5DW4g=
-36,15,IZQoMMgGQbFBzilGkp9IHlqOqLg=,FoXGCr33R5xP7RDxFQ5eKR5DW4g=
-35,15,IZQoMMgGQbFBzilGkp9IHlqOqLg=,FoXGCr33R5xP7RDxFQ5eKR5DW4g=
-34,15,IZQoMMgGQbFBzilGkp9IHlqOqLg=,FoXGCr33R5xP7RDxFQ5eKR5DW4g=
-33,15,IZQoMMgGQbFBzilGkp9IHlqOqLg=,FoXGCr33R5xP7RDxFQ5eKR5DW4g=
-44,3,IZQoMMgGQbFBzilGkp9IHlqOqLg=,orDTkwFYAyrMJD/qZH+cRk+AbUY=
-42,2,IZQoMMgGQbFBzilGkp9IHlqOqLg=,orDTkwFYAyrMJD/qZH+cRk+AbUY=
-46,1,IZQoMMgGQbFBzilGkp9IHlqOqLg=,orDTkwFYAyrMJD/qZH+cRk+AbUY=
-43,3,IZQoMMgGQbFBzilGkp9IHlqOqLg=,orDTkwFYAyrMJD/qZH+cRk+AbUY=
-44,0,IZQoMMgGQbFBzilGkp9IHlqOqLg=,orDTkwFYAyrMJD/qZH+cRk+AbUY=
-42,3,IZQoMMgGQbFBzilGkp9IHlqOqLg=,orDTkwFYAyrMJD/qZH+cRk+AbUY=
-48,0,IZQoMMgGQbFBzilGkp9IHlqOqLg=,orDTkwFYAyrMJD/qZH+cRk+AbUY=
-48,4,IZQoMMgGQbFBzilGkp9IHlqOqLg=,orDTkwFYAyrMJD/qZH+cRk+AbUY=
-47,4,IZQoMMgGQbFBzilGkp9IHlqOqLg=,orDTkwFYAyrMJD/qZH+cRk+AbUY=
-45,1,IZQoMMgGQbFBzilGkp9IHlqOqLg=,orDTkwFYAyrMJD/qZH+cRk+AbUY=
-43,0,IZQoMMgGQbFBzilGkp9IHlqOqLg=,orDTkwFYAyrMJD/qZH+cRk+AbUY=
-42,0,IZQoMMgGQbFBzilGkp9IHlqOqLg=,orDTkwFYAyrMJD/qZH+cRk+AbUY=
-46,4,IZQoMMgGQbFBzilGkp9IHlqOqLg=,orDTkwFYAyrMJD/qZH+cRk+AbUY=
-47,0,IZQoMMgGQbFBzilGkp9IHlqOqLg=,orDTkwFYAyrMJD/qZH+cRk+AbUY=
-44,1,IZQoMMgGQbFBzilGkp9IHlqOqLg=,orDTkwFYAyrMJD/qZH+cRk+AbUY=
-43,1,IZQoMMgGQbFBzilGkp9IHlqOqLg=,orDTkwFYAyrMJD/qZH+cRk+AbUY=
-45,4,IZQoMMgGQbFBzilGkp9IHlqOqLg=,orDTkwFYAyrMJD/qZH+cRk+AbUY=
-44,4,IZQoMMgGQbFBzilGkp9IHlqOqLg=,orDTkwFYAyrMJD/qZH+cRk+AbUY=
-43,4,IZQoMMgGQbFBzilGkp9IHlqOqLg=,orDTkwFYAyrMJD/qZH+cRk+AbUY=
-42,4,IZQoMMgGQbFBzilGkp9IHlqOqLg=,orDTkwFYAyrMJD/qZH+cRk+AbUY=
-48,5,IZQoMMgGQbFBzilGkp9IHlqOqLg=,orDTkwFYAyrMJD/qZH+cRk+AbUY=
-47,5,IZQoMMgGQbFBzilGkp9IHlqOqLg=,orDTkwFYAyrMJD/qZH+cRk+AbUY=
-48,3,IZQoMMgGQbFBzilGkp9IHlqOqLg=,orDTkwFYAyrMJD/qZH+cRk+AbUY=
-42,1,IZQoMMgGQbFBzilGkp9IHlqOqLg=,orDTkwFYAyrMJD/qZH+cRk+AbUY=
-46,5,IZQoMMgGQbFBzilGkp9IHlqOqLg=,orDTkwFYAyrMJD/qZH+cRk+AbUY=
-45,5,IZQoMMgGQbFBzilGkp9IHlqOqLg=,orDTkwFYAyrMJD/qZH+cRk+AbUY=
-48,1,IZQoMMgGQbFBzilGkp9IHlqOqLg=,orDTkwFYAyrMJD/qZH+cRk+AbUY=
-44,5,IZQoMMgGQbFBzilGkp9IHlqOqLg=,orDTkwFYAyrMJD/qZH+cRk+AbUY=
-43,5,IZQoMMgGQbFBzilGkp9IHlqOqLg=,orDTkwFYAyrMJD/qZH+cRk+AbUY=
-42,5,IZQoMMgGQbFBzilGkp9IHlqOqLg=,orDTkwFYAyrMJD/qZH+cRk+AbUY=
-48,6,IZQoMMgGQbFBzilGkp9IHlqOqLg=,orDTkwFYAyrMJD/qZH+cRk+AbUY=
-47,6,IZQoMMgGQbFBzilGkp9IHlqOqLg=,orDTkwFYAyrMJD/qZH+cRk+AbUY=
-46,6,IZQoMMgGQbFBzilGkp9IHlqOqLg=,orDTkwFYAyrMJD/qZH+cRk+AbUY=
-45,6,IZQoMMgGQbFBzilGkp9IHlqOqLg=,orDTkwFYAyrMJD/qZH+cRk+AbUY=
-47,3,IZQoMMgGQbFBzilGkp9IHlqOqLg=,orDTkwFYAyrMJD/qZH+cRk+AbUY=
-44,6,IZQoMMgGQbFBzilGkp9IHlqOqLg=,orDTkwFYAyrMJD/qZH+cRk+AbUY=
-43,6,IZQoMMgGQbFBzilGkp9IHlqOqLg=,orDTkwFYAyrMJD/qZH+cRk+AbUY=
-47,1,IZQoMMgGQbFBzilGkp9IHlqOqLg=,orDTkwFYAyrMJD/qZH+cRk+AbUY=
-42,6,IZQoMMgGQbFBzilGkp9IHlqOqLg=,orDTkwFYAyrMJD/qZH+cRk+AbUY=
-46,3,IZQoMMgGQbFBzilGkp9IHlqOqLg=,orDTkwFYAyrMJD/qZH+cRk+AbUY=
-45,3,IZQoMMgGQbFBzilGkp9IHlqOqLg=,orDTkwFYAyrMJD/qZH+cRk+AbUY=
-46,0,IZQoMMgGQbFBzilGkp9IHlqOqLg=,orDTkwFYAyrMJD/qZH+cRk+AbUY=
-48,2,IZQoMMgGQbFBzilGkp9IHlqOqLg=,orDTkwFYAyrMJD/qZH+cRk+AbUY=
-47,2,IZQoMMgGQbFBzilGkp9IHlqOqLg=,orDTkwFYAyrMJD/qZH+cRk+AbUY=
-46,2,IZQoMMgGQbFBzilGkp9IHlqOqLg=,orDTkwFYAyrMJD/qZH+cRk+AbUY=
-45,2,IZQoMMgGQbFBzilGkp9IHlqOqLg=,orDTkwFYAyrMJD/qZH+cRk+AbUY=
-44,2,IZQoMMgGQbFBzilGkp9IHlqOqLg=,orDTkwFYAyrMJD/qZH+cRk+AbUY=
-43,2,IZQoMMgGQbFBzilGkp9IHlqOqLg=,orDTkwFYAyrMJD/qZH+cRk+AbUY=
-45,0,IZQoMMgGQbFBzilGkp9IHlqOqLg=,orDTkwFYAyrMJD/qZH+cRk+AbUY=
-44,11,IZQoMMgGQbFBzilGkp9IHlqOqLg=,5NDZpj6hq1iCXSmj0uxFQgi8Nvk=
-40,14,IZQoMMgGQbFBzilGkp9IHlqOqLg=,FoXGCr33R5xP7RDxFQ5eKR5DW4g=
-43,11,IZQoMMgGQbFBzilGkp9IHlqOqLg=,5NDZpj6hq1iCXSmj0uxFQgi8Nvk=
-41,15,IZQoMMgGQbFBzilGkp9IHlqOqLg=,5NDZpj6hq1iCXSmj0uxFQgi8Nvk=
-42,11,IZQoMMgGQbFBzilGkp9IHlqOqLg=,5NDZpj6hq1iCXSmj0uxFQgi8Nvk=
-40,9,IZQoMMgGQbFBzilGkp9IHlqOqLg=,FoXGCr33R5xP7RDxFQ5eKR5DW4g=
-41,11,IZQoMMgGQbFBzilGkp9IHlqOqLg=,5NDZpj6hq1iCXSmj0uxFQgi8Nvk=
-48,12,IZQoMMgGQbFBzilGkp9IHlqOqLg=,5NDZpj6hq1iCXSmj0uxFQgi8Nvk=
-47,12,IZQoMMgGQbFBzilGkp9IHlqOqLg=,5NDZpj6hq1iCXSmj0uxFQgi8Nvk=
-46,12,IZQoMMgGQbFBzilGkp9IHlqOqLg=,5NDZpj6hq1iCXSmj0uxFQgi8Nvk=
-45,12,IZQoMMgGQbFBzilGkp9IHlqOqLg=,5NDZpj6hq1iCXSmj0uxFQgi8Nvk=
-44,12,IZQoMMgGQbFBzilGkp9IHlqOqLg=,5NDZpj6hq1iCXSmj0uxFQgi8Nvk=
-43,12,IZQoMMgGQbFBzilGkp9IHlqOqLg=,5NDZpj6hq1iCXSmj0uxFQgi8Nvk=
-42,12,IZQoMMgGQbFBzilGkp9IHlqOqLg=,5NDZpj6hq1iCXSmj0uxFQgi8Nvk=
-41,12,IZQoMMgGQbFBzilGkp9IHlqOqLg=,5NDZpj6hq1iCXSmj0uxFQgi8Nvk=
-40,15,IZQoMMgGQbFBzilGkp9IHlqOqLg=,FoXGCr33R5xP7RDxFQ5eKR5DW4g=
-48,13,IZQoMMgGQbFBzilGkp9IHlqOqLg=,5NDZpj6hq1iCXSmj0uxFQgi8Nvk=
-47,13,IZQoMMgGQbFBzilGkp9IHlqOqLg=,5NDZpj6hq1iCXSmj0uxFQgi8Nvk=
-46,13,IZQoMMgGQbFBzilGkp9IHlqOqLg=,5NDZpj6hq1iCXSmj0uxFQgi8Nvk=
-45,13,IZQoMMgGQbFBzilGkp9IHlqOqLg=,5NDZpj6hq1iCXSmj0uxFQgi8Nvk=
-44,13,IZQoMMgGQbFBzilGkp9IHlqOqLg=,5NDZpj6hq1iCXSmj0uxFQgi8Nvk=
-43,13,IZQoMMgGQbFBzilGkp9IHlqOqLg=,5NDZpj6hq1iCXSmj0uxFQgi8Nvk=
-42,13,IZQoMMgGQbFBzilGkp9IHlqOqLg=,5NDZpj6hq1iCXSmj0uxFQgi8Nvk=
-41,13,IZQoMMgGQbFBzilGkp9IHlqOqLg=,5NDZpj6hq1iCXSmj0uxFQgi8Nvk=
-48,8,IZQoMMgGQbFBzilGkp9IHlqOqLg=,5NDZpj6hq1iCXSmj0uxFQgi8Nvk=
-47,8,IZQoMMgGQbFBzilGkp9IHlqOqLg=,5NDZpj6hq1iCXSmj0uxFQgi8Nvk=
-46,8,IZQoMMgGQbFBzilGkp9IHlqOqLg=,5NDZpj6hq1iCXSmj0uxFQgi8Nvk=
-48,14,IZQoMMgGQbFBzilGkp9IHlqOqLg=,5NDZpj6hq1iCXSmj0uxFQgi8Nvk=
-45,8,IZQoMMgGQbFBzilGkp9IHlqOqLg=,5NDZpj6hq1iCXSmj0uxFQgi8Nvk=
-44,8,IZQoMMgGQbFBzilGkp9IHlqOqLg=,5NDZpj6hq1iCXSmj0uxFQgi8Nvk=
-47,14,IZQoMMgGQbFBzilGkp9IHlqOqLg=,5NDZpj6hq1iCXSmj0uxFQgi8Nvk=
-43,8,IZQoMMgGQbFBzilGkp9IHlqOqLg=,5NDZpj6hq1iCXSmj0uxFQgi8Nvk=
-42,8,IZQoMMgGQbFBzilGkp9IHlqOqLg=,5NDZpj6hq1iCXSmj0uxFQgi8Nvk=
-48,9,IZQoMMgGQbFBzilGkp9IHlqOqLg=,5NDZpj6hq1iCXSmj0uxFQgi8Nvk=
-47,9,IZQoMMgGQbFBzilGkp9IHlqOqLg=,5NDZpj6hq1iCXSmj0uxFQgi8Nvk=
-46,9,IZQoMMgGQbFBzilGkp9IHlqOqLg=,5NDZpj6hq1iCXSmj0uxFQgi8Nvk=
-46,14,IZQoMMgGQbFBzilGkp9IHlqOqLg=,5NDZpj6hq1iCXSmj0uxFQgi8Nvk=
-45,9,IZQoMMgGQbFBzilGkp9IHlqOqLg=,5NDZpj6hq1iCXSmj0uxFQgi8Nvk=
-45,14,IZQoMMgGQbFBzilGkp9IHlqOqLg=,5NDZpj6hq1iCXSmj0uxFQgi8Nvk=
-48,7,IZQoMMgGQbFBzilGkp9IHlqOqLg=,orDTkwFYAyrMJD/qZH+cRk+AbUY=
-47,7,IZQoMMgGQbFBzilGkp9IHlqOqLg=,orDTkwFYAyrMJD/qZH+cRk+AbUY=
-44,9,IZQoMMgGQbFBzilGkp9IHlqOqLg=,5NDZpj6hq1iCXSmj0uxFQgi8Nvk=
-43,9,IZQoMMgGQbFBzilGkp9IHlqOqLg=,5NDZpj6hq1iCXSmj0uxFQgi8Nvk=
-42,9,IZQoMMgGQbFBzilGkp9IHlqOqLg=,5NDZpj6hq1iCXSmj0uxFQgi8Nvk=
-44,14,IZQoMMgGQbFBzilGkp9IHlqOqLg=,5NDZpj6hq1iCXSmj0uxFQgi8Nvk=
-41,9,IZQoMMgGQbFBzilGkp9IHlqOqLg=,5NDZpj6hq1iCXSmj0uxFQgi8Nvk=
-43,14,IZQoMMgGQbFBzilGkp9IHlqOqLg=,5NDZpj6hq1iCXSmj0uxFQgi8Nvk=
-42,14,IZQoMMgGQbFBzilGkp9IHlqOqLg=,5NDZpj6hq1iCXSmj0uxFQgi8Nvk=
-46,7,IZQoMMgGQbFBzilGkp9IHlqOqLg=,orDTkwFYAyrMJD/qZH+cRk+AbUY=
-48,10,IZQoMMgGQbFBzilGkp9IHlqOqLg=,5NDZpj6hq1iCXSmj0uxFQgi8Nvk=
-47,10,IZQoMMgGQbFBzilGkp9IHlqOqLg=,5NDZpj6hq1iCXSmj0uxFQgi8Nvk=
-45,7,IZQoMMgGQbFBzilGkp9IHlqOqLg=,orDTkwFYAyrMJD/qZH+cRk+AbUY=
-44,7,IZQoMMgGQbFBzilGkp9IHlqOqLg=,orDTkwFYAyrMJD/qZH+cRk+AbUY=
-41,14,IZQoMMgGQbFBzilGkp9IHlqOqLg=,5NDZpj6hq1iCXSmj0uxFQgi8Nvk=
-48,15,IZQoMMgGQbFBzilGkp9IHlqOqLg=,5NDZpj6hq1iCXSmj0uxFQgi8Nvk=
-40,10,IZQoMMgGQbFBzilGkp9IHlqOqLg=,FoXGCr33R5xP7RDxFQ5eKR5DW4g=
-47,15,IZQoMMgGQbFBzilGkp9IHlqOqLg=,5NDZpj6hq1iCXSmj0uxFQgi8Nvk=
-46,10,IZQoMMgGQbFBzilGkp9IHlqOqLg=,5NDZpj6hq1iCXSmj0uxFQgi8Nvk=
-45,10,IZQoMMgGQbFBzilGkp9IHlqOqLg=,5NDZpj6hq1iCXSmj0uxFQgi8Nvk=
-46,15,IZQoMMgGQbFBzilGkp9IHlqOqLg=,5NDZpj6hq1iCXSmj0uxFQgi8Nvk=
-40,11,IZQoMMgGQbFBzilGkp9IHlqOqLg=,FoXGCr33R5xP7RDxFQ5eKR5DW4g=
-45,15,IZQoMMgGQbFBzilGkp9IHlqOqLg=,5NDZpj6hq1iCXSmj0uxFQgi8Nvk=
-44,10,IZQoMMgGQbFBzilGkp9IHlqOqLg=,5NDZpj6hq1iCXSmj0uxFQgi8Nvk=
-43,10,IZQoMMgGQbFBzilGkp9IHlqOqLg=,5NDZpj6hq1iCXSmj0uxFQgi8Nvk=
-42,10,IZQoMMgGQbFBzilGkp9IHlqOqLg=,5NDZpj6hq1iCXSmj0uxFQgi8Nvk=
-41,10,IZQoMMgGQbFBzilGkp9IHlqOqLg=,5NDZpj6hq1iCXSmj0uxFQgi8Nvk=
-48,11,IZQoMMgGQbFBzilGkp9IHlqOqLg=,5NDZpj6hq1iCXSmj0uxFQgi8Nvk=
-44,15,IZQoMMgGQbFBzilGkp9IHlqOqLg=,5NDZpj6hq1iCXSmj0uxFQgi8Nvk=
-43,7,IZQoMMgGQbFBzilGkp9IHlqOqLg=,orDTkwFYAyrMJD/qZH+cRk+AbUY=
-40,12,IZQoMMgGQbFBzilGkp9IHlqOqLg=,FoXGCr33R5xP7RDxFQ5eKR5DW4g=
-42,7,IZQoMMgGQbFBzilGkp9IHlqOqLg=,orDTkwFYAyrMJD/qZH+cRk+AbUY=
-47,11,IZQoMMgGQbFBzilGkp9IHlqOqLg=,5NDZpj6hq1iCXSmj0uxFQgi8Nvk=
-43,15,IZQoMMgGQbFBzilGkp9IHlqOqLg=,5NDZpj6hq1iCXSmj0uxFQgi8Nvk=
-46,11,IZQoMMgGQbFBzilGkp9IHlqOqLg=,5NDZpj6hq1iCXSmj0uxFQgi8Nvk=
-45,11,IZQoMMgGQbFBzilGkp9IHlqOqLg=,5NDZpj6hq1iCXSmj0uxFQgi8Nvk=
-42,15,IZQoMMgGQbFBzilGkp9IHlqOqLg=,5NDZpj6hq1iCXSmj0uxFQgi8Nvk=
-40,13,IZQoMMgGQbFBzilGkp9IHlqOqLg=,FoXGCr33R5xP7RDxFQ5eKR5DW4g=
-33,7,IZQoMMgGQbFBzilGkp9IHlqOqLg=,sIaL5SmdDTLDsvC6wA/1QtocR6k=
-34,7,IZQoMMgGQbFBzilGkp9IHlqOqLg=,sIaL5SmdDTLDsvC6wA/1QtocR6k=
-41,7,IZQoMMgGQbFBzilGkp9IHlqOqLg=,orDTkwFYAyrMJD/qZH+cRk+AbUY=
-35,7,IZQoMMgGQbFBzilGkp9IHlqOqLg=,sIaL5SmdDTLDsvC6wA/1QtocR6k=
-36,3,IZQoMMgGQbFBzilGkp9IHlqOqLg=,sIaL5SmdDTLDsvC6wA/1QtocR6k=
-41,3,IZQoMMgGQbFBzilGkp9IHlqOqLg=,orDTkwFYAyrMJD/qZH+cRk+AbUY=
-37,3,IZQoMMgGQbFBzilGkp9IHlqOqLg=,sIaL5SmdDTLDsvC6wA/1QtocR6k=
-35,3,IZQoMMgGQbFBzilGkp9IHlqOqLg=,sIaL5SmdDTLDsvC6wA/1QtocR6k=
-38,3,IZQoMMgGQbFBzilGkp9IHlqOqLg=,sIaL5SmdDTLDsvC6wA/1QtocR6k=
-34,3,IZQoMMgGQbFBzilGkp9IHlqOqLg=,sIaL5SmdDTLDsvC6wA/1QtocR6k=
-41,0,IZQoMMgGQbFBzilGkp9IHlqOqLg=,orDTkwFYAyrMJD/qZH+cRk+AbUY=
-36,7,IZQoMMgGQbFBzilGkp9IHlqOqLg=,sIaL5SmdDTLDsvC6wA/1QtocR6k=
-40,3,IZQoMMgGQbFBzilGkp9IHlqOqLg=,sIaL5SmdDTLDsvC6wA/1QtocR6k=
-39,3,IZQoMMgGQbFBzilGkp9IHlqOqLg=,sIaL5SmdDTLDsvC6wA/1QtocR6k=
-40,8,IZQoMMgGQbFBzilGkp9IHlqOqLg=,FoXGCr33R5xP7RDxFQ5eKR5DW4g=
-38,7,IZQoMMgGQbFBzilGkp9IHlqOqLg=,sIaL5SmdDTLDsvC6wA/1QtocR6k=
-39,8,IZQoMMgGQbFBzilGkp9IHlqOqLg=,FoXGCr33R5xP7RDxFQ5eKR5DW4g=
-39,7,IZQoMMgGQbFBzilGkp9IHlqOqLg=,sIaL5SmdDTLDsvC6wA/1QtocR6k=
-37,7,IZQoMMgGQbFBzilGkp9IHlqOqLg=,sIaL5SmdDTLDsvC6wA/1QtocR6k=
-33,6,IZQoMMgGQbFBzilGkp9IHlqOqLg=,sIaL5SmdDTLDsvC6wA/1QtocR6k=
-38,8,IZQoMMgGQbFBzilGkp9IHlqOqLg=,FoXGCr33R5xP7RDxFQ5eKR5DW4g=
-40,7,IZQoMMgGQbFBzilGkp9IHlqOqLg=,sIaL5SmdDTLDsvC6wA/1QtocR6k=
-41,2,IZQoMMgGQbFBzilGkp9IHlqOqLg=,orDTkwFYAyrMJD/qZH+cRk+AbUY=
-37,8,IZQoMMgGQbFBzilGkp9IHlqOqLg=,FoXGCr33R5xP7RDxFQ5eKR5DW4g=
-36,8,IZQoMMgGQbFBzilGkp9IHlqOqLg=,FoXGCr33R5xP7RDxFQ5eKR5DW4g=
-35,8,IZQoMMgGQbFBzilGkp9IHlqOqLg=,FoXGCr33R5xP7RDxFQ5eKR5DW4g=
-34,8,IZQoMMgGQbFBzilGkp9IHlqOqLg=,FoXGCr33R5xP7RDxFQ5eKR5DW4g=
-33,8,IZQoMMgGQbFBzilGkp9IHlqOqLg=,FoXGCr33R5xP7RDxFQ5eKR5DW4g=
-41,4,IZQoMMgGQbFBzilGkp9IHlqOqLg=,orDTkwFYAyrMJD/qZH+cRk+AbUY=
-41,5,IZQoMMgGQbFBzilGkp9IHlqOqLg=,orDTkwFYAyrMJD/qZH+cRk+AbUY=
-34,2,IZQoMMgGQbFBzilGkp9IHlqOqLg=,sIaL5SmdDTLDsvC6wA/1QtocR6k=
-35,2,IZQoMMgGQbFBzilGkp9IHlqOqLg=,sIaL5SmdDTLDsvC6wA/1QtocR6k=
-34,6,IZQoMMgGQbFBzilGkp9IHlqOqLg=,sIaL5SmdDTLDsvC6wA/1QtocR6k=
-35,6,IZQoMMgGQbFBzilGkp9IHlqOqLg=,sIaL5SmdDTLDsvC6wA/1QtocR6k=
-33,3,IZQoMMgGQbFBzilGkp9IHlqOqLg=,sIaL5SmdDTLDsvC6wA/1QtocR6k=
-33,2,IZQoMMgGQbFBzilGkp9IHlqOqLg=,sIaL5SmdDTLDsvC6wA/1QtocR6k=
-40,4,IZQoMMgGQbFBzilGkp9IHlqOqLg=,sIaL5SmdDTLDsvC6wA/1QtocR6k=
-36,6,IZQoMMgGQbFBzilGkp9IHlqOqLg=,sIaL5SmdDTLDsvC6wA/1QtocR6k=
-37,6,IZQoMMgGQbFBzilGkp9IHlqOqLg=,sIaL5SmdDTLDsvC6wA/1QtocR6k=
-38,6,IZQoMMgGQbFBzilGkp9IHlqOqLg=,sIaL5SmdDTLDsvC6wA/1QtocR6k=
-39,6,IZQoMMgGQbFBzilGkp9IHlqOqLg=,sIaL5SmdDTLDsvC6wA/1QtocR6k=
-36,2,IZQoMMgGQbFBzilGkp9IHlqOqLg=,sIaL5SmdDTLDsvC6wA/1QtocR6k=
-37,2,IZQoMMgGQbFBzilGkp9IHlqOqLg=,sIaL5SmdDTLDsvC6wA/1QtocR6k=
-38,2,IZQoMMgGQbFBzilGkp9IHlqOqLg=,sIaL5SmdDTLDsvC6wA/1QtocR6k=
-39,4,IZQoMMgGQbFBzilGkp9IHlqOqLg=,sIaL5SmdDTLDsvC6wA/1QtocR6k=
-40,6,IZQoMMgGQbFBzilGkp9IHlqOqLg=,sIaL5SmdDTLDsvC6wA/1QtocR6k=
-39,2,IZQoMMgGQbFBzilGkp9IHlqOqLg=,sIaL5SmdDTLDsvC6wA/1QtocR6k=
-40,2,IZQoMMgGQbFBzilGkp9IHlqOqLg=,sIaL5SmdDTLDsvC6wA/1QtocR6k=
-33,5,IZQoMMgGQbFBzilGkp9IHlqOqLg=,sIaL5SmdDTLDsvC6wA/1QtocR6k=
-34,5,IZQoMMgGQbFBzilGkp9IHlqOqLg=,sIaL5SmdDTLDsvC6wA/1QtocR6k=
-38,4,IZQoMMgGQbFBzilGkp9IHlqOqLg=,sIaL5SmdDTLDsvC6wA/1QtocR6k=
-41,1,IZQoMMgGQbFBzilGkp9IHlqOqLg=,orDTkwFYAyrMJD/qZH+cRk+AbUY=
-35,5,IZQoMMgGQbFBzilGkp9IHlqOqLg=,sIaL5SmdDTLDsvC6wA/1QtocR6k=
-33,1,IZQoMMgGQbFBzilGkp9IHlqOqLg=,sIaL5SmdDTLDsvC6wA/1QtocR6k=
-34,1,IZQoMMgGQbFBzilGkp9IHlqOqLg=,sIaL5SmdDTLDsvC6wA/1QtocR6k=
-36,1,IZQoMMgGQbFBzilGkp9IHlqOqLg=,sIaL5SmdDTLDsvC6wA/1QtocR6k=
-41,8,IZQoMMgGQbFBzilGkp9IHlqOqLg=,5NDZpj6hq1iCXSmj0uxFQgi8Nvk=
-35,1,IZQoMMgGQbFBzilGkp9IHlqOqLg=,sIaL5SmdDTLDsvC6wA/1QtocR6k=
-38,1,IZQoMMgGQbFBzilGkp9IHlqOqLg=,sIaL5SmdDTLDsvC6wA/1QtocR6k=
-37,4,IZQoMMgGQbFBzilGkp9IHlqOqLg=,sIaL5SmdDTLDsvC6wA/1QtocR6k=
-36,5,IZQoMMgGQbFBzilGkp9IHlqOqLg=,sIaL5SmdDTLDsvC6wA/1QtocR6k=
-39,1,IZQoMMgGQbFBzilGkp9IHlqOqLg=,sIaL5SmdDTLDsvC6wA/1QtocR6k=
-40,1,IZQoMMgGQbFBzilGkp9IHlqOqLg=,sIaL5SmdDTLDsvC6wA/1QtocR6k=
-36,4,IZQoMMgGQbFBzilGkp9IHlqOqLg=,sIaL5SmdDTLDsvC6wA/1QtocR6k=
-37,1,IZQoMMgGQbFBzilGkp9IHlqOqLg=,sIaL5SmdDTLDsvC6wA/1QtocR6k=
-41,6,IZQoMMgGQbFBzilGkp9IHlqOqLg=,orDTkwFYAyrMJD/qZH+cRk+AbUY=
-40,0,IZQoMMgGQbFBzilGkp9IHlqOqLg=,sIaL5SmdDTLDsvC6wA/1QtocR6k=
-39,0,IZQoMMgGQbFBzilGkp9IHlqOqLg=,sIaL5SmdDTLDsvC6wA/1QtocR6k=
-38,0,IZQoMMgGQbFBzilGkp9IHlqOqLg=,sIaL5SmdDTLDsvC6wA/1QtocR6k=
-35,4,IZQoMMgGQbFBzilGkp9IHlqOqLg=,sIaL5SmdDTLDsvC6wA/1QtocR6k=
-37,5,IZQoMMgGQbFBzilGkp9IHlqOqLg=,sIaL5SmdDTLDsvC6wA/1QtocR6k=
-34,0,IZQoMMgGQbFBzilGkp9IHlqOqLg=,sIaL5SmdDTLDsvC6wA/1QtocR6k=
-35,0,IZQoMMgGQbFBzilGkp9IHlqOqLg=,sIaL5SmdDTLDsvC6wA/1QtocR6k=
-34,4,IZQoMMgGQbFBzilGkp9IHlqOqLg=,sIaL5SmdDTLDsvC6wA/1QtocR6k=
-37,0,IZQoMMgGQbFBzilGkp9IHlqOqLg=,sIaL5SmdDTLDsvC6wA/1QtocR6k=
-33,0,IZQoMMgGQbFBzilGkp9IHlqOqLg=,sIaL5SmdDTLDsvC6wA/1QtocR6k=
-36,0,IZQoMMgGQbFBzilGkp9IHlqOqLg=,sIaL5SmdDTLDsvC6wA/1QtocR6k=
-38,5,IZQoMMgGQbFBzilGkp9IHlqOqLg=,sIaL5SmdDTLDsvC6wA/1QtocR6k=
-33,4,IZQoMMgGQbFBzilGkp9IHlqOqLg=,sIaL5SmdDTLDsvC6wA/1QtocR6k=
-40,5,IZQoMMgGQbFBzilGkp9IHlqOqLg=,sIaL5SmdDTLDsvC6wA/1QtocR6k=
-39,5,IZQoMMgGQbFBzilGkp9IHlqOqLg=,sIaL5SmdDTLDsvC6wA/1QtocR6k=
