20,-5,Xl4XyWzZuNsb10SH2KWgLgT9PZM=,c/ttJqkkiBsPfJMViEgqMozK/70=
22,-1,2OOOkkDpAq5xOdq3/tlPBJogpPI=,c/ttJqkkiBsPfJMViEgqMozK/70=
21,-1,2OOOkkDpAq5xOdq3/tlPBJogpPI=,c/ttJqkkiBsPfJMViEgqMozK/70=
20,-1,2OOOkkDpAq5xOdq3/tlPBJogpPI=,c/ttJqkkiBsPfJMViEgqMozK/70=
19,-5,2OOOkkDpAq5xOdq3/tlPBJogpPI=,c/ttJqkkiBsPfJMViEgqMozK/70=
18,-1,2OOOkkDpAq5xOdq3/tlPBJogpPI=,c/ttJqkkiBsPfJMViEgqMozK/70=
17,-1,2OOOkkDpAq5xOdq3/tlPBJogpPI=,c/ttJqkkiBsPfJMViEgqMozK/70=
30,-5,2OOOkkDpAq5xOdq3/tlPBJogpPI=,nhAczc1srAuOMCq1NNk9NPM7zsQ=
16,-1,2OOOkkDpAq5xOdq3/tlPBJogpPI=,c/ttJqkkiBsPfJMViEgqMozK/70=
18,-5,2OOOkkDpAq5xOdq3/tlPBJogpPI=,c/ttJqkkiBsPfJMViEgqMozK/70=
30,-4,2OOOkkDpAq5xOdq3/tlPBJogpPI=,nhAczc1srAuOMCq1NNk9NPM7zsQ=
31,-4,2OOOkkDpAq5xOdq3/tlPBJogpPI=,nhAczc1srAuOMCq1NNk9NPM7zsQ=
27,-3,2OOOkkDpAq5xOdq3/tlPBJogpPI=,nhAczc1srAuOMCq1NNk9NPM7zsQ=
17,-5,2OOOkkDpAq5xOdq3/tlPBJogpPI=,c/ttJqkkiBsPfJMViEgqMozK/70=
26,-7,2OOOkkDpAq5xOdq3/tlPBJogpPI=,nhAczc1srAuOMCq1NNk9NPM7zsQ=
31,-5,2OOOkkDpAq5xOdq3/tlPBJogpPI=,nhAczc1srAuOMCq1NNk9NPM7zsQ=
16,-5,2OOOkkDpAq5xOdq3/tlPBJogpPI=,c/ttJqkkiBsPfJMViEgqMozK/70=
23,-1,2OOOkkDpAq5xOdq3/tlPBJogpPI=,c/ttJqkkiBsPfJMViEgqMozK/70=
24,-3,2OOOkkDpAq5xOdq3/tlPBJogpPI=,nhAczc1srAuOMCq1NNk9NPM7zsQ=
28,-4,2OOOkkDpAq5xOdq3/tlPBJogpPI=,nhAczc1srAuOMCq1NNk9NPM7zsQ=
22,-6,2OOOkkDpAq5xOdq3/tlPBJogpPI=,c/ttJqkkiBsPfJMViEgqMozK/70=
29,-4,2OOOkkDpAq5xOdq3/tlPBJogpPI=,nhAczc1srAuOMCq1NNk9NPM7zsQ=
31,-7,2OOOkkDpAq5xOdq3/tlPBJogpPI=,nhAczc1srAuOMCq1NNk9NPM7zsQ=
26,-3,2OOOkkDpAq5xOdq3/tlPBJogpPI=,nhAczc1srAuOMCq1NNk9NPM7zsQ=
21,-6,2OOOkkDpAq5xOdq3/tlPBJogpPI=,c/ttJqkkiBsPfJMViEgqMozK/70=
27,-4,2OOOkkDpAq5xOdq3/tlPBJogpPI=,nhAczc1srAuOMCq1NNk9NPM7zsQ=
25,-8,2OOOkkDpAq5xOdq3/tlPBJogpPI=,nhAczc1srAuOMCq1NNk9NPM7zsQ=
23,-6,2OOOkkDpAq5xOdq3/tlPBJogpPI=,c/ttJqkkiBsPfJMViEgqMozK/70=
20,-6,2OOOkkDpAq5xOdq3/tlPBJogpPI=,c/ttJqkkiBsPfJMViEgqMozK/70=
24,-5,2OOOkkDpAq5xOdq3/tlPBJogpPI=,nhAczc1srAuOMCq1NNk9NPM7zsQ=
27,-8,2OOOkkDpAq5xOdq3/tlPBJogpPI=,nhAczc1srAuOMCq1NNk9NPM7zsQ=
25,-7,2OOOkkDpAq5xOdq3/tlPBJogpPI=,nhAczc1srAuOMCq1NNk9NPM7zsQ=
25,-3,2OOOkkDpAq5xOdq3/tlPBJogpPI=,nhAczc1srAuOMCq1NNk9NPM7zsQ=
19,-6,2OOOkkDpAq5xOdq3/tlPBJogpPI=,c/ttJqkkiBsPfJMViEgqMozK/70=
24,-4,2OOOkkDpAq5xOdq3/tlPBJogpPI=,nhAczc1srAuOMCq1NNk9NPM7zsQ=
23,-2,2OOOkkDpAq5xOdq3/tlPBJogpPI=,c/ttJqkkiBsPfJMViEgqMozK/70=
18,-6,2OOOkkDpAq5xOdq3/tlPBJogpPI=,c/ttJqkkiBsPfJMViEgqMozK/70=
29,-5,2OOOkkDpAq5xOdq3/tlPBJogpPI=,nhAczc1srAuOMCq1NNk9NPM7zsQ=
24,-8,2OOOkkDpAq5xOdq3/tlPBJogpPI=,nhAczc1srAuOMCq1NNk9NPM7zsQ=
27,-7,2OOOkkDpAq5xOdq3/tlPBJogpPI=,nhAczc1srAuOMCq1NNk9NPM7zsQ=
22,-2,2OOOkkDpAq5xOdq3/tlPBJogpPI=,c/ttJqkkiBsPfJMViEgqMozK/70=
23,-7,2OOOkkDpAq5xOdq3/tlPBJogpPI=,c/ttJqkkiBsPfJMViEgqMozK/70=
17,-6,2OOOkkDpAq5xOdq3/tlPBJogpPI=,c/ttJqkkiBsPfJMViEgqMozK/70=
24,-7,2OOOkkDpAq5xOdq3/tlPBJogpPI=,nhAczc1srAuOMCq1NNk9NPM7zsQ=
22,-7,2OOOkkDpAq5xOdq3/tlPBJogpPI=,c/ttJqkkiBsPfJMViEgqMozK/70=
23,-8,2OOOkkDpAq5xOdq3/tlPBJogpPI=,c/ttJqkkiBsPfJMViEgqMozK/70=
31,-8,2OOOkkDpAq5xOdq3/tlPBJogpPI=,nhAczc1srAuOMCq1NNk9NPM7zsQ=
25,-4,2OOOkkDpAq5xOdq3/tlPBJogpPI=,nhAczc1srAuOMCq1NNk9NPM7zsQ=
24,-6,2OOOkkDpAq5xOdq3/tlPBJogpPI=,nhAczc1srAuOMCq1NNk9NPM7zsQ=
31,-1,2OOOkkDpAq5xOdq3/tlPBJogpPI=,nhAczc1srAuOMCq1NNk9NPM7zsQ=
16,-6,2OOOkkDpAq5xOdq3/tlPBJogpPI=,c/ttJqkkiBsPfJMViEgqMozK/70=
26,-8,2OOOkkDpAq5xOdq3/tlPBJogpPI=,nhAczc1srAuOMCq1NNk9NPM7zsQ=
25,-6,2OOOkkDpAq5xOdq3/tlPBJogpPI=,nhAczc1srAuOMCq1NNk9NPM7zsQ=
21,-7,2OOOkkDpAq5xOdq3/tlPBJogpPI=,c/ttJqkkiBsPfJMViEgqMozK/70=
21,-2,2OOOkkDpAq5xOdq3/tlPBJogpPI=,c/ttJqkkiBsPfJMViEgqMozK/70=
30,-8,2OOOkkDpAq5xOdq3/tlPBJogpPI=,nhAczc1srAuOMCq1NNk9NPM7zsQ=
23,-5,2OOOkkDpAq5xOdq3/tlPBJogpPI=,c/ttJqkkiBsPfJMViEgqMozK/70=
29,-1,2OOOkkDpAq5xOdq3/tlPBJogpPI=,nhAczc1srAuOMCq1NNk9NPM7zsQ=
20,-7,2OOOkkDpAq5xOdq3/tlPBJogpPI=,c/ttJqkkiBsPfJMViEgqMozK/70=
28,-1,2OOOkkDpAq5xOdq3/tlPBJogpPI=,nhAczc1srAuOMCq1NNk9NPM7zsQ=
30,-7,2OOOkkDpAq5xOdq3/tlPBJogpPI=,nhAczc1srAuOMCq1NNk9NPM7zsQ=
26,-6,2OOOkkDpAq5xOdq3/tlPBJogpPI=,nhAczc1srAuOMCq1NNk9NPM7zsQ=
26,-1,2OOOkkDpAq5xOdq3/tlPBJogpPI=,nhAczc1srAuOMCq1NNk9NPM7zsQ=
27,-1,2OOOkkDpAq5xOdq3/tlPBJogpPI=,nhAczc1srAuOMCq1NNk9NPM7zsQ=
25,-5,2OOOkkDpAq5xOdq3/tlPBJogpPI=,nhAczc1srAuOMCq1NNk9NPM7zsQ=
25,-1,2OOOkkDpAq5xOdq3/tlPBJogpPI=,nhAczc1srAuOMCq1NNk9NPM7zsQ=
24,-1,2OOOkkDpAq5xOdq3/tlPBJogpPI=,nhAczc1srAuOMCq1NNk9NPM7zsQ=
26,-4,2OOOkkDpAq5xOdq3/tlPBJogpPI=,nhAczc1srAuOMCq1NNk9NPM7zsQ=
20,-2,2OOOkkDpAq5xOdq3/tlPBJogpPI=,c/ttJqkkiBsPfJMViEgqMozK/70=
28,-3,2OOOkkDpAq5xOdq3/tlPBJogpPI=,nhAczc1srAuOMCq1NNk9NPM7zsQ=
31,-2,2OOOkkDpAq5xOdq3/tlPBJogpPI=,nhAczc1srAuOMCq1NNk9NPM7zsQ=
19,-7,2OOOkkDpAq5xOdq3/tlPBJogpPI=,c/ttJqkkiBsPfJMViEgqMozK/70=
26,-5,2OOOkkDpAq5xOdq3/tlPBJogpPI=,nhAczc1srAuOMCq1NNk9NPM7zsQ=
19,-2,2OOOkkDpAq5xOdq3/tlPBJogpPI=,c/ttJqkkiBsPfJMViEgqMozK/70=
30,-1,2OOOkkDpAq5xOdq3/tlPBJogpPI=,nhAczc1srAuOMCq1NNk9NPM7zsQ=
30,-2,2OOOkkDpAq5xOdq3/tlPBJogpPI=,nhAczc1srAuOMCq1NNk9NPM7zsQ=
27,-6,2OOOkkDpAq5xOdq3/tlPBJogpPI=,nhAczc1srAuOMCq1NNk9NPM7zsQ=
28,-6,2OOOkkDpAq5xOdq3/tlPBJogpPI=,nhAczc1srAuOMCq1NNk9NPM7zsQ=
28,-7,2OOOkkDpAq5xOdq3/tlPBJogpPI=,nhAczc1srAuOMCq1NNk9NPM7zsQ=
19,-1,2OOOkkDpAq5xOdq3/tlPBJogpPI=,c/ttJqkkiBsPfJMViEgqMozK/70=
28,-5,2OOOkkDpAq5xOdq3/tlPBJogpPI=,nhAczc1srAuOMCq1NNk9NPM7zsQ=
29,-7,2OOOkkDpAq5xOdq3/tlPBJogpPI=,nhAczc1srAuOMCq1NNk9NPM7zsQ=
29,-3,2OOOkkDpAq5xOdq3/tlPBJogpPI=,nhAczc1srAuOMCq1NNk9NPM7zsQ=
30,-3,2OOOkkDpAq5xOdq3/tlPBJogpPI=,nhAczc1srAuOMCq1NNk9NPM7zsQ=
29,-6,2OOOkkDpAq5xOdq3/tlPBJogpPI=,nhAczc1srAuOMCq1NNk9NPM7zsQ=
23,-4,2OOOkkDpAq5xOdq3/tlPBJogpPI=,c/ttJqkkiBsPfJMViEgqMozK/70=
28,-8,2OOOkkDpAq5xOdq3/tlPBJogpPI=,nhAczc1srAuOMCq1NNk9NPM7zsQ=
30,-6,2OOOkkDpAq5xOdq3/tlPBJogpPI=,nhAczc1srAuOMCq1NNk9NPM7zsQ=
31,-6,2OOOkkDpAq5xOdq3/tlPBJogpPI=,nhAczc1srAuOMCq1NNk9NPM7zsQ=
31,-3,2OOOkkDpAq5xOdq3/tlPBJogpPI=,nhAczc1srAuOMCq1NNk9NPM7zsQ=
26,-2,2OOOkkDpAq5xOdq3/tlPBJogpPI=,nhAczc1srAuOMCq1NNk9NPM7zsQ=
24,-2,2OOOkkDpAq5xOdq3/tlPBJogpPI=,nhAczc1srAuOMCq1NNk9NPM7zsQ=
25,-2,2OOOkkDpAq5xOdq3/tlPBJogpPI=,nhAczc1srAuOMCq1NNk9NPM7zsQ=
27,-2,2OOOkkDpAq5xOdq3/tlPBJogpPI=,nhAczc1srAuOMCq1NNk9NPM7zsQ=
29,-2,2OOOkkDpAq5xOdq3/tlPBJogpPI=,nhAczc1srAuOMCq1NNk9NPM7zsQ=
28,-2,2OOOkkDpAq5xOdq3/tlPBJogpPI=,nhAczc1srAuOMCq1NNk9NPM7zsQ=
29,-8,2OOOkkDpAq5xOdq3/tlPBJogpPI=,nhAczc1srAuOMCq1NNk9NPM7zsQ=
18,-7,2OOOkkDpAq5xOdq3/tlPBJogpPI=,c/ttJqkkiBsPfJMViEgqMozK/70=
17,-7,2OOOkkDpAq5xOdq3/tlPBJogpPI=,c/ttJqkkiBsPfJMViEgqMozK/70=
23,-3,2OOOkkDpAq5xOdq3/tlPBJogpPI=,c/ttJqkkiBsPfJMViEgqMozK/70=
22,-8,2OOOkkDpAq5xOdq3/tlPBJogpPI=,c/ttJqkkiBsPfJMViEgqMozK/70=
21,-8,2OOOkkDpAq5xOdq3/tlPBJogpPI=,c/ttJqkkiBsPfJMViEgqMozK/70=
20,-8,2OOOkkDpAq5xOdq3/tlPBJogpPI=,c/ttJqkkiBsPfJMViEgqMozK/70=
19,-8,2OOOkkDpAq5xOdq3/tlPBJogpPI=,c/ttJqkkiBsPfJMViEgqMozK/70=
27,-5,2OOOkkDpAq5xOdq3/tlPBJogpPI=,nhAczc1srAuOMCq1NNk9NPM7zsQ=
18,-8,2OOOkkDpAq5xOdq3/tlPBJogpPI=,c/ttJqkkiBsPfJMViEgqMozK/70=
17,-8,2OOOkkDpAq5xOdq3/tlPBJogpPI=,c/ttJqkkiBsPfJMViEgqMozK/70=
16,-8,2OOOkkDpAq5xOdq3/tlPBJogpPI=,c/ttJqkkiBsPfJMViEgqMozK/70=
16,-7,2OOOkkDpAq5xOdq3/tlPBJogpPI=,c/ttJqkkiBsPfJMViEgqMozK/70=
18,-2,2OOOkkDpAq5xOdq3/tlPBJogpPI=,c/ttJqkkiBsPfJMViEgqMozK/70=
17,-2,2OOOkkDpAq5xOdq3/tlPBJogpPI=,c/ttJqkkiBsPfJMViEgqMozK/70=
16,-2,2OOOkkDpAq5xOdq3/tlPBJogpPI=,c/ttJqkkiBsPfJMViEgqMozK/70=
22,-3,2OOOkkDpAq5xOdq3/tlPBJogpPI=,c/ttJqkkiBsPfJMViEgqMozK/70=
21,-3,2OOOkkDpAq5xOdq3/tlPBJogpPI=,c/ttJqkkiBsPfJMViEgqMozK/70=
20,-3,2OOOkkDpAq5xOdq3/tlPBJogpPI=,c/ttJqkkiBsPfJMViEgqMozK/70=
19,-3,2OOOkkDpAq5xOdq3/tlPBJogpPI=,c/ttJqkkiBsPfJMViEgqMozK/70=
18,-3,2OOOkkDpAq5xOdq3/tlPBJogpPI=,c/ttJqkkiBsPfJMViEgqMozK/70=
21,-4,2OOOkkDpAq5xOdq3/tlPBJogpPI=,c/ttJqkkiBsPfJMViEgqMozK/70=
22,-4,2OOOkkDpAq5xOdq3/tlPBJogpPI=,c/ttJqkkiBsPfJMViEgqMozK/70=
17,-3,2OOOkkDpAq5xOdq3/tlPBJogpPI=,c/ttJqkkiBsPfJMViEgqMozK/70=
16,-3,2OOOkkDpAq5xOdq3/tlPBJogpPI=,c/ttJqkkiBsPfJMViEgqMozK/70=
19,-4,2OOOkkDpAq5xOdq3/tlPBJogpPI=,c/ttJqkkiBsPfJMViEgqMozK/70=
20,-4,2OOOkkDpAq5xOdq3/tlPBJogpPI=,c/ttJqkkiBsPfJMViEgqMozK/70=
18,-4,2OOOkkDpAq5xOdq3/tlPBJogpPI=,c/ttJqkkiBsPfJMViEgqMozK/70=
22,-5,2OOOkkDpAq5xOdq3/tlPBJogpPI=,c/ttJqkkiBsPfJMViEgqMozK/70=
17,-4,2OOOkkDpAq5xOdq3/tlPBJogpPI=,c/ttJqkkiBsPfJMViEgqMozK/70=
21,-5,2OOOkkDpAq5xOdq3/tlPBJogpPI=,c/ttJqkkiBsPfJMViEgqMozK/70=
16,-4,2OOOkkDpAq5xOdq3/tlPBJogpPI=,c/ttJqkkiBsPfJMViEgqMozK/70=
0,-15,MgRteAGQaW8UFO1ECMDF/YVguLQ=,Mx9L4rB5R7pIk5BOdOCKtty6CeE=
7,-10,MgRteAGQaW8UFO1ECMDF/YVguLQ=,Mx9L4rB5R7pIk5BOdOCKtty6CeE=
5,-10,MgRteAGQaW8UFO1ECMDF/YVguLQ=,Mx9L4rB5R7pIk5BOdOCKtty6CeE=
6,-10,MgRteAGQaW8UFO1ECMDF/YVguLQ=,Mx9L4rB5R7pIk5BOdOCKtty6CeE=
4,-10,MgRteAGQaW8UFO1ECMDF/YVguLQ=,Mx9L4rB5R7pIk5BOdOCKtty6CeE=
3,-10,MgRteAGQaW8UFO1ECMDF/YVguLQ=,Mx9L4rB5R7pIk5BOdOCKtty6CeE=
2,-10,MgRteAGQaW8UFO1ECMDF/YVguLQ=,Mx9L4rB5R7pIk5BOdOCKtty6CeE=
1,-10,MgRteAGQaW8UFO1ECMDF/YVguLQ=,Mx9L4rB5R7pIk5BOdOCKtty6CeE=
7,-11,MgRteAGQaW8UFO1ECMDF/YVguLQ=,Mx9L4rB5R7pIk5BOdOCKtty6CeE=
6,-11,/Vvvjp7V6iYyYkjHPIjFsJ4M/7U=,Mx9L4rB5R7pIk5BOdOCKtty6CeE=
5,-11,dXDor6nkRP7rESJgJZrjNv0U8uw=,Mx9L4rB5R7pIk5BOdOCKtty6CeE=
4,-11,ZBM4oYZ+s9Pjq1NT9xhIBROTGtY=,Mx9L4rB5R7pIk5BOdOCKtty6CeE=
2,-11,cevhU1eYknNabY2W3hvSVInL50k=,Mx9L4rB5R7pIk5BOdOCKtty6CeE=
3,-11,cevhU1eYknNabY2W3hvSVInL50k=,Mx9L4rB5R7pIk5BOdOCKtty6CeE=
0,-10,cevhU1eYknNabY2W3hvSVInL50k=,Mx9L4rB5R7pIk5BOdOCKtty6CeE=
1,-11,cevhU1eYknNabY2W3hvSVInL50k=,Mx9L4rB5R7pIk5BOdOCKtty6CeE=
7,-12,cevhU1eYknNabY2W3hvSVInL50k=,Mx9L4rB5R7pIk5BOdOCKtty6CeE=
6,-12,cevhU1eYknNabY2W3hvSVInL50k=,Mx9L4rB5R7pIk5BOdOCKtty6CeE=
0,-11,cevhU1eYknNabY2W3hvSVInL50k=,Mx9L4rB5R7pIk5BOdOCKtty6CeE=
5,-12,cevhU1eYknNabY2W3hvSVInL50k=,Mx9L4rB5R7pIk5BOdOCKtty6CeE=
4,-12,cevhU1eYknNabY2W3hvSVInL50k=,Mx9L4rB5R7pIk5BOdOCKtty6CeE=
3,-12,cevhU1eYknNabY2W3hvSVInL50k=,Mx9L4rB5R7pIk5BOdOCKtty6CeE=
2,-12,cevhU1eYknNabY2W3hvSVInL50k=,Mx9L4rB5R7pIk5BOdOCKtty6CeE=
1,-12,cevhU1eYknNabY2W3hvSVInL50k=,Mx9L4rB5R7pIk5BOdOCKtty6CeE=
7,-13,cevhU1eYknNabY2W3hvSVInL50k=,Mx9L4rB5R7pIk5BOdOCKtty6CeE=
6,-13,cevhU1eYknNabY2W3hvSVInL50k=,Mx9L4rB5R7pIk5BOdOCKtty6CeE=
0,-12,cevhU1eYknNabY2W3hvSVInL50k=,Mx9L4rB5R7pIk5BOdOCKtty6CeE=
5,-13,cevhU1eYknNabY2W3hvSVInL50k=,Mx9L4rB5R7pIk5BOdOCKtty6CeE=
4,-13,cevhU1eYknNabY2W3hvSVInL50k=,Mx9L4rB5R7pIk5BOdOCKtty6CeE=
3,-13,cevhU1eYknNabY2W3hvSVInL50k=,Mx9L4rB5R7pIk5BOdOCKtty6CeE=
2,-13,cevhU1eYknNabY2W3hvSVInL50k=,Mx9L4rB5R7pIk5BOdOCKtty6CeE=
1,-13,cevhU1eYknNabY2W3hvSVInL50k=,Mx9L4rB5R7pIk5BOdOCKtty6CeE=
7,-14,cevhU1eYknNabY2W3hvSVInL50k=,Mx9L4rB5R7pIk5BOdOCKtty6CeE=
0,-13,cevhU1eYknNabY2W3hvSVInL50k=,Mx9L4rB5R7pIk5BOdOCKtty6CeE=
6,-14,cevhU1eYknNabY2W3hvSVInL50k=,Mx9L4rB5R7pIk5BOdOCKtty6CeE=
5,-14,cevhU1eYknNabY2W3hvSVInL50k=,Mx9L4rB5R7pIk5BOdOCKtty6CeE=
4,-14,cevhU1eYknNabY2W3hvSVInL50k=,Mx9L4rB5R7pIk5BOdOCKtty6CeE=
3,-14,cevhU1eYknNabY2W3hvSVInL50k=,Mx9L4rB5R7pIk5BOdOCKtty6CeE=
1,-16,cevhU1eYknNabY2W3hvSVInL50k=,Mx9L4rB5R7pIk5BOdOCKtty6CeE=
2,-16,cevhU1eYknNabY2W3hvSVInL50k=,Mx9L4rB5R7pIk5BOdOCKtty6CeE=
3,-16,cevhU1eYknNabY2W3hvSVInL50k=,Mx9L4rB5R7pIk5BOdOCKtty6CeE=
4,-16,cevhU1eYknNabY2W3hvSVInL50k=,Mx9L4rB5R7pIk5BOdOCKtty6CeE=
5,-16,cevhU1eYknNabY2W3hvSVInL50k=,Mx9L4rB5R7pIk5BOdOCKtty6CeE=
2,-14,cevhU1eYknNabY2W3hvSVInL50k=,Mx9L4rB5R7pIk5BOdOCKtty6CeE=
6,-16,cevhU1eYknNabY2W3hvSVInL50k=,Mx9L4rB5R7pIk5BOdOCKtty6CeE=
1,-14,cevhU1eYknNabY2W3hvSVInL50k=,Mx9L4rB5R7pIk5BOdOCKtty6CeE=
0,-14,cevhU1eYknNabY2W3hvSVInL50k=,Mx9L4rB5R7pIk5BOdOCKtty6CeE=
7,-15,cevhU1eYknNabY2W3hvSVInL50k=,Mx9L4rB5R7pIk5BOdOCKtty6CeE=
6,-15,cevhU1eYknNabY2W3hvSVInL50k=,Mx9L4rB5R7pIk5BOdOCKtty6CeE=
5,-15,cevhU1eYknNabY2W3hvSVInL50k=,Mx9L4rB5R7pIk5BOdOCKtty6CeE=
3,-15,cevhU1eYknNabY2W3hvSVInL50k=,Mx9L4rB5R7pIk5BOdOCKtty6CeE=
4,-15,cevhU1eYknNabY2W3hvSVInL50k=,Mx9L4rB5R7pIk5BOdOCKtty6CeE=
2,-15,cevhU1eYknNabY2W3hvSVInL50k=,Mx9L4rB5R7pIk5BOdOCKtty6CeE=
1,-15,cevhU1eYknNabY2W3hvSVInL50k=,Mx9L4rB5R7pIk5BOdOCKtty6CeE=
7,-16,cevhU1eYknNabY2W3hvSVInL50k=,Mx9L4rB5R7pIk5BOdOCKtty6CeE=
0,-16,cevhU1eYknNabY2W3hvSVInL50k=,Mx9L4rB5R7pIk5BOdOCKtty6CeE=
12,-6,cevhU1eYknNabY2W3hvSVInL50k=,271hMvpYq3b1ftUdRTjeQ+jmOH4=
13,-6,cevhU1eYknNabY2W3hvSVInL50k=,271hMvpYq3b1ftUdRTjeQ+jmOH4=
10,-8,cevhU1eYknNabY2W3hvSVInL50k=,271hMvpYq3b1ftUdRTjeQ+jmOH4=
12,-1,cevhU1eYknNabY2W3hvSVInL50k=,271hMvpYq3b1ftUdRTjeQ+jmOH4=
13,-1,cevhU1eYknNabY2W3hvSVInL50k=,271hMvpYq3b1ftUdRTjeQ+jmOH4=
14,-6,cevhU1eYknNabY2W3hvSVInL50k=,271hMvpYq3b1ftUdRTjeQ+jmOH4=
14,-1,cevhU1eYknNabY2W3hvSVInL50k=,271hMvpYq3b1ftUdRTjeQ+jmOH4=
10,-3,cevhU1eYknNabY2W3hvSVInL50k=,271hMvpYq3b1ftUdRTjeQ+jmOH4=
15,-1,cevhU1eYknNabY2W3hvSVInL50k=,271hMvpYq3b1ftUdRTjeQ+jmOH4=
11,-8,cevhU1eYknNabY2W3hvSVInL50k=,271hMvpYq3b1ftUdRTjeQ+jmOH4=
10,-7,cevhU1eYknNabY2W3hvSVInL50k=,271hMvpYq3b1ftUdRTjeQ+jmOH4=
12,-8,cevhU1eYknNabY2W3hvSVInL50k=,271hMvpYq3b1ftUdRTjeQ+jmOH4=
12,-7,cevhU1eYknNabY2W3hvSVInL50k=,271hMvpYq3b1ftUdRTjeQ+jmOH4=
12,-5,cevhU1eYknNabY2W3hvSVInL50k=,271hMvpYq3b1ftUdRTjeQ+jmOH4=
13,-7,cevhU1eYknNabY2W3hvSVInL50k=,271hMvpYq3b1ftUdRTjeQ+jmOH4=
14,-7,cevhU1eYknNabY2W3hvSVInL50k=,271hMvpYq3b1ftUdRTjeQ+jmOH4=
15,-7,cevhU1eYknNabY2W3hvSVInL50k=,271hMvpYq3b1ftUdRTjeQ+jmOH4=
11,-5,cevhU1eYknNabY2W3hvSVInL50k=,271hMvpYq3b1ftUdRTjeQ+jmOH4=
13,-5,cevhU1eYknNabY2W3hvSVInL50k=,271hMvpYq3b1ftUdRTjeQ+jmOH4=
9,-6,cevhU1eYknNabY2W3hvSVInL50k=,271hMvpYq3b1ftUdRTjeQ+jmOH4=
10,-4,cevhU1eYknNabY2W3hvSVInL50k=,271hMvpYq3b1ftUdRTjeQ+jmOH4=
10,-6,cevhU1eYknNabY2W3hvSVInL50k=,271hMvpYq3b1ftUdRTjeQ+jmOH4=
9,-8,cevhU1eYknNabY2W3hvSVInL50k=,271hMvpYq3b1ftUdRTjeQ+jmOH4=
14,-5,cevhU1eYknNabY2W3hvSVInL50k=,271hMvpYq3b1ftUdRTjeQ+jmOH4=
11,-4,cevhU1eYknNabY2W3hvSVInL50k=,271hMvpYq3b1ftUdRTjeQ+jmOH4=
10,-5,cevhU1eYknNabY2W3hvSVInL50k=,271hMvpYq3b1ftUdRTjeQ+jmOH4=
15,-5,cevhU1eYknNabY2W3hvSVInL50k=,271hMvpYq3b1ftUdRTjeQ+jmOH4=
9,-5,cevhU1eYknNabY2W3hvSVInL50k=,271hMvpYq3b1ftUdRTjeQ+jmOH4=
13,-2,cevhU1eYknNabY2W3hvSVInL50k=,271hMvpYq3b1ftUdRTjeQ+jmOH4=
12,-4,cevhU1eYknNabY2W3hvSVInL50k=,271hMvpYq3b1ftUdRTjeQ+jmOH4=
9,-7,cevhU1eYknNabY2W3hvSVInL50k=,271hMvpYq3b1ftUdRTjeQ+jmOH4=
9,-4,cevhU1eYknNabY2W3hvSVInL50k=,271hMvpYq3b1ftUdRTjeQ+jmOH4=
11,-1,cevhU1eYknNabY2W3hvSVInL50k=,271hMvpYq3b1ftUdRTjeQ+jmOH4=
11,-6,cevhU1eYknNabY2W3hvSVInL50k=,271hMvpYq3b1ftUdRTjeQ+jmOH4=
11,-3,cevhU1eYknNabY2W3hvSVInL50k=,271hMvpYq3b1ftUdRTjeQ+jmOH4=
15,-6,cevhU1eYknNabY2W3hvSVInL50k=,271hMvpYq3b1ftUdRTjeQ+jmOH4=
13,-8,cevhU1eYknNabY2W3hvSVInL50k=,271hMvpYq3b1ftUdRTjeQ+jmOH4=
13,-4,cevhU1eYknNabY2W3hvSVInL50k=,271hMvpYq3b1ftUdRTjeQ+jmOH4=
15,-3,cevhU1eYknNabY2W3hvSVInL50k=,271hMvpYq3b1ftUdRTjeQ+jmOH4=
14,-4,cevhU1eYknNabY2W3hvSVInL50k=,271hMvpYq3b1ftUdRTjeQ+jmOH4=
14,-8,cevhU1eYknNabY2W3hvSVInL50k=,271hMvpYq3b1ftUdRTjeQ+jmOH4=
9,-2,cevhU1eYknNabY2W3hvSVInL50k=,271hMvpYq3b1ftUdRTjeQ+jmOH4=
11,-7,cevhU1eYknNabY2W3hvSVInL50k=,271hMvpYq3b1ftUdRTjeQ+jmOH4=
14,-2,cevhU1eYknNabY2W3hvSVInL50k=,271hMvpYq3b1ftUdRTjeQ+jmOH4=
15,-2,cevhU1eYknNabY2W3hvSVInL50k=,271hMvpYq3b1ftUdRTjeQ+jmOH4=
12,-2,cevhU1eYknNabY2W3hvSVInL50k=,271hMvpYq3b1ftUdRTjeQ+jmOH4=
10,-1,cevhU1eYknNabY2W3hvSVInL50k=,271hMvpYq3b1ftUdRTjeQ+jmOH4=
15,-4,cevhU1eYknNabY2W3hvSVInL50k=,271hMvpYq3b1ftUdRTjeQ+jmOH4=
9,-1,cevhU1eYknNabY2W3hvSVInL50k=,271hMvpYq3b1ftUdRTjeQ+jmOH4=
12,-3,cevhU1eYknNabY2W3hvSVInL50k=,271hMvpYq3b1ftUdRTjeQ+jmOH4=
14,-3,cevhU1eYknNabY2W3hvSVInL50k=,271hMvpYq3b1ftUdRTjeQ+jmOH4=
15,-8,cevhU1eYknNabY2W3hvSVInL50k=,271hMvpYq3b1ftUdRTjeQ+jmOH4=
13,-3,cevhU1eYknNabY2W3hvSVInL50k=,271hMvpYq3b1ftUdRTjeQ+jmOH4=
10,-2,cevhU1eYknNabY2W3hvSVInL50k=,271hMvpYq3b1ftUdRTjeQ+jmOH4=
9,-3,cevhU1eYknNabY2W3hvSVInL50k=,271hMvpYq3b1ftUdRTjeQ+jmOH4=
11,-2,cevhU1eYknNabY2W3hvSVInL50k=,271hMvpYq3b1ftUdRTjeQ+jmOH4=
3,-9,cevhU1eYknNabY2W3hvSVInL50k=,Mx9L4rB5R7pIk5BOdOCKtty6CeE=
3,-3,cevhU1eYknNabY2W3hvSVInL50k=,Re+xmpBTropdAMSUDezJ9TUc/XM=
2,-9,cevhU1eYknNabY2W3hvSVInL50k=,Mx9L4rB5R7pIk5BOdOCKtty6CeE=
4,-3,cevhU1eYknNabY2W3hvSVInL50k=,Re+xmpBTropdAMSUDezJ9TUc/XM=
4,-9,cevhU1eYknNabY2W3hvSVInL50k=,Mx9L4rB5R7pIk5BOdOCKtty6CeE=
2,-3,cevhU1eYknNabY2W3hvSVInL50k=,Re+xmpBTropdAMSUDezJ9TUc/XM=
5,-3,cevhU1eYknNabY2W3hvSVInL50k=,Re+xmpBTropdAMSUDezJ9TUc/XM=
5,-9,cevhU1eYknNabY2W3hvSVInL50k=,Mx9L4rB5R7pIk5BOdOCKtty6CeE=
6,-9,cevhU1eYknNabY2W3hvSVInL50k=,Mx9L4rB5R7pIk5BOdOCKtty6CeE=
1,-9,cevhU1eYknNabY2W3hvSVInL50k=,Mx9L4rB5R7pIk5BOdOCKtty6CeE=
0,-9,cevhU1eYknNabY2W3hvSVInL50k=,Mx9L4rB5R7pIk5BOdOCKtty6CeE=
6,-3,cevhU1eYknNabY2W3hvSVInL50k=,Re+xmpBTropdAMSUDezJ9TUc/XM=
8,-5,cevhU1eYknNabY2W3hvSVInL50k=,271hMvpYq3b1ftUdRTjeQ+jmOH4=
1,-3,cevhU1eYknNabY2W3hvSVInL50k=,Re+xmpBTropdAMSUDezJ9TUc/XM=
8,-7,cevhU1eYknNabY2W3hvSVInL50k=,271hMvpYq3b1ftUdRTjeQ+jmOH4=
7,-3,cevhU1eYknNabY2W3hvSVInL50k=,Re+xmpBTropdAMSUDezJ9TUc/XM=
7,-9,cevhU1eYknNabY2W3hvSVInL50k=,Mx9L4rB5R7pIk5BOdOCKtty6CeE=
7,-4,cevhU1eYknNabY2W3hvSVInL50k=,Re+xmpBTropdAMSUDezJ9TUc/XM=
0,-3,cevhU1eYknNabY2W3hvSVInL50k=,Re+xmpBTropdAMSUDezJ9TUc/XM=
6,-4,cevhU1eYknNabY2W3hvSVInL50k=,Re+xmpBTropdAMSUDezJ9TUc/XM=
5,-4,cevhU1eYknNabY2W3hvSVInL50k=,Re+xmpBTropdAMSUDezJ9TUc/XM=
0,-2,cevhU1eYknNabY2W3hvSVInL50k=,Re+xmpBTropdAMSUDezJ9TUc/XM=
4,-4,cevhU1eYknNabY2W3hvSVInL50k=,Re+xmpBTropdAMSUDezJ9TUc/XM=
3,-4,cevhU1eYknNabY2W3hvSVInL50k=,Re+xmpBTropdAMSUDezJ9TUc/XM=
2,-4,cevhU1eYknNabY2W3hvSVInL50k=,Re+xmpBTropdAMSUDezJ9TUc/XM=
0,-8,cevhU1eYknNabY2W3hvSVInL50k=,Re+xmpBTropdAMSUDezJ9TUc/XM=
1,-4,cevhU1eYknNabY2W3hvSVInL50k=,Re+xmpBTropdAMSUDezJ9TUc/XM=
0,-4,cevhU1eYknNabY2W3hvSVInL50k=,Re+xmpBTropdAMSUDezJ9TUc/XM=
6,-5,cevhU1eYknNabY2W3hvSVInL50k=,Re+xmpBTropdAMSUDezJ9TUc/XM=
7,-5,cevhU1eYknNabY2W3hvSVInL50k=,Re+xmpBTropdAMSUDezJ9TUc/XM=
1,-2,cevhU1eYknNabY2W3hvSVInL50k=,Re+xmpBTropdAMSUDezJ9TUc/XM=
5,-5,cevhU1eYknNabY2W3hvSVInL50k=,Re+xmpBTropdAMSUDezJ9TUc/XM=
4,-5,cevhU1eYknNabY2W3hvSVInL50k=,Re+xmpBTropdAMSUDezJ9TUc/XM=
2,-5,cevhU1eYknNabY2W3hvSVInL50k=,Re+xmpBTropdAMSUDezJ9TUc/XM=
2,-2,cevhU1eYknNabY2W3hvSVInL50k=,Re+xmpBTropdAMSUDezJ9TUc/XM=
3,-5,cevhU1eYknNabY2W3hvSVInL50k=,Re+xmpBTropdAMSUDezJ9TUc/XM=
8,-3,cevhU1eYknNabY2W3hvSVInL50k=,271hMvpYq3b1ftUdRTjeQ+jmOH4=
3,-2,cevhU1eYknNabY2W3hvSVInL50k=,Re+xmpBTropdAMSUDezJ9TUc/XM=
0,-5,cevhU1eYknNabY2W3hvSVInL50k=,Re+xmpBTropdAMSUDezJ9TUc/XM=
4,-2,cevhU1eYknNabY2W3hvSVInL50k=,Re+xmpBTropdAMSUDezJ9TUc/XM=
8,-8,cevhU1eYknNabY2W3hvSVInL50k=,271hMvpYq3b1ftUdRTjeQ+jmOH4=
1,-5,cevhU1eYknNabY2W3hvSVInL50k=,Re+xmpBTropdAMSUDezJ9TUc/XM=
7,-6,cevhU1eYknNabY2W3hvSVInL50k=,Re+xmpBTropdAMSUDezJ9TUc/XM=
6,-6,cevhU1eYknNabY2W3hvSVInL50k=,Re+xmpBTropdAMSUDezJ9TUc/XM=
5,-6,cevhU1eYknNabY2W3hvSVInL50k=,Re+xmpBTropdAMSUDezJ9TUc/XM=
8,-1,cevhU1eYknNabY2W3hvSVInL50k=,271hMvpYq3b1ftUdRTjeQ+jmOH4=
4,-6,cevhU1eYknNabY2W3hvSVInL50k=,Re+xmpBTropdAMSUDezJ9TUc/XM=
1,-8,cevhU1eYknNabY2W3hvSVInL50k=,Re+xmpBTropdAMSUDezJ9TUc/XM=
3,-6,cevhU1eYknNabY2W3hvSVInL50k=,Re+xmpBTropdAMSUDezJ9TUc/XM=
2,-6,cevhU1eYknNabY2W3hvSVInL50k=,Re+xmpBTropdAMSUDezJ9TUc/XM=
5,-2,cevhU1eYknNabY2W3hvSVInL50k=,Re+xmpBTropdAMSUDezJ9TUc/XM=
0,-6,cevhU1eYknNabY2W3hvSVInL50k=,Re+xmpBTropdAMSUDezJ9TUc/XM=
7,-7,cevhU1eYknNabY2W3hvSVInL50k=,Re+xmpBTropdAMSUDezJ9TUc/XM=
6,-7,cevhU1eYknNabY2W3hvSVInL50k=,Re+xmpBTropdAMSUDezJ9TUc/XM=
5,-7,cevhU1eYknNabY2W3hvSVInL50k=,Re+xmpBTropdAMSUDezJ9TUc/XM=
1,-6,cevhU1eYknNabY2W3hvSVInL50k=,Re+xmpBTropdAMSUDezJ9TUc/XM=
6,-2,cevhU1eYknNabY2W3hvSVInL50k=,Re+xmpBTropdAMSUDezJ9TUc/XM=
4,-7,cevhU1eYknNabY2W3hvSVInL50k=,Re+xmpBTropdAMSUDezJ9TUc/XM=
3,-7,cevhU1eYknNabY2W3hvSVInL50k=,Re+xmpBTropdAMSUDezJ9TUc/XM=
8,-2,cevhU1eYknNabY2W3hvSVInL50k=,271hMvpYq3b1ftUdRTjeQ+jmOH4=
2,-7,cevhU1eYknNabY2W3hvSVInL50k=,Re+xmpBTropdAMSUDezJ9TUc/XM=
2,-8,cevhU1eYknNabY2W3hvSVInL50k=,Re+xmpBTropdAMSUDezJ9TUc/XM=
8,-6,cevhU1eYknNabY2W3hvSVInL50k=,271hMvpYq3b1ftUdRTjeQ+jmOH4=
3,-8,cevhU1eYknNabY2W3hvSVInL50k=,Re+xmpBTropdAMSUDezJ9TUc/XM=
7,-1,cevhU1eYknNabY2W3hvSVInL50k=,Re+xmpBTropdAMSUDezJ9TUc/XM=
1,-7,cevhU1eYknNabY2W3hvSVInL50k=,Re+xmpBTropdAMSUDezJ9TUc/XM=
7,-2,cevhU1eYknNabY2W3hvSVInL50k=,Re+xmpBTropdAMSUDezJ9TUc/XM=
0,-7,cevhU1eYknNabY2W3hvSVInL50k=,Re+xmpBTropdAMSUDezJ9TUc/XM=
8,-4,cevhU1eYknNabY2W3hvSVInL50k=,271hMvpYq3b1ftUdRTjeQ+jmOH4=
0,-1,cevhU1eYknNabY2W3hvSVInL50k=,Re+xmpBTropdAMSUDezJ9TUc/XM=
4,-8,cevhU1eYknNabY2W3hvSVInL50k=,Re+xmpBTropdAMSUDezJ9TUc/XM=
6,-1,cevhU1eYknNabY2W3hvSVInL50k=,Re+xmpBTropdAMSUDezJ9TUc/XM=
7,-8,cevhU1eYknNabY2W3hvSVInL50k=,Re+xmpBTropdAMSUDezJ9TUc/XM=
5,-1,cevhU1eYknNabY2W3hvSVInL50k=,Re+xmpBTropdAMSUDezJ9TUc/XM=
6,-8,cevhU1eYknNabY2W3hvSVInL50k=,Re+xmpBTropdAMSUDezJ9TUc/XM=
5,-8,cevhU1eYknNabY2W3hvSVInL50k=,Re+xmpBTropdAMSUDezJ9TUc/XM=
4,-1,cevhU1eYknNabY2W3hvSVInL50k=,Re+xmpBTropdAMSUDezJ9TUc/XM=
1,-1,cevhU1eYknNabY2W3hvSVInL50k=,Re+xmpBTropdAMSUDezJ9TUc/XM=
3,-1,cevhU1eYknNabY2W3hvSVInL50k=,Re+xmpBTropdAMSUDezJ9TUc/XM=
2,-1,cevhU1eYknNabY2W3hvSVInL50k=,Re+xmpBTropdAMSUDezJ9TUc/XM=
3,-19,PZbuv+e9UFM1wH0l9fFg2h/bFxQ=,fenCyNWarax0OhZrgTe191I5H0E=
4,-19,PZbuv+e9UFM1wH0l9fFg2h/bFxQ=,fenCyNWarax0OhZrgTe191I5H0E=
2,-19,7OZH7LXN9GsPj7i0O40LAvg5zoY=,fenCyNWarax0OhZrgTe191I5H0E=
1,-19,7OZH7LXN9GsPj7i0O40LAvg5zoY=,fenCyNWarax0OhZrgTe191I5H0E=
0,-19,7OZH7LXN9GsPj7i0O40LAvg5zoY=,fenCyNWarax0OhZrgTe191I5H0E=
7,-20,7OZH7LXN9GsPj7i0O40LAvg5zoY=,fenCyNWarax0OhZrgTe191I5H0E=
6,-20,7OZH7LXN9GsPj7i0O40LAvg5zoY=,fenCyNWarax0OhZrgTe191I5H0E=
5,-20,7OZH7LXN9GsPj7i0O40LAvg5zoY=,fenCyNWarax0OhZrgTe191I5H0E=
4,-20,7OZH7LXN9GsPj7i0O40LAvg5zoY=,fenCyNWarax0OhZrgTe191I5H0E=
3,-20,7OZH7LXN9GsPj7i0O40LAvg5zoY=,fenCyNWarax0OhZrgTe191I5H0E=
2,-20,7OZH7LXN9GsPj7i0O40LAvg5zoY=,fenCyNWarax0OhZrgTe191I5H0E=
1,-20,7OZH7LXN9GsPj7i0O40LAvg5zoY=,fenCyNWarax0OhZrgTe191I5H0E=
1,-17,7OZH7LXN9GsPj7i0O40LAvg5zoY=,fenCyNWarax0OhZrgTe191I5H0E=
2,-17,7OZH7LXN9GsPj7i0O40LAvg5zoY=,fenCyNWarax0OhZrgTe191I5H0E=
3,-17,7OZH7LXN9GsPj7i0O40LAvg5zoY=,fenCyNWarax0OhZrgTe191I5H0E=
4,-17,7OZH7LXN9GsPj7i0O40LAvg5zoY=,fenCyNWarax0OhZrgTe191I5H0E=
5,-17,7OZH7LXN9GsPj7i0O40LAvg5zoY=,fenCyNWarax0OhZrgTe191I5H0E=
6,-17,7OZH7LXN9GsPj7i0O40LAvg5zoY=,fenCyNWarax0OhZrgTe191I5H0E=
7,-21,7OZH7LXN9GsPj7i0O40LAvg5zoY=,fenCyNWarax0OhZrgTe191I5H0E=
0,-20,7OZH7LXN9GsPj7i0O40LAvg5zoY=,fenCyNWarax0OhZrgTe191I5H0E=
6,-21,7OZH7LXN9GsPj7i0O40LAvg5zoY=,fenCyNWarax0OhZrgTe191I5H0E=
5,-21,7OZH7LXN9GsPj7i0O40LAvg5zoY=,fenCyNWarax0OhZrgTe191I5H0E=
4,-21,7OZH7LXN9GsPj7i0O40LAvg5zoY=,fenCyNWarax0OhZrgTe191I5H0E=
3,-21,7OZH7LXN9GsPj7i0O40LAvg5zoY=,fenCyNWarax0OhZrgTe191I5H0E=
2,-21,7OZH7LXN9GsPj7i0O40LAvg5zoY=,fenCyNWarax0OhZrgTe191I5H0E=
0,-21,7OZH7LXN9GsPj7i0O40LAvg5zoY=,fenCyNWarax0OhZrgTe191I5H0E=
7,-22,7OZH7LXN9GsPj7i0O40LAvg5zoY=,fenCyNWarax0OhZrgTe191I5H0E=
1,-21,7OZH7LXN9GsPj7i0O40LAvg5zoY=,fenCyNWarax0OhZrgTe191I5H0E=
6,-22,7OZH7LXN9GsPj7i0O40LAvg5zoY=,fenCyNWarax0OhZrgTe191I5H0E=
5,-22,7OZH7LXN9GsPj7i0O40LAvg5zoY=,fenCyNWarax0OhZrgTe191I5H0E=
4,-22,7OZH7LXN9GsPj7i0O40LAvg5zoY=,fenCyNWarax0OhZrgTe191I5H0E=
3,-22,7OZH7LXN9GsPj7i0O40LAvg5zoY=,fenCyNWarax0OhZrgTe191I5H0E=
2,-22,7OZH7LXN9GsPj7i0O40LAvg5zoY=,fenCyNWarax0OhZrgTe191I5H0E=
1,-22,7OZH7LXN9GsPj7i0O40LAvg5zoY=,fenCyNWarax0OhZrgTe191I5H0E=
0,-22,7OZH7LXN9GsPj7i0O40LAvg5zoY=,fenCyNWarax0OhZrgTe191I5H0E=
7,-23,7OZH7LXN9GsPj7i0O40LAvg5zoY=,fenCyNWarax0OhZrgTe191I5H0E=
7,-17,7OZH7LXN9GsPj7i0O40LAvg5zoY=,fenCyNWarax0OhZrgTe191I5H0E=
5,-23,7OZH7LXN9GsPj7i0O40LAvg5zoY=,fenCyNWarax0OhZrgTe191I5H0E=
6,-23,7OZH7LXN9GsPj7i0O40LAvg5zoY=,fenCyNWarax0OhZrgTe191I5H0E=
0,-17,7OZH7LXN9GsPj7i0O40LAvg5zoY=,fenCyNWarax0OhZrgTe191I5H0E=
4,-23,7OZH7LXN9GsPj7i0O40LAvg5zoY=,fenCyNWarax0OhZrgTe191I5H0E=
3,-23,7OZH7LXN9GsPj7i0O40LAvg5zoY=,fenCyNWarax0OhZrgTe191I5H0E=
2,-23,7OZH7LXN9GsPj7i0O40LAvg5zoY=,fenCyNWarax0OhZrgTe191I5H0E=
1,-23,7OZH7LXN9GsPj7i0O40LAvg5zoY=,fenCyNWarax0OhZrgTe191I5H0E=
6,-18,7OZH7LXN9GsPj7i0O40LAvg5zoY=,fenCyNWarax0OhZrgTe191I5H0E=
7,-18,7OZH7LXN9GsPj7i0O40LAvg5zoY=,fenCyNWarax0OhZrgTe191I5H0E=
0,-23,7OZH7LXN9GsPj7i0O40LAvg5zoY=,fenCyNWarax0OhZrgTe191I5H0E=
5,-18,7OZH7LXN9GsPj7i0O40LAvg5zoY=,fenCyNWarax0OhZrgTe191I5H0E=
4,-18,7OZH7LXN9GsPj7i0O40LAvg5zoY=,fenCyNWarax0OhZrgTe191I5H0E=
3,-18,7OZH7LXN9GsPj7i0O40LAvg5zoY=,fenCyNWarax0OhZrgTe191I5H0E=
2,-18,7OZH7LXN9GsPj7i0O40LAvg5zoY=,fenCyNWarax0OhZrgTe191I5H0E=
1,-18,7OZH7LXN9GsPj7i0O40LAvg5zoY=,fenCyNWarax0OhZrgTe191I5H0E=
0,-18,7OZH7LXN9GsPj7i0O40LAvg5zoY=,fenCyNWarax0OhZrgTe191I5H0E=
7,-19,7OZH7LXN9GsPj7i0O40LAvg5zoY=,fenCyNWarax0OhZrgTe191I5H0E=
6,-19,7OZH7LXN9GsPj7i0O40LAvg5zoY=,fenCyNWarax0OhZrgTe191I5H0E=
3,-29,7OZH7LXN9GsPj7i0O40LAvg5zoY=,LpA7STFvwaNBaiN0mOXxz1KctS8=
6,-30,7OZH7LXN9GsPj7i0O40LAvg5zoY=,LpA7STFvwaNBaiN0mOXxz1KctS8=
7,-25,7OZH7LXN9GsPj7i0O40LAvg5zoY=,LpA7STFvwaNBaiN0mOXxz1KctS8=
5,-19,7OZH7LXN9GsPj7i0O40LAvg5zoY=,fenCyNWarax0OhZrgTe191I5H0E=
7,-30,7OZH7LXN9GsPj7i0O40LAvg5zoY=,LpA7STFvwaNBaiN0mOXxz1KctS8=
2,-29,7OZH7LXN9GsPj7i0O40LAvg5zoY=,LpA7STFvwaNBaiN0mOXxz1KctS8=
6,-25,7OZH7LXN9GsPj7i0O40LAvg5zoY=,LpA7STFvwaNBaiN0mOXxz1KctS8=
0,-29,7OZH7LXN9GsPj7i0O40LAvg5zoY=,LpA7STFvwaNBaiN0mOXxz1KctS8=
1,-29,7OZH7LXN9GsPj7i0O40LAvg5zoY=,LpA7STFvwaNBaiN0mOXxz1KctS8=
7,-31,7OZH7LXN9GsPj7i0O40LAvg5zoY=,LpA7STFvwaNBaiN0mOXxz1KctS8=
5,-25,7OZH7LXN9GsPj7i0O40LAvg5zoY=,LpA7STFvwaNBaiN0mOXxz1KctS8=
5,-30,7OZH7LXN9GsPj7i0O40LAvg5zoY=,LpA7STFvwaNBaiN0mOXxz1KctS8=
4,-25,7OZH7LXN9GsPj7i0O40LAvg5zoY=,LpA7STFvwaNBaiN0mOXxz1KctS8=
3,-25,7OZH7LXN9GsPj7i0O40LAvg5zoY=,LpA7STFvwaNBaiN0mOXxz1KctS8=
2,-25,7OZH7LXN9GsPj7i0O40LAvg5zoY=,LpA7STFvwaNBaiN0mOXxz1KctS8=
1,-25,7OZH7LXN9GsPj7i0O40LAvg5zoY=,LpA7STFvwaNBaiN0mOXxz1KctS8=
0,-25,7OZH7LXN9GsPj7i0O40LAvg5zoY=,LpA7STFvwaNBaiN0mOXxz1KctS8=
3,-32,7OZH7LXN9GsPj7i0O40LAvg5zoY=,LpA7STFvwaNBaiN0mOXxz1KctS8=
7,-26,7OZH7LXN9GsPj7i0O40LAvg5zoY=,LpA7STFvwaNBaiN0mOXxz1KctS8=
6,-26,7OZH7LXN9GsPj7i0O40LAvg5zoY=,LpA7STFvwaNBaiN0mOXxz1KctS8=
5,-26,7OZH7LXN9GsPj7i0O40LAvg5zoY=,LpA7STFvwaNBaiN0mOXxz1KctS8=
4,-26,7OZH7LXN9GsPj7i0O40LAvg5zoY=,LpA7STFvwaNBaiN0mOXxz1KctS8=
3,-26,7OZH7LXN9GsPj7i0O40LAvg5zoY=,LpA7STFvwaNBaiN0mOXxz1KctS8=
2,-26,7OZH7LXN9GsPj7i0O40LAvg5zoY=,LpA7STFvwaNBaiN0mOXxz1KctS8=
1,-26,7OZH7LXN9GsPj7i0O40LAvg5zoY=,LpA7STFvwaNBaiN0mOXxz1KctS8=
6,-31,7OZH7LXN9GsPj7i0O40LAvg5zoY=,LpA7STFvwaNBaiN0mOXxz1KctS8=
4,-30,7OZH7LXN9GsPj7i0O40LAvg5zoY=,LpA7STFvwaNBaiN0mOXxz1KctS8=
0,-26,7OZH7LXN9GsPj7i0O40LAvg5zoY=,LpA7STFvwaNBaiN0mOXxz1KctS8=
7,-27,7OZH7LXN9GsPj7i0O40LAvg5zoY=,LpA7STFvwaNBaiN0mOXxz1KctS8=
5,-27,7OZH7LXN9GsPj7i0O40LAvg5zoY=,LpA7STFvwaNBaiN0mOXxz1KctS8=
6,-27,7OZH7LXN9GsPj7i0O40LAvg5zoY=,LpA7STFvwaNBaiN0mOXxz1KctS8=
4,-27,7OZH7LXN9GsPj7i0O40LAvg5zoY=,LpA7STFvwaNBaiN0mOXxz1KctS8=
3,-27,7OZH7LXN9GsPj7i0O40LAvg5zoY=,LpA7STFvwaNBaiN0mOXxz1KctS8=
2,-27,7OZH7LXN9GsPj7i0O40LAvg5zoY=,LpA7STFvwaNBaiN0mOXxz1KctS8=
5,-31,7OZH7LXN9GsPj7i0O40LAvg5zoY=,LpA7STFvwaNBaiN0mOXxz1KctS8=
0,-32,7OZH7LXN9GsPj7i0O40LAvg5zoY=,LpA7STFvwaNBaiN0mOXxz1KctS8=
0,-24,7OZH7LXN9GsPj7i0O40LAvg5zoY=,fenCyNWarax0OhZrgTe191I5H0E=
1,-24,7OZH7LXN9GsPj7i0O40LAvg5zoY=,fenCyNWarax0OhZrgTe191I5H0E=
5,-29,7OZH7LXN9GsPj7i0O40LAvg5zoY=,LpA7STFvwaNBaiN0mOXxz1KctS8=
4,-29,7OZH7LXN9GsPj7i0O40LAvg5zoY=,LpA7STFvwaNBaiN0mOXxz1KctS8=
0,-30,7OZH7LXN9GsPj7i0O40LAvg5zoY=,LpA7STFvwaNBaiN0mOXxz1KctS8=
6,-29,7OZH7LXN9GsPj7i0O40LAvg5zoY=,LpA7STFvwaNBaiN0mOXxz1KctS8=
7,-29,7OZH7LXN9GsPj7i0O40LAvg5zoY=,LpA7STFvwaNBaiN0mOXxz1KctS8=
1,-31,7OZH7LXN9GsPj7i0O40LAvg5zoY=,LpA7STFvwaNBaiN0mOXxz1KctS8=
1,-27,7OZH7LXN9GsPj7i0O40LAvg5zoY=,LpA7STFvwaNBaiN0mOXxz1KctS8=
2,-32,7OZH7LXN9GsPj7i0O40LAvg5zoY=,LpA7STFvwaNBaiN0mOXxz1KctS8=
0,-31,7OZH7LXN9GsPj7i0O40LAvg5zoY=,LpA7STFvwaNBaiN0mOXxz1KctS8=
0,-27,7OZH7LXN9GsPj7i0O40LAvg5zoY=,LpA7STFvwaNBaiN0mOXxz1KctS8=
7,-32,7OZH7LXN9GsPj7i0O40LAvg5zoY=,LpA7STFvwaNBaiN0mOXxz1KctS8=
3,-30,7OZH7LXN9GsPj7i0O40LAvg5zoY=,LpA7STFvwaNBaiN0mOXxz1KctS8=
5,-32,7OZH7LXN9GsPj7i0O40LAvg5zoY=,LpA7STFvwaNBaiN0mOXxz1KctS8=
0,-28,7OZH7LXN9GsPj7i0O40LAvg5zoY=,LpA7STFvwaNBaiN0mOXxz1KctS8=
6,-32,7OZH7LXN9GsPj7i0O40LAvg5zoY=,LpA7STFvwaNBaiN0mOXxz1KctS8=
2,-30,7OZH7LXN9GsPj7i0O40LAvg5zoY=,LpA7STFvwaNBaiN0mOXxz1KctS8=
2,-31,7OZH7LXN9GsPj7i0O40LAvg5zoY=,LpA7STFvwaNBaiN0mOXxz1KctS8=
4,-32,7OZH7LXN9GsPj7i0O40LAvg5zoY=,LpA7STFvwaNBaiN0mOXxz1KctS8=
7,-28,7OZH7LXN9GsPj7i0O40LAvg5zoY=,LpA7STFvwaNBaiN0mOXxz1KctS8=
4,-31,7OZH7LXN9GsPj7i0O40LAvg5zoY=,LpA7STFvwaNBaiN0mOXxz1KctS8=
6,-28,7OZH7LXN9GsPj7i0O40LAvg5zoY=,LpA7STFvwaNBaiN0mOXxz1KctS8=
7,-24,7OZH7LXN9GsPj7i0O40LAvg5zoY=,fenCyNWarax0OhZrgTe191I5H0E=
5,-28,7OZH7LXN9GsPj7i0O40LAvg5zoY=,LpA7STFvwaNBaiN0mOXxz1KctS8=
4,-28,7OZH7LXN9GsPj7i0O40LAvg5zoY=,LpA7STFvwaNBaiN0mOXxz1KctS8=
6,-24,7OZH7LXN9GsPj7i0O40LAvg5zoY=,fenCyNWarax0OhZrgTe191I5H0E=
5,-24,7OZH7LXN9GsPj7i0O40LAvg5zoY=,fenCyNWarax0OhZrgTe191I5H0E=
3,-28,7OZH7LXN9GsPj7i0O40LAvg5zoY=,LpA7STFvwaNBaiN0mOXxz1KctS8=
4,-24,7OZH7LXN9GsPj7i0O40LAvg5zoY=,fenCyNWarax0OhZrgTe191I5H0E=
3,-24,7OZH7LXN9GsPj7i0O40LAvg5zoY=,fenCyNWarax0OhZrgTe191I5H0E=
2,-28,7OZH7LXN9GsPj7i0O40LAvg5zoY=,LpA7STFvwaNBaiN0mOXxz1KctS8=
2,-24,7OZH7LXN9GsPj7i0O40LAvg5zoY=,fenCyNWarax0OhZrgTe191I5H0E=
3,-31,7OZH7LXN9GsPj7i0O40LAvg5zoY=,LpA7STFvwaNBaiN0mOXxz1KctS8=
1,-28,7OZH7LXN9GsPj7i0O40LAvg5zoY=,LpA7STFvwaNBaiN0mOXxz1KctS8=
1,-30,7OZH7LXN9GsPj7i0O40LAvg5zoY=,LpA7STFvwaNBaiN0mOXxz1KctS8=
1,-32,7OZH7LXN9GsPj7i0O40LAvg5zoY=,LpA7STFvwaNBaiN0mOXxz1KctS8=
