36,13,ui2wE8fRvd35RPa8ZuWUQOybqQU=,1k3wg1CGwMdw3jWq81+5hAABaPM=
35,13,ui2wE8fRvd35RPa8ZuWUQOybqQU=,1k3wg1CGwMdw3jWq81+5hAABaPM=
34,13,ui2wE8fRvd35RPa8ZuWUQOybqQU=,1k3wg1CGwMdw3jWq81+5hAABaPM=
33,13,ui2wE8fRvd35RPa8ZuWUQOybqQU=,1k3wg1CGwMdw3jWq81+5hAABaPM=
32,13,ui2wE8fRvd35RPa8ZuWUQOybqQU=,1k3wg1CGwMdw3jWq81+5hAABaPM=
39,12,ui2wE8fRvd35RPa8ZuWUQOybqQU=,1k3wg1CGwMdw3jWq81+5hAABaPM=
38,12,ui2wE8fRvd35RPa8ZuWUQOybqQU=,1k3wg1CGwMdw3jWq81+5hAABaPM=
37,12,ui2wE8fRvd35RPa8ZuWUQOybqQU=,1k3wg1CGwMdw3jWq81+5hAABaPM=
36,12,ui2wE8fRvd35RPa8ZuWUQOybqQU=,1k3wg1CGwMdw3jWq81+5hAABaPM=
35,12,ui2wE8fRvd35RPa8ZuWUQOybqQU=,1k3wg1CGwMdw3jWq81+5hAABaPM=
34,12,8CpMTauhO7P1DdRs8MYyy9XDENo=,1k3wg1CGwMdw3jWq81+5hAABaPM=
39,11,1owdwuaOq1fvWWfMireL0yqei6U=,1k3wg1CGwMdw3jWq81+5hAABaPM=
32,12,1owdwuaOq1fvWWfMireL0yqei6U=,1k3wg1CGwMdw3jWq81+5hAABaPM=
33,12,1owdwuaOq1fvWWfMireL0yqei6U=,1k3wg1CGwMdw3jWq81+5hAABaPM=
38,11,1owdwuaOq1fvWWfMireL0yqei6U=,1k3wg1CGwMdw3jWq81+5hAABaPM=
37,11,1owdwuaOq1fvWWfMireL0yqei6U=,1k3wg1CGwMdw3jWq81+5hAABaPM=
35,11,1owdwuaOq1fvWWfMireL0yqei6U=,1k3wg1CGwMdw3jWq81+5hAABaPM=
36,11,1owdwuaOq1fvWWfMireL0yqei6U=,1k3wg1CGwMdw3jWq81+5hAABaPM=
34,11,rCA0P9K0ZGrjYmbmaXsbvPvpeU0=,1k3wg1CGwMdw3jWq81+5hAABaPM=
33,11,rCA0P9K0ZGrjYmbmaXsbvPvpeU0=,1k3wg1CGwMdw3jWq81+5hAABaPM=
32,11,rCA0P9K0ZGrjYmbmaXsbvPvpeU0=,1k3wg1CGwMdw3jWq81+5hAABaPM=
39,10,rCA0P9K0ZGrjYmbmaXsbvPvpeU0=,1k3wg1CGwMdw3jWq81+5hAABaPM=
38,10,rCA0P9K0ZGrjYmbmaXsbvPvpeU0=,1k3wg1CGwMdw3jWq81+5hAABaPM=
37,10,rCA0P9K0ZGrjYmbmaXsbvPvpeU0=,1k3wg1CGwMdw3jWq81+5hAABaPM=
36,10,rCA0P9K0ZGrjYmbmaXsbvPvpeU0=,1k3wg1CGwMdw3jWq81+5hAABaPM=
35,10,rCA0P9K0ZGrjYmbmaXsbvPvpeU0=,1k3wg1CGwMdw3jWq81+5hAABaPM=
34,10,rCA0P9K0ZGrjYmbmaXsbvPvpeU0=,1k3wg1CGwMdw3jWq81+5hAABaPM=
33,10,rCA0P9K0ZGrjYmbmaXsbvPvpeU0=,1k3wg1CGwMdw3jWq81+5hAABaPM=
32,10,rCA0P9K0ZGrjYmbmaXsbvPvpeU0=,1k3wg1CGwMdw3jWq81+5hAABaPM=
39,9,rCA0P9K0ZGrjYmbmaXsbvPvpeU0=,1k3wg1CGwMdw3jWq81+5hAABaPM=
38,9,rCA0P9K0ZGrjYmbmaXsbvPvpeU0=,1k3wg1CGwMdw3jWq81+5hAABaPM=
37,9,rCA0P9K0ZGrjYmbmaXsbvPvpeU0=,1k3wg1CGwMdw3jWq81+5hAABaPM=
36,9,rCA0P9K0ZGrjYmbmaXsbvPvpeU0=,1k3wg1CGwMdw3jWq81+5hAABaPM=
35,9,rCA0P9K0ZGrjYmbmaXsbvPvpeU0=,1k3wg1CGwMdw3jWq81+5hAABaPM=
34,9,rCA0P9K0ZGrjYmbmaXsbvPvpeU0=,1k3wg1CGwMdw3jWq81+5hAABaPM=
33,9,rCA0P9K0ZGrjYmbmaXsbvPvpeU0=,1k3wg1CGwMdw3jWq81+5hAABaPM=
39,14,rCA0P9K0ZGrjYmbmaXsbvPvpeU0=,1k3wg1CGwMdw3jWq81+5hAABaPM=
38,14,rCA0P9K0ZGrjYmbmaXsbvPvpeU0=,1k3wg1CGwMdw3jWq81+5hAABaPM=
37,14,rCA0P9K0ZGrjYmbmaXsbvPvpeU0=,1k3wg1CGwMdw3jWq81+5hAABaPM=
36,14,rCA0P9K0ZGrjYmbmaXsbvPvpeU0=,1k3wg1CGwMdw3jWq81+5hAABaPM=
35,14,rCA0P9K0ZGrjYmbmaXsbvPvpeU0=,1k3wg1CGwMdw3jWq81+5hAABaPM=
34,14,rCA0P9K0ZGrjYmbmaXsbvPvpeU0=,1k3wg1CGwMdw3jWq81+5hAABaPM=
33,14,rCA0P9K0ZGrjYmbmaXsbvPvpeU0=,1k3wg1CGwMdw3jWq81+5hAABaPM=
32,14,rCA0P9K0ZGrjYmbmaXsbvPvpeU0=,1k3wg1CGwMdw3jWq81+5hAABaPM=
39,13,rCA0P9K0ZGrjYmbmaXsbvPvpeU0=,1k3wg1CGwMdw3jWq81+5hAABaPM=
38,13,rCA0P9K0ZGrjYmbmaXsbvPvpeU0=,1k3wg1CGwMdw3jWq81+5hAABaPM=
32,9,rCA0P9K0ZGrjYmbmaXsbvPvpeU0=,1k3wg1CGwMdw3jWq81+5hAABaPM=
37,13,rCA0P9K0ZGrjYmbmaXsbvPvpeU0=,1k3wg1CGwMdw3jWq81+5hAABaPM=
39,15,rCA0P9K0ZGrjYmbmaXsbvPvpeU0=,1k3wg1CGwMdw3jWq81+5hAABaPM=
33,15,rCA0P9K0ZGrjYmbmaXsbvPvpeU0=,1k3wg1CGwMdw3jWq81+5hAABaPM=
34,15,rCA0P9K0ZGrjYmbmaXsbvPvpeU0=,1k3wg1CGwMdw3jWq81+5hAABaPM=
35,15,rCA0P9K0ZGrjYmbmaXsbvPvpeU0=,1k3wg1CGwMdw3jWq81+5hAABaPM=
36,15,rCA0P9K0ZGrjYmbmaXsbvPvpeU0=,1k3wg1CGwMdw3jWq81+5hAABaPM=
38,15,rCA0P9K0ZGrjYmbmaXsbvPvpeU0=,1k3wg1CGwMdw3jWq81+5hAABaPM=
37,15,rCA0P9K0ZGrjYmbmaXsbvPvpeU0=,1k3wg1CGwMdw3jWq81+5hAABaPM=
32,15,rCA0P9K0ZGrjYmbmaXsbvPvpeU0=,1k3wg1CGwMdw3jWq81+5hAABaPM=
44,3,rCA0P9K0ZGrjYmbmaXsbvPvpeU0=,rEcuj3JeLMFw6R4rG0/MJNhMd/M=
45,3,rCA0P9K0ZGrjYmbmaXsbvPvpeU0=,rEcuj3JeLMFw6R4rG0/MJNhMd/M=
46,3,rCA0P9K0ZGrjYmbmaXsbvPvpeU0=,rEcuj3JeLMFw6R4rG0/MJNhMd/M=
47,7,rCA0P9K0ZGrjYmbmaXsbvPvpeU0=,rEcuj3JeLMFw6R4rG0/MJNhMd/M=
46,7,rCA0P9K0ZGrjYmbmaXsbvPvpeU0=,rEcuj3JeLMFw6R4rG0/MJNhMd/M=
47,3,rCA0P9K0ZGrjYmbmaXsbvPvpeU0=,rEcuj3JeLMFw6R4rG0/MJNhMd/M=
43,3,rCA0P9K0ZGrjYmbmaXsbvPvpeU0=,rEcuj3JeLMFw6R4rG0/MJNhMd/M=
41,4,rCA0P9K0ZGrjYmbmaXsbvPvpeU0=,rEcuj3JeLMFw6R4rG0/MJNhMd/M=
42,4,rCA0P9K0ZGrjYmbmaXsbvPvpeU0=,rEcuj3JeLMFw6R4rG0/MJNhMd/M=
45,7,rCA0P9K0ZGrjYmbmaXsbvPvpeU0=,rEcuj3JeLMFw6R4rG0/MJNhMd/M=
43,4,rCA0P9K0ZGrjYmbmaXsbvPvpeU0=,rEcuj3JeLMFw6R4rG0/MJNhMd/M=
44,4,rCA0P9K0ZGrjYmbmaXsbvPvpeU0=,rEcuj3JeLMFw6R4rG0/MJNhMd/M=
45,4,rCA0P9K0ZGrjYmbmaXsbvPvpeU0=,rEcuj3JeLMFw6R4rG0/MJNhMd/M=
42,3,rCA0P9K0ZGrjYmbmaXsbvPvpeU0=,rEcuj3JeLMFw6R4rG0/MJNhMd/M=
46,4,rCA0P9K0ZGrjYmbmaXsbvPvpeU0=,rEcuj3JeLMFw6R4rG0/MJNhMd/M=
44,7,rCA0P9K0ZGrjYmbmaXsbvPvpeU0=,rEcuj3JeLMFw6R4rG0/MJNhMd/M=
47,4,rCA0P9K0ZGrjYmbmaXsbvPvpeU0=,rEcuj3JeLMFw6R4rG0/MJNhMd/M=
41,5,rCA0P9K0ZGrjYmbmaXsbvPvpeU0=,rEcuj3JeLMFw6R4rG0/MJNhMd/M=
42,5,rCA0P9K0ZGrjYmbmaXsbvPvpeU0=,rEcuj3JeLMFw6R4rG0/MJNhMd/M=
43,5,rCA0P9K0ZGrjYmbmaXsbvPvpeU0=,rEcuj3JeLMFw6R4rG0/MJNhMd/M=
44,5,rCA0P9K0ZGrjYmbmaXsbvPvpeU0=,rEcuj3JeLMFw6R4rG0/MJNhMd/M=
45,5,rCA0P9K0ZGrjYmbmaXsbvPvpeU0=,rEcuj3JeLMFw6R4rG0/MJNhMd/M=
46,5,rCA0P9K0ZGrjYmbmaXsbvPvpeU0=,rEcuj3JeLMFw6R4rG0/MJNhMd/M=
47,5,rCA0P9K0ZGrjYmbmaXsbvPvpeU0=,rEcuj3JeLMFw6R4rG0/MJNhMd/M=
41,0,rCA0P9K0ZGrjYmbmaXsbvPvpeU0=,rEcuj3JeLMFw6R4rG0/MJNhMd/M=
41,6,rCA0P9K0ZGrjYmbmaXsbvPvpeU0=,rEcuj3JeLMFw6R4rG0/MJNhMd/M=
42,6,rCA0P9K0ZGrjYmbmaXsbvPvpeU0=,rEcuj3JeLMFw6R4rG0/MJNhMd/M=
41,3,rCA0P9K0ZGrjYmbmaXsbvPvpeU0=,rEcuj3JeLMFw6R4rG0/MJNhMd/M=
43,7,rCA0P9K0ZGrjYmbmaXsbvPvpeU0=,rEcuj3JeLMFw6R4rG0/MJNhMd/M=
47,2,rCA0P9K0ZGrjYmbmaXsbvPvpeU0=,rEcuj3JeLMFw6R4rG0/MJNhMd/M=
42,0,rCA0P9K0ZGrjYmbmaXsbvPvpeU0=,rEcuj3JeLMFw6R4rG0/MJNhMd/M=
43,0,rCA0P9K0ZGrjYmbmaXsbvPvpeU0=,rEcuj3JeLMFw6R4rG0/MJNhMd/M=
43,6,rCA0P9K0ZGrjYmbmaXsbvPvpeU0=,rEcuj3JeLMFw6R4rG0/MJNhMd/M=
42,7,rCA0P9K0ZGrjYmbmaXsbvPvpeU0=,rEcuj3JeLMFw6R4rG0/MJNhMd/M=
44,0,rCA0P9K0ZGrjYmbmaXsbvPvpeU0=,rEcuj3JeLMFw6R4rG0/MJNhMd/M=
46,2,rCA0P9K0ZGrjYmbmaXsbvPvpeU0=,rEcuj3JeLMFw6R4rG0/MJNhMd/M=
45,0,rCA0P9K0ZGrjYmbmaXsbvPvpeU0=,rEcuj3JeLMFw6R4rG0/MJNhMd/M=
45,2,rCA0P9K0ZGrjYmbmaXsbvPvpeU0=,rEcuj3JeLMFw6R4rG0/MJNhMd/M=
44,2,rCA0P9K0ZGrjYmbmaXsbvPvpeU0=,rEcuj3JeLMFw6R4rG0/MJNhMd/M=
46,0,rCA0P9K0ZGrjYmbmaXsbvPvpeU0=,rEcuj3JeLMFw6R4rG0/MJNhMd/M=
44,6,rCA0P9K0ZGrjYmbmaXsbvPvpeU0=,rEcuj3JeLMFw6R4rG0/MJNhMd/M=
43,2,rCA0P9K0ZGrjYmbmaXsbvPvpeU0=,rEcuj3JeLMFw6R4rG0/MJNhMd/M=
47,0,rCA0P9K0ZGrjYmbmaXsbvPvpeU0=,rEcuj3JeLMFw6R4rG0/MJNhMd/M=
41,1,rCA0P9K0ZGrjYmbmaXsbvPvpeU0=,rEcuj3JeLMFw6R4rG0/MJNhMd/M=
42,1,rCA0P9K0ZGrjYmbmaXsbvPvpeU0=,rEcuj3JeLMFw6R4rG0/MJNhMd/M=
43,1,rCA0P9K0ZGrjYmbmaXsbvPvpeU0=,rEcuj3JeLMFw6R4rG0/MJNhMd/M=
44,1,rCA0P9K0ZGrjYmbmaXsbvPvpeU0=,rEcuj3JeLMFw6R4rG0/MJNhMd/M=
45,6,rCA0P9K0ZGrjYmbmaXsbvPvpeU0=,rEcuj3JeLMFw6R4rG0/MJNhMd/M=
46,6,rCA0P9K0ZGrjYmbmaXsbvPvpeU0=,rEcuj3JeLMFw6R4rG0/MJNhMd/M=
47,6,rCA0P9K0ZGrjYmbmaXsbvPvpeU0=,rEcuj3JeLMFw6R4rG0/MJNhMd/M=
45,1,rCA0P9K0ZGrjYmbmaXsbvPvpeU0=,rEcuj3JeLMFw6R4rG0/MJNhMd/M=
46,1,rCA0P9K0ZGrjYmbmaXsbvPvpeU0=,rEcuj3JeLMFw6R4rG0/MJNhMd/M=
47,1,rCA0P9K0ZGrjYmbmaXsbvPvpeU0=,rEcuj3JeLMFw6R4rG0/MJNhMd/M=
41,2,rCA0P9K0ZGrjYmbmaXsbvPvpeU0=,rEcuj3JeLMFw6R4rG0/MJNhMd/M=
41,7,rCA0P9K0ZGrjYmbmaXsbvPvpeU0=,rEcuj3JeLMFw6R4rG0/MJNhMd/M=
42,2,rCA0P9K0ZGrjYmbmaXsbvPvpeU0=,rEcuj3JeLMFw6R4rG0/MJNhMd/M=
35,7,rCA0P9K0ZGrjYmbmaXsbvPvpeU0=,eHi+S2F3UDsLryP+9WVX2FMrR4M=
37,5,rCA0P9K0ZGrjYmbmaXsbvPvpeU0=,eHi+S2F3UDsLryP+9WVX2FMrR4M=
38,4,rCA0P9K0ZGrjYmbmaXsbvPvpeU0=,eHi+S2F3UDsLryP+9WVX2FMrR4M=
40,3,rCA0P9K0ZGrjYmbmaXsbvPvpeU0=,rEcuj3JeLMFw6R4rG0/MJNhMd/M=
36,7,rCA0P9K0ZGrjYmbmaXsbvPvpeU0=,eHi+S2F3UDsLryP+9WVX2FMrR4M=
38,3,rCA0P9K0ZGrjYmbmaXsbvPvpeU0=,eHi+S2F3UDsLryP+9WVX2FMrR4M=
37,7,rCA0P9K0ZGrjYmbmaXsbvPvpeU0=,eHi+S2F3UDsLryP+9WVX2FMrR4M=
38,7,rCA0P9K0ZGrjYmbmaXsbvPvpeU0=,eHi+S2F3UDsLryP+9WVX2FMrR4M=
32,2,rCA0P9K0ZGrjYmbmaXsbvPvpeU0=,eHi+S2F3UDsLryP+9WVX2FMrR4M=
39,1,rCA0P9K0ZGrjYmbmaXsbvPvpeU0=,eHi+S2F3UDsLryP+9WVX2FMrR4M=
33,3,rCA0P9K0ZGrjYmbmaXsbvPvpeU0=,eHi+S2F3UDsLryP+9WVX2FMrR4M=
34,7,rCA0P9K0ZGrjYmbmaXsbvPvpeU0=,eHi+S2F3UDsLryP+9WVX2FMrR4M=
36,5,rCA0P9K0ZGrjYmbmaXsbvPvpeU0=,eHi+S2F3UDsLryP+9WVX2FMrR4M=
34,3,rCA0P9K0ZGrjYmbmaXsbvPvpeU0=,eHi+S2F3UDsLryP+9WVX2FMrR4M=
37,3,rCA0P9K0ZGrjYmbmaXsbvPvpeU0=,eHi+S2F3UDsLryP+9WVX2FMrR4M=
37,4,rCA0P9K0ZGrjYmbmaXsbvPvpeU0=,eHi+S2F3UDsLryP+9WVX2FMrR4M=
35,3,rCA0P9K0ZGrjYmbmaXsbvPvpeU0=,eHi+S2F3UDsLryP+9WVX2FMrR4M=
36,3,rCA0P9K0ZGrjYmbmaXsbvPvpeU0=,eHi+S2F3UDsLryP+9WVX2FMrR4M=
35,5,rCA0P9K0ZGrjYmbmaXsbvPvpeU0=,eHi+S2F3UDsLryP+9WVX2FMrR4M=
40,7,rCA0P9K0ZGrjYmbmaXsbvPvpeU0=,rEcuj3JeLMFw6R4rG0/MJNhMd/M=
33,7,rCA0P9K0ZGrjYmbmaXsbvPvpeU0=,eHi+S2F3UDsLryP+9WVX2FMrR4M=
38,5,rCA0P9K0ZGrjYmbmaXsbvPvpeU0=,eHi+S2F3UDsLryP+9WVX2FMrR4M=
40,2,rCA0P9K0ZGrjYmbmaXsbvPvpeU0=,rEcuj3JeLMFw6R4rG0/MJNhMd/M=
34,0,rCA0P9K0ZGrjYmbmaXsbvPvpeU0=,eHi+S2F3UDsLryP+9WVX2FMrR4M=
36,4,rCA0P9K0ZGrjYmbmaXsbvPvpeU0=,eHi+S2F3UDsLryP+9WVX2FMrR4M=
34,5,rCA0P9K0ZGrjYmbmaXsbvPvpeU0=,eHi+S2F3UDsLryP+9WVX2FMrR4M=
36,0,rCA0P9K0ZGrjYmbmaXsbvPvpeU0=,eHi+S2F3UDsLryP+9WVX2FMrR4M=
32,7,rCA0P9K0ZGrjYmbmaXsbvPvpeU0=,eHi+S2F3UDsLryP+9WVX2FMrR4M=
39,3,rCA0P9K0ZGrjYmbmaXsbvPvpeU0=,eHi+S2F3UDsLryP+9WVX2FMrR4M=
40,1,rCA0P9K0ZGrjYmbmaXsbvPvpeU0=,rEcuj3JeLMFw6R4rG0/MJNhMd/M=
35,4,rCA0P9K0ZGrjYmbmaXsbvPvpeU0=,eHi+S2F3UDsLryP+9WVX2FMrR4M=
32,0,rCA0P9K0ZGrjYmbmaXsbvPvpeU0=,eHi+S2F3UDsLryP+9WVX2FMrR4M=
38,1,rCA0P9K0ZGrjYmbmaXsbvPvpeU0=,eHi+S2F3UDsLryP+9WVX2FMrR4M=
37,0,rCA0P9K0ZGrjYmbmaXsbvPvpeU0=,eHi+S2F3UDsLryP+9WVX2FMrR4M=
32,3,rCA0P9K0ZGrjYmbmaXsbvPvpeU0=,eHi+S2F3UDsLryP+9WVX2FMrR4M=
38,0,rCA0P9K0ZGrjYmbmaXsbvPvpeU0=,eHi+S2F3UDsLryP+9WVX2FMrR4M=
37,1,rCA0P9K0ZGrjYmbmaXsbvPvpeU0=,eHi+S2F3UDsLryP+9WVX2FMrR4M=
39,6,rCA0P9K0ZGrjYmbmaXsbvPvpeU0=,eHi+S2F3UDsLryP+9WVX2FMrR4M=
33,5,rCA0P9K0ZGrjYmbmaXsbvPvpeU0=,eHi+S2F3UDsLryP+9WVX2FMrR4M=
32,4,rCA0P9K0ZGrjYmbmaXsbvPvpeU0=,eHi+S2F3UDsLryP+9WVX2FMrR4M=
34,4,rCA0P9K0ZGrjYmbmaXsbvPvpeU0=,eHi+S2F3UDsLryP+9WVX2FMrR4M=
40,0,rCA0P9K0ZGrjYmbmaXsbvPvpeU0=,rEcuj3JeLMFw6R4rG0/MJNhMd/M=
38,6,rCA0P9K0ZGrjYmbmaXsbvPvpeU0=,eHi+S2F3UDsLryP+9WVX2FMrR4M=
40,6,rCA0P9K0ZGrjYmbmaXsbvPvpeU0=,rEcuj3JeLMFw6R4rG0/MJNhMd/M=
39,0,rCA0P9K0ZGrjYmbmaXsbvPvpeU0=,eHi+S2F3UDsLryP+9WVX2FMrR4M=
32,5,rCA0P9K0ZGrjYmbmaXsbvPvpeU0=,eHi+S2F3UDsLryP+9WVX2FMrR4M=
39,8,rCA0P9K0ZGrjYmbmaXsbvPvpeU0=,1k3wg1CGwMdw3jWq81+5hAABaPM=
39,5,rCA0P9K0ZGrjYmbmaXsbvPvpeU0=,eHi+S2F3UDsLryP+9WVX2FMrR4M=
37,6,rCA0P9K0ZGrjYmbmaXsbvPvpeU0=,eHi+S2F3UDsLryP+9WVX2FMrR4M=
38,8,rCA0P9K0ZGrjYmbmaXsbvPvpeU0=,1k3wg1CGwMdw3jWq81+5hAABaPM=
40,4,rCA0P9K0ZGrjYmbmaXsbvPvpeU0=,rEcuj3JeLMFw6R4rG0/MJNhMd/M=
36,6,rCA0P9K0ZGrjYmbmaXsbvPvpeU0=,eHi+S2F3UDsLryP+9WVX2FMrR4M=
37,8,rCA0P9K0ZGrjYmbmaXsbvPvpeU0=,1k3wg1CGwMdw3jWq81+5hAABaPM=
39,2,rCA0P9K0ZGrjYmbmaXsbvPvpeU0=,eHi+S2F3UDsLryP+9WVX2FMrR4M=
32,6,rCA0P9K0ZGrjYmbmaXsbvPvpeU0=,eHi+S2F3UDsLryP+9WVX2FMrR4M=
33,4,rCA0P9K0ZGrjYmbmaXsbvPvpeU0=,eHi+S2F3UDsLryP+9WVX2FMrR4M=
38,2,rCA0P9K0ZGrjYmbmaXsbvPvpeU0=,eHi+S2F3UDsLryP+9WVX2FMrR4M=
35,6,rCA0P9K0ZGrjYmbmaXsbvPvpeU0=,eHi+S2F3UDsLryP+9WVX2FMrR4M=
37,2,rCA0P9K0ZGrjYmbmaXsbvPvpeU0=,eHi+S2F3UDsLryP+9WVX2FMrR4M=
35,8,rCA0P9K0ZGrjYmbmaXsbvPvpeU0=,1k3wg1CGwMdw3jWq81+5hAABaPM=
36,8,rCA0P9K0ZGrjYmbmaXsbvPvpeU0=,1k3wg1CGwMdw3jWq81+5hAABaPM=
36,2,rCA0P9K0ZGrjYmbmaXsbvPvpeU0=,eHi+S2F3UDsLryP+9WVX2FMrR4M=
39,4,rCA0P9K0ZGrjYmbmaXsbvPvpeU0=,eHi+S2F3UDsLryP+9WVX2FMrR4M=
33,2,rCA0P9K0ZGrjYmbmaXsbvPvpeU0=,eHi+S2F3UDsLryP+9WVX2FMrR4M=
34,2,rCA0P9K0ZGrjYmbmaXsbvPvpeU0=,eHi+S2F3UDsLryP+9WVX2FMrR4M=
36,1,rCA0P9K0ZGrjYmbmaXsbvPvpeU0=,eHi+S2F3UDsLryP+9WVX2FMrR4M=
34,8,rCA0P9K0ZGrjYmbmaXsbvPvpeU0=,1k3wg1CGwMdw3jWq81+5hAABaPM=
33,6,rCA0P9K0ZGrjYmbmaXsbvPvpeU0=,eHi+S2F3UDsLryP+9WVX2FMrR4M=
33,0,rCA0P9K0ZGrjYmbmaXsbvPvpeU0=,eHi+S2F3UDsLryP+9WVX2FMrR4M=
34,1,rCA0P9K0ZGrjYmbmaXsbvPvpeU0=,eHi+S2F3UDsLryP+9WVX2FMrR4M=
33,1,rCA0P9K0ZGrjYmbmaXsbvPvpeU0=,eHi+S2F3UDsLryP+9WVX2FMrR4M=
40,5,rCA0P9K0ZGrjYmbmaXsbvPvpeU0=,rEcuj3JeLMFw6R4rG0/MJNhMd/M=
32,1,rCA0P9K0ZGrjYmbmaXsbvPvpeU0=,eHi+S2F3UDsLryP+9WVX2FMrR4M=
39,7,rCA0P9K0ZGrjYmbmaXsbvPvpeU0=,eHi+S2F3UDsLryP+9WVX2FMrR4M=
34,6,rCA0P9K0ZGrjYmbmaXsbvPvpeU0=,eHi+S2F3UDsLryP+9WVX2FMrR4M=
32,8,rCA0P9K0ZGrjYmbmaXsbvPvpeU0=,1k3wg1CGwMdw3jWq81+5hAABaPM=
33,8,rCA0P9K0ZGrjYmbmaXsbvPvpeU0=,1k3wg1CGwMdw3jWq81+5hAABaPM=
35,0,rCA0P9K0ZGrjYmbmaXsbvPvpeU0=,eHi+S2F3UDsLryP+9WVX2FMrR4M=
35,1,rCA0P9K0ZGrjYmbmaXsbvPvpeU0=,eHi+S2F3UDsLryP+9WVX2FMrR4M=
35,2,rCA0P9K0ZGrjYmbmaXsbvPvpeU0=,eHi+S2F3UDsLryP+9WVX2FMrR4M=
55,15,ynqJTmMLVIW2FEvSRqY5OB3vvMk=,fnUK00OK0lvS1W6mDxL5eTTzzJk=
52,11,ynqJTmMLVIW2FEvSRqY5OB3vvMk=,fnUK00OK0lvS1W6mDxL5eTTzzJk=
54,15,ynqJTmMLVIW2FEvSRqY5OB3vvMk=,fnUK00OK0lvS1W6mDxL5eTTzzJk=
53,15,ynqJTmMLVIW2FEvSRqY5OB3vvMk=,fnUK00OK0lvS1W6mDxL5eTTzzJk=
52,15,ynqJTmMLVIW2FEvSRqY5OB3vvMk=,fnUK00OK0lvS1W6mDxL5eTTzzJk=
51,15,lwUQ74SkLxSv+32kQ99gzlMlemk=,fnUK00OK0lvS1W6mDxL5eTTzzJk=
51,11,lwUQ74SkLxSv+32kQ99gzlMlemk=,fnUK00OK0lvS1W6mDxL5eTTzzJk=
50,11,lwUQ74SkLxSv+32kQ99gzlMlemk=,fnUK00OK0lvS1W6mDxL5eTTzzJk=
49,11,lwUQ74SkLxSv+32kQ99gzlMlemk=,fnUK00OK0lvS1W6mDxL5eTTzzJk=
50,15,lwUQ74SkLxSv+32kQ99gzlMlemk=,fnUK00OK0lvS1W6mDxL5eTTzzJk=
48,11,lwUQ74SkLxSv+32kQ99gzlMlemk=,fnUK00OK0lvS1W6mDxL5eTTzzJk=
55,10,lwUQ74SkLxSv+32kQ99gzlMlemk=,fnUK00OK0lvS1W6mDxL5eTTzzJk=
54,10,lwUQ74SkLxSv+32kQ99gzlMlemk=,fnUK00OK0lvS1W6mDxL5eTTzzJk=
53,10,lwUQ74SkLxSv+32kQ99gzlMlemk=,fnUK00OK0lvS1W6mDxL5eTTzzJk=
49,15,lwUQ74SkLxSv+32kQ99gzlMlemk=,fnUK00OK0lvS1W6mDxL5eTTzzJk=
52,10,lwUQ74SkLxSv+32kQ99gzlMlemk=,fnUK00OK0lvS1W6mDxL5eTTzzJk=
48,15,lwUQ74SkLxSv+32kQ99gzlMlemk=,fnUK00OK0lvS1W6mDxL5eTTzzJk=
51,10,lwUQ74SkLxSv+32kQ99gzlMlemk=,fnUK00OK0lvS1W6mDxL5eTTzzJk=
50,10,lwUQ74SkLxSv+32kQ99gzlMlemk=,fnUK00OK0lvS1W6mDxL5eTTzzJk=
49,10,lwUQ74SkLxSv+32kQ99gzlMlemk=,fnUK00OK0lvS1W6mDxL5eTTzzJk=
55,14,lwUQ74SkLxSv+32kQ99gzlMlemk=,fnUK00OK0lvS1W6mDxL5eTTzzJk=
48,10,lwUQ74SkLxSv+32kQ99gzlMlemk=,fnUK00OK0lvS1W6mDxL5eTTzzJk=
55,9,lwUQ74SkLxSv+32kQ99gzlMlemk=,fnUK00OK0lvS1W6mDxL5eTTzzJk=
54,14,lwUQ74SkLxSv+32kQ99gzlMlemk=,fnUK00OK0lvS1W6mDxL5eTTzzJk=
54,9,lwUQ74SkLxSv+32kQ99gzlMlemk=,fnUK00OK0lvS1W6mDxL5eTTzzJk=
53,9,lwUQ74SkLxSv+32kQ99gzlMlemk=,fnUK00OK0lvS1W6mDxL5eTTzzJk=
53,14,lwUQ74SkLxSv+32kQ99gzlMlemk=,fnUK00OK0lvS1W6mDxL5eTTzzJk=
52,9,lwUQ74SkLxSv+32kQ99gzlMlemk=,fnUK00OK0lvS1W6mDxL5eTTzzJk=
51,9,lwUQ74SkLxSv+32kQ99gzlMlemk=,fnUK00OK0lvS1W6mDxL5eTTzzJk=
52,14,lwUQ74SkLxSv+32kQ99gzlMlemk=,fnUK00OK0lvS1W6mDxL5eTTzzJk=
50,9,lwUQ74SkLxSv+32kQ99gzlMlemk=,fnUK00OK0lvS1W6mDxL5eTTzzJk=
49,9,lwUQ74SkLxSv+32kQ99gzlMlemk=,fnUK00OK0lvS1W6mDxL5eTTzzJk=
48,9,lwUQ74SkLxSv+32kQ99gzlMlemk=,fnUK00OK0lvS1W6mDxL5eTTzzJk=
51,14,lwUQ74SkLxSv+32kQ99gzlMlemk=,fnUK00OK0lvS1W6mDxL5eTTzzJk=
50,14,lwUQ74SkLxSv+32kQ99gzlMlemk=,fnUK00OK0lvS1W6mDxL5eTTzzJk=
49,14,lwUQ74SkLxSv+32kQ99gzlMlemk=,fnUK00OK0lvS1W6mDxL5eTTzzJk=
48,14,lwUQ74SkLxSv+32kQ99gzlMlemk=,fnUK00OK0lvS1W6mDxL5eTTzzJk=
55,13,lwUQ74SkLxSv+32kQ99gzlMlemk=,fnUK00OK0lvS1W6mDxL5eTTzzJk=
54,13,lwUQ74SkLxSv+32kQ99gzlMlemk=,fnUK00OK0lvS1W6mDxL5eTTzzJk=
53,13,lwUQ74SkLxSv+32kQ99gzlMlemk=,fnUK00OK0lvS1W6mDxL5eTTzzJk=
52,13,lwUQ74SkLxSv+32kQ99gzlMlemk=,fnUK00OK0lvS1W6mDxL5eTTzzJk=
51,13,lwUQ74SkLxSv+32kQ99gzlMlemk=,fnUK00OK0lvS1W6mDxL5eTTzzJk=
49,13,lwUQ74SkLxSv+32kQ99gzlMlemk=,fnUK00OK0lvS1W6mDxL5eTTzzJk=
48,13,lwUQ74SkLxSv+32kQ99gzlMlemk=,fnUK00OK0lvS1W6mDxL5eTTzzJk=
50,13,lwUQ74SkLxSv+32kQ99gzlMlemk=,fnUK00OK0lvS1W6mDxL5eTTzzJk=
55,12,lwUQ74SkLxSv+32kQ99gzlMlemk=,fnUK00OK0lvS1W6mDxL5eTTzzJk=
53,12,lwUQ74SkLxSv+32kQ99gzlMlemk=,fnUK00OK0lvS1W6mDxL5eTTzzJk=
54,12,lwUQ74SkLxSv+32kQ99gzlMlemk=,fnUK00OK0lvS1W6mDxL5eTTzzJk=
52,12,lwUQ74SkLxSv+32kQ99gzlMlemk=,fnUK00OK0lvS1W6mDxL5eTTzzJk=
51,12,lwUQ74SkLxSv+32kQ99gzlMlemk=,fnUK00OK0lvS1W6mDxL5eTTzzJk=
50,12,lwUQ74SkLxSv+32kQ99gzlMlemk=,fnUK00OK0lvS1W6mDxL5eTTzzJk=
49,12,lwUQ74SkLxSv+32kQ99gzlMlemk=,fnUK00OK0lvS1W6mDxL5eTTzzJk=
48,12,lwUQ74SkLxSv+32kQ99gzlMlemk=,fnUK00OK0lvS1W6mDxL5eTTzzJk=
55,11,lwUQ74SkLxSv+32kQ99gzlMlemk=,fnUK00OK0lvS1W6mDxL5eTTzzJk=
54,11,lwUQ74SkLxSv+32kQ99gzlMlemk=,fnUK00OK0lvS1W6mDxL5eTTzzJk=
53,11,lwUQ74SkLxSv+32kQ99gzlMlemk=,fnUK00OK0lvS1W6mDxL5eTTzzJk=
55,1,lwUQ74SkLxSv+32kQ99gzlMlemk=,EvGiGrfmtz5HPsi5LEX4jTtMBl4=
54,4,lwUQ74SkLxSv+32kQ99gzlMlemk=,EvGiGrfmtz5HPsi5LEX4jTtMBl4=
55,4,lwUQ74SkLxSv+32kQ99gzlMlemk=,EvGiGrfmtz5HPsi5LEX4jTtMBl4=
51,5,lwUQ74SkLxSv+32kQ99gzlMlemk=,EvGiGrfmtz5HPsi5LEX4jTtMBl4=
48,5,lwUQ74SkLxSv+32kQ99gzlMlemk=,EvGiGrfmtz5HPsi5LEX4jTtMBl4=
54,3,lwUQ74SkLxSv+32kQ99gzlMlemk=,EvGiGrfmtz5HPsi5LEX4jTtMBl4=
55,3,lwUQ74SkLxSv+32kQ99gzlMlemk=,EvGiGrfmtz5HPsi5LEX4jTtMBl4=
50,5,lwUQ74SkLxSv+32kQ99gzlMlemk=,EvGiGrfmtz5HPsi5LEX4jTtMBl4=
48,4,lwUQ74SkLxSv+32kQ99gzlMlemk=,EvGiGrfmtz5HPsi5LEX4jTtMBl4=
49,5,lwUQ74SkLxSv+32kQ99gzlMlemk=,EvGiGrfmtz5HPsi5LEX4jTtMBl4=
53,4,lwUQ74SkLxSv+32kQ99gzlMlemk=,EvGiGrfmtz5HPsi5LEX4jTtMBl4=
54,1,lwUQ74SkLxSv+32kQ99gzlMlemk=,EvGiGrfmtz5HPsi5LEX4jTtMBl4=
52,4,lwUQ74SkLxSv+32kQ99gzlMlemk=,EvGiGrfmtz5HPsi5LEX4jTtMBl4=
49,4,lwUQ74SkLxSv+32kQ99gzlMlemk=,EvGiGrfmtz5HPsi5LEX4jTtMBl4=
49,0,lwUQ74SkLxSv+32kQ99gzlMlemk=,EvGiGrfmtz5HPsi5LEX4jTtMBl4=
50,0,lwUQ74SkLxSv+32kQ99gzlMlemk=,EvGiGrfmtz5HPsi5LEX4jTtMBl4=
49,1,lwUQ74SkLxSv+32kQ99gzlMlemk=,EvGiGrfmtz5HPsi5LEX4jTtMBl4=
51,4,lwUQ74SkLxSv+32kQ99gzlMlemk=,EvGiGrfmtz5HPsi5LEX4jTtMBl4=
53,3,lwUQ74SkLxSv+32kQ99gzlMlemk=,EvGiGrfmtz5HPsi5LEX4jTtMBl4=
52,3,lwUQ74SkLxSv+32kQ99gzlMlemk=,EvGiGrfmtz5HPsi5LEX4jTtMBl4=
55,8,lwUQ74SkLxSv+32kQ99gzlMlemk=,fnUK00OK0lvS1W6mDxL5eTTzzJk=
54,8,lwUQ74SkLxSv+32kQ99gzlMlemk=,fnUK00OK0lvS1W6mDxL5eTTzzJk=
55,0,lwUQ74SkLxSv+32kQ99gzlMlemk=,EvGiGrfmtz5HPsi5LEX4jTtMBl4=
53,8,lwUQ74SkLxSv+32kQ99gzlMlemk=,fnUK00OK0lvS1W6mDxL5eTTzzJk=
52,8,lwUQ74SkLxSv+32kQ99gzlMlemk=,fnUK00OK0lvS1W6mDxL5eTTzzJk=
53,1,lwUQ74SkLxSv+32kQ99gzlMlemk=,EvGiGrfmtz5HPsi5LEX4jTtMBl4=
51,8,lwUQ74SkLxSv+32kQ99gzlMlemk=,fnUK00OK0lvS1W6mDxL5eTTzzJk=
50,8,lwUQ74SkLxSv+32kQ99gzlMlemk=,fnUK00OK0lvS1W6mDxL5eTTzzJk=
49,8,lwUQ74SkLxSv+32kQ99gzlMlemk=,fnUK00OK0lvS1W6mDxL5eTTzzJk=
48,8,lwUQ74SkLxSv+32kQ99gzlMlemk=,fnUK00OK0lvS1W6mDxL5eTTzzJk=
55,7,lwUQ74SkLxSv+32kQ99gzlMlemk=,EvGiGrfmtz5HPsi5LEX4jTtMBl4=
54,7,lwUQ74SkLxSv+32kQ99gzlMlemk=,EvGiGrfmtz5HPsi5LEX4jTtMBl4=
48,1,lwUQ74SkLxSv+32kQ99gzlMlemk=,EvGiGrfmtz5HPsi5LEX4jTtMBl4=
53,7,lwUQ74SkLxSv+32kQ99gzlMlemk=,EvGiGrfmtz5HPsi5LEX4jTtMBl4=
54,0,lwUQ74SkLxSv+32kQ99gzlMlemk=,EvGiGrfmtz5HPsi5LEX4jTtMBl4=
52,7,lwUQ74SkLxSv+32kQ99gzlMlemk=,EvGiGrfmtz5HPsi5LEX4jTtMBl4=
51,3,lwUQ74SkLxSv+32kQ99gzlMlemk=,EvGiGrfmtz5HPsi5LEX4jTtMBl4=
48,0,lwUQ74SkLxSv+32kQ99gzlMlemk=,EvGiGrfmtz5HPsi5LEX4jTtMBl4=
51,7,lwUQ74SkLxSv+32kQ99gzlMlemk=,EvGiGrfmtz5HPsi5LEX4jTtMBl4=
50,7,lwUQ74SkLxSv+32kQ99gzlMlemk=,EvGiGrfmtz5HPsi5LEX4jTtMBl4=
50,1,lwUQ74SkLxSv+32kQ99gzlMlemk=,EvGiGrfmtz5HPsi5LEX4jTtMBl4=
50,4,lwUQ74SkLxSv+32kQ99gzlMlemk=,EvGiGrfmtz5HPsi5LEX4jTtMBl4=
48,7,lwUQ74SkLxSv+32kQ99gzlMlemk=,EvGiGrfmtz5HPsi5LEX4jTtMBl4=
55,6,lwUQ74SkLxSv+32kQ99gzlMlemk=,EvGiGrfmtz5HPsi5LEX4jTtMBl4=
54,6,lwUQ74SkLxSv+32kQ99gzlMlemk=,EvGiGrfmtz5HPsi5LEX4jTtMBl4=
52,1,lwUQ74SkLxSv+32kQ99gzlMlemk=,EvGiGrfmtz5HPsi5LEX4jTtMBl4=
53,6,lwUQ74SkLxSv+32kQ99gzlMlemk=,EvGiGrfmtz5HPsi5LEX4jTtMBl4=
49,7,lwUQ74SkLxSv+32kQ99gzlMlemk=,EvGiGrfmtz5HPsi5LEX4jTtMBl4=
48,2,lwUQ74SkLxSv+32kQ99gzlMlemk=,EvGiGrfmtz5HPsi5LEX4jTtMBl4=
49,2,lwUQ74SkLxSv+32kQ99gzlMlemk=,EvGiGrfmtz5HPsi5LEX4jTtMBl4=
50,3,lwUQ74SkLxSv+32kQ99gzlMlemk=,EvGiGrfmtz5HPsi5LEX4jTtMBl4=
53,0,lwUQ74SkLxSv+32kQ99gzlMlemk=,EvGiGrfmtz5HPsi5LEX4jTtMBl4=
52,6,lwUQ74SkLxSv+32kQ99gzlMlemk=,EvGiGrfmtz5HPsi5LEX4jTtMBl4=
51,0,lwUQ74SkLxSv+32kQ99gzlMlemk=,EvGiGrfmtz5HPsi5LEX4jTtMBl4=
50,2,lwUQ74SkLxSv+32kQ99gzlMlemk=,EvGiGrfmtz5HPsi5LEX4jTtMBl4=
51,6,lwUQ74SkLxSv+32kQ99gzlMlemk=,EvGiGrfmtz5HPsi5LEX4jTtMBl4=
51,2,lwUQ74SkLxSv+32kQ99gzlMlemk=,EvGiGrfmtz5HPsi5LEX4jTtMBl4=
52,2,lwUQ74SkLxSv+32kQ99gzlMlemk=,EvGiGrfmtz5HPsi5LEX4jTtMBl4=
53,2,lwUQ74SkLxSv+32kQ99gzlMlemk=,EvGiGrfmtz5HPsi5LEX4jTtMBl4=
50,6,lwUQ74SkLxSv+32kQ99gzlMlemk=,EvGiGrfmtz5HPsi5LEX4jTtMBl4=
49,6,lwUQ74SkLxSv+32kQ99gzlMlemk=,EvGiGrfmtz5HPsi5LEX4jTtMBl4=
49,3,lwUQ74SkLxSv+32kQ99gzlMlemk=,EvGiGrfmtz5HPsi5LEX4jTtMBl4=
51,1,lwUQ74SkLxSv+32kQ99gzlMlemk=,EvGiGrfmtz5HPsi5LEX4jTtMBl4=
54,2,lwUQ74SkLxSv+32kQ99gzlMlemk=,EvGiGrfmtz5HPsi5LEX4jTtMBl4=
48,6,lwUQ74SkLxSv+32kQ99gzlMlemk=,EvGiGrfmtz5HPsi5LEX4jTtMBl4=
55,5,lwUQ74SkLxSv+32kQ99gzlMlemk=,EvGiGrfmtz5HPsi5LEX4jTtMBl4=
54,5,lwUQ74SkLxSv+32kQ99gzlMlemk=,EvGiGrfmtz5HPsi5LEX4jTtMBl4=
55,2,lwUQ74SkLxSv+32kQ99gzlMlemk=,EvGiGrfmtz5HPsi5LEX4jTtMBl4=
52,0,lwUQ74SkLxSv+32kQ99gzlMlemk=,EvGiGrfmtz5HPsi5LEX4jTtMBl4=
53,5,lwUQ74SkLxSv+32kQ99gzlMlemk=,EvGiGrfmtz5HPsi5LEX4jTtMBl4=
48,3,lwUQ74SkLxSv+32kQ99gzlMlemk=,EvGiGrfmtz5HPsi5LEX4jTtMBl4=
52,5,lwUQ74SkLxSv+32kQ99gzlMlemk=,EvGiGrfmtz5HPsi5LEX4jTtMBl4=
